<?xml version="1.0"?>
<VTKFile type="UnstructuredGrid" version="0.1" byte_order="LittleEndian">
  <UnstructuredGrid>
    <Piece NumberOfPoints="5515" NumberOfCells="10966">
      <Points>
        <DataArray type="Float32" NumberOfComponents="3" format="ascii">
 -1.000000000000000e+00 -1.000000000000000e+00 0.000000000000000e+00
 0.000000000000000e+00 -1.000000000000000e+00 0.000000000000000e+00
 1.000000000000000e+00 -1.000000000000000e+00 0.000000000000000e+00
 -1.000000000000000e+00 0.000000000000000e+00 0.000000000000000e+00
 0.000000000000000e+00 0.000000000000000e+00 0.000000000000000e+00
 1.000000000000000e+00 0.000000000000000e+00 0.000000000000000e+00
 -1.000000000000000e+00 1.000000000000000e+00 0.000000000000000e+00
 0.000000000000000e+00 1.000000000000000e+00 0.000000000000000e+00
 1.000000000000000e+00 1.000000000000000e+00 0.000000000000000e+00
 -5.000000000000000e-01 -5.000000000000000e-01 0.000000000000000e+00
 5.000000000000000e-01 -5.000000000000000e-01 0.000000000000000e+00
 -5.000000000000000e-01 5.000000000000000e-01 0.000000000000000e+00
 5.000000000000000e-01 5.000000000000000e-01 0.000000000000000e+00
 -5.000000000000000e-01 -1.000000000000000e+00 0.000000000000000e+00
 0.000000000000000e+00 -5.000000000000000e-01 0.000000000000000e+00
 -5.000000000000000e-01 0.000000000000000e+00 0.000000000000000e+00
 -1.000000000000000e+00 -5.000000000000000e-01 0.000000000000000e+00
 1.000000000000000e+00 -5.000000000000000e-01 0.000000000000000e+00
 5.000000000000000e-01 -1.000000000000000e+00 0.000000000000000e+00
 5.000000000000000e-01 0.000000000000000e+00 0.000000000000000e+00
 0.000000000000000e+00 5.000000000000000e-01 0.000000000000000e+00
 -5.000000000000000e-01 1.000000000000000e+00 0.000000000000000e+00
 -1.000000000000000e+00 5.000000000000000e-01 0.000000000000000e+00
 1.000000000000000e+00 5.000000000000000e-01 0.000000000000000e+00
 5.000000000000000e-01 1.000000000000000e+00 0.000000000000000e+00
 -7.500000000000000e-01 -7.500000000000000e-01 0.000000000000000e+00
 -2.500000000000000e-01 -7.500000000000000e-01 0.000000000000000e+00
 -2.500000000000000e-01 -2.500000000000000e-01 0.000000000000000e+00
 -7.500000000000000e-01 -2.500000000000000e-01 0.000000000000000e+00
 2.500000000000000e-01 -7.500000000000000e-01 0.000000000000000e+00
 7.500000000000000e-01 -7.500000000000000e-01 0.000000000000000e+00
 7.500000000000000e-01 -2.500000000000000e-01 0.000000000000000e+00
 2.500000000000000e-01 -2.500000000000000e-01 0.000000000000000e+00
 -7.500000000000000e-01 2.500000000000000e-01 0.000000000000000e+00
 -2.500000000000000e-01 2.500000000000000e-01 0.000000000000000e+00
 -2.500000000000000e-01 7.500000000000000e-01 0.000000000000000e+00
 -7.500000000000000e-01 7.500000000000000e-01 0.000000000000000e+00
 2.500000000000000e-01 2.500000000000000e-01 0.000000000000000e+00
 7.500000000000000e-01 2.500000000000000e-01 0.000000000000000e+00
 7.500000000000000e-01 7.500000000000000e-01 0.000000000000000e+00
 2.500000000000000e-01 7.500000000000000e-01 0.000000000000000e+00
 -5.000000000000000e-01 -7.500000000000000e-01 0.000000000000000e+00
 -7.500000000000000e-01 -1.000000000000000e+00 0.000000000000000e+00
 -2.500000000000000e-01 -1.000000000000000e+00 0.000000000000000e+00
 -2.500000000000000e-01 -5.000000000000000e-01 0.000000000000000e+00
 0.000000000000000e+00 -7.500000000000000e-01 0.000000000000000e+00
 0.000000000000000e+00 -2.500000000000000e-01 0.000000000000000e+00
 -5.000000000000000e-01 -2.500000000000000e-01 0.000000000000000e+00
 -2.500000000000000e-01 0.000000000000000e+00 0.000000000000000e+00
 -7.500000000000000e-01 0.000000000000000e+00 0.000000000000000e+00
 -7.500000000000000e-01 -5.000000000000000e-01 0.000000000000000e+00
 -1.000000000000000e+00 -2.500000000000000e-01 0.000000000000000e+00
 1.000000000000000e+00 -2.500000000000000e-01 0.000000000000000e+00
 -1.000000000000000e+00 -7.500000000000000e-01 0.000000000000000e+00
 1.000000000000000e+00 -7.500000000000000e-01 0.000000000000000e+00
 5.000000000000000e-01 -7.500000000000000e-01 0.000000000000000e+00
 2.500000000000000e-01 -1.000000000000000e+00 0.000000000000000e+00
 7.500000000000000e-01 -1.000000000000000e+00 0.000000000000000e+00
 7.500000000000000e-01 -5.000000000000000e-01 0.000000000000000e+00
 5.000000000000000e-01 -2.500000000000000e-01 0.000000000000000e+00
 7.500000000000000e-01 0.000000000000000e+00 0.000000000000000e+00
 2.500000000000000e-01 0.000000000000000e+00 0.000000000000000e+00
 2.500000000000000e-01 -5.000000000000000e-01 0.000000000000000e+00
 -5.000000000000000e-01 2.500000000000000e-01 0.000000000000000e+00
 -2.500000000000000e-01 5.000000000000000e-01 0.000000000000000e+00
 0.000000000000000e+00 2.500000000000000e-01 0.000000000000000e+00
 0.000000000000000e+00 7.500000000000000e-01 0.000000000000000e+00
 -5.000000000000000e-01 7.500000000000000e-01 0.000000000000000e+00
 -2.500000000000000e-01 1.000000000000000e+00 0.000000000000000e+00
 -7.500000000000000e-01 1.000000000000000e+00 0.000000000000000e+00
 -7.500000000000000e-01 5.000000000000000e-01 0.000000000000000e+00
 -1.000000000000000e+00 7.500000000000000e-01 0.000000000000000e+00
 1.000000000000000e+00 7.500000000000000e-01 0.000000000000000e+00
 -1.000000000000000e+00 2.500000000000000e-01 0.000000000000000e+00
 1.000000000000000e+00 2.500000000000000e-01 0.000000000000000e+00
 5.000000000000000e-01 2.500000000000000e-01 0.000000000000000e+00
 7.500000000000000e-01 5.000000000000000e-01 0.000000000000000e+00
 5.000000000000000e-01 7.500000000000000e-01 0.000000000000000e+00
 7.500000000000000e-01 1.000000000000000e+00 0.000000000000000e+00
 2.500000000000000e-01 1.000000000000000e+00 0.000000000000000e+00
 2.500000000000000e-01 5.000000000000000e-01 0.000000000000000e+00
 -6.250000000000000e-01 -8.750000000000000e-01 0.000000000000000e+00
 -6.250000000000000e-01 -6.250000000000000e-01 0.000000000000000e+00
 -8.750000000000000e-01 -8.750000000000000e-01 0.000000000000000e+00
 -3.750000000000000e-01 -8.750000000000000e-01 0.000000000000000e+00
 -1.250000000000000e-01 -8.750000000000000e-01 0.000000000000000e+00
 -3.750000000000000e-01 -6.250000000000000e-01 0.000000000000000e+00
 -1.250000000000000e-01 -6.250000000000000e-01 0.000000000000000e+00
 -1.250000000000000e-01 -3.750000000000000e-01 0.000000000000000e+00
 -1.250000000000000e-01 -1.250000000000000e-01 0.000000000000000e+00
 -3.750000000000000e-01 -3.750000000000000e-01 0.000000000000000e+00
 -3.750000000000000e-01 -1.250000000000000e-01 0.000000000000000e+00
 -6.250000000000000e-01 -1.250000000000000e-01 0.000000000000000e+00
 -8.750000000000000e-01 -1.250000000000000e-01 0.000000000000000e+00
 -6.250000000000000e-01 -3.750000000000000e-01 0.000000000000000e+00
 -8.750000000000000e-01 -3.750000000000000e-01 0.000000000000000e+00
 -8.750000000000000e-01 -6.250000000000000e-01 0.000000000000000e+00
 3.750000000000000e-01 -8.750000000000000e-01 0.000000000000000e+00
 3.750000000000000e-01 -6.250000000000000e-01 0.000000000000000e+00
 1.250000000000000e-01 -8.750000000000000e-01 0.000000000000000e+00
 6.250000000000000e-01 -8.750000000000000e-01 0.000000000000000e+00
 8.750000000000000e-01 -8.750000000000000e-01 0.000000000000000e+00
 6.250000000000000e-01 -6.250000000000000e-01 0.000000000000000e+00
 8.750000000000000e-01 -6.250000000000000e-01 0.000000000000000e+00
 8.750000000000000e-01 -3.750000000000000e-01 0.000000000000000e+00
 8.750000000000000e-01 -1.250000000000000e-01 0.000000000000000e+00
 6.250000000000000e-01 -3.750000000000000e-01 0.000000000000000e+00
 6.250000000000000e-01 -1.250000000000000e-01 0.000000000000000e+00
 3.750000000000000e-01 -1.250000000000000e-01 0.000000000000000e+00
 1.250000000000000e-01 -1.250000000000000e-01 0.000000000000000e+00
 3.750000000000000e-01 -3.750000000000000e-01 0.000000000000000e+00
 1.250000000000000e-01 -3.750000000000000e-01 0.000000000000000e+00
 1.250000000000000e-01 -6.250000000000000e-01 0.000000000000000e+00
 -6.250000000000000e-01 1.250000000000000e-01 0.000000000000000e+00
 -6.250000000000000e-01 3.750000000000000e-01 0.000000000000000e+00
 -8.750000000000000e-01 1.250000000000000e-01 0.000000000000000e+00
 -3.750000000000000e-01 1.250000000000000e-01 0.000000000000000e+00
 -1.250000000000000e-01 1.250000000000000e-01 0.000000000000000e+00
 -3.750000000000000e-01 3.750000000000000e-01 0.000000000000000e+00
 -1.250000000000000e-01 3.750000000000000e-01 0.000000000000000e+00
 -1.250000000000000e-01 6.250000000000000e-01 0.000000000000000e+00
 -1.250000000000000e-01 8.750000000000000e-01 0.000000000000000e+00
 -3.750000000000000e-01 6.250000000000000e-01 0.000000000000000e+00
 -3.750000000000000e-01 8.750000000000000e-01 0.000000000000000e+00
 -6.250000000000000e-01 8.750000000000000e-01 0.000000000000000e+00
 -8.750000000000000e-01 8.750000000000000e-01 0.000000000000000e+00
 -6.250000000000000e-01 6.250000000000000e-01 0.000000000000000e+00
 -8.750000000000000e-01 6.250000000000000e-01 0.000000000000000e+00
 -8.750000000000000e-01 3.750000000000000e-01 0.000000000000000e+00
 3.750000000000000e-01 1.250000000000000e-01 0.000000000000000e+00
 3.750000000000000e-01 3.750000000000000e-01 0.000000000000000e+00
 1.250000000000000e-01 1.250000000000000e-01 0.000000000000000e+00
 6.250000000000000e-01 1.250000000000000e-01 0.000000000000000e+00
 8.750000000000000e-01 1.250000000000000e-01 0.000000000000000e+00
 6.250000000000000e-01 3.750000000000000e-01 0.000000000000000e+00
 8.750000000000000e-01 3.750000000000000e-01 0.000000000000000e+00
 8.750000000000000e-01 6.250000000000000e-01 0.000000000000000e+00
 8.750000000000000e-01 8.750000000000000e-01 0.000000000000000e+00
 6.250000000000000e-01 6.250000000000000e-01 0.000000000000000e+00
 6.250000000000000e-01 8.750000000000000e-01 0.000000000000000e+00
 3.750000000000000e-01 8.750000000000000e-01 0.000000000000000e+00
 1.250000000000000e-01 8.750000000000000e-01 0.000000000000000e+00
 3.750000000000000e-01 6.250000000000000e-01 0.000000000000000e+00
 1.250000000000000e-01 6.250000000000000e-01 0.000000000000000e+00
 1.250000000000000e-01 3.750000000000000e-01 0.000000000000000e+00
 -5.000000000000000e-01 3.750000000000000e-01 0.000000000000000e+00
 -2.500000000000000e-01 3.750000000000000e-01 0.000000000000000e+00
 -1.250000000000000e-01 5.000000000000000e-01 0.000000000000000e+00
 -3.750000000000000e-01 5.000000000000000e-01 0.000000000000000e+00
 0.000000000000000e+00 3.750000000000000e-01 0.000000000000000e+00
 -1.250000000000000e-01 7.500000000000000e-01 0.000000000000000e+00
 0.000000000000000e+00 6.250000000000000e-01 0.000000000000000e+00
 -2.500000000000000e-01 6.250000000000000e-01 0.000000000000000e+00
 -3.750000000000000e-01 7.500000000000000e-01 0.000000000000000e+00
 -5.000000000000000e-01 6.250000000000000e-01 0.000000000000000e+00
 -7.500000000000000e-01 8.750000000000000e-01 0.000000000000000e+00
 -6.250000000000000e-01 7.500000000000000e-01 0.000000000000000e+00
 -8.750000000000000e-01 7.500000000000000e-01 0.000000000000000e+00
 -1.000000000000000e+00 8.750000000000000e-01 0.000000000000000e+00
 1.000000000000000e+00 8.750000000000000e-01 0.000000000000000e+00
 5.000000000000000e-01 3.750000000000000e-01 0.000000000000000e+00
 8.750000000000000e-01 7.500000000000000e-01 0.000000000000000e+00
 6.250000000000000e-01 7.500000000000000e-01 0.000000000000000e+00
 7.500000000000000e-01 8.750000000000000e-01 0.000000000000000e+00
 3.750000000000000e-01 7.500000000000000e-01 0.000000000000000e+00
 5.000000000000000e-01 6.250000000000000e-01 0.000000000000000e+00
 2.500000000000000e-01 6.250000000000000e-01 0.000000000000000e+00
 1.250000000000000e-01 5.000000000000000e-01 0.000000000000000e+00
 3.750000000000000e-01 5.000000000000000e-01 0.000000000000000e+00
 1.250000000000000e-01 7.500000000000000e-01 0.000000000000000e+00
 2.500000000000000e-01 3.750000000000000e-01 0.000000000000000e+00
 -4.375000000000000e-01 4.375000000000000e-01 0.000000000000000e+00
 -1.875000000000000e-01 4.375000000000000e-01 0.000000000000000e+00
 -6.250000000000000e-02 4.375000000000000e-01 0.000000000000000e+00
 -3.125000000000000e-01 4.375000000000000e-01 0.000000000000000e+00
 -6.250000000000000e-02 6.875000000000000e-01 0.000000000000000e+00
 -1.875000000000000e-01 6.875000000000000e-01 0.000000000000000e+00
 -6.250000000000000e-02 5.625000000000000e-01 0.000000000000000e+00
 -3.125000000000000e-01 5.625000000000000e-01 0.000000000000000e+00
 -3.125000000000000e-01 6.875000000000000e-01 0.000000000000000e+00
 -4.375000000000000e-01 5.625000000000000e-01 0.000000000000000e+00
 -1.875000000000000e-01 5.625000000000000e-01 0.000000000000000e+00
 -4.375000000000000e-01 6.875000000000000e-01 0.000000000000000e+00
 -6.875000000000000e-01 8.125000000000000e-01 0.000000000000000e+00
 -8.125000000000000e-01 8.125000000000000e-01 0.000000000000000e+00
 -9.375000000000000e-01 8.125000000000000e-01 0.000000000000000e+00
 4.375000000000000e-01 4.375000000000000e-01 0.000000000000000e+00
 9.375000000000000e-01 8.125000000000000e-01 0.000000000000000e+00
 8.125000000000000e-01 8.125000000000000e-01 0.000000000000000e+00
 6.875000000000000e-01 8.125000000000000e-01 0.000000000000000e+00
 4.375000000000000e-01 6.875000000000000e-01 0.000000000000000e+00
 3.125000000000000e-01 6.875000000000000e-01 0.000000000000000e+00
 4.375000000000000e-01 5.625000000000000e-01 0.000000000000000e+00
 1.875000000000000e-01 5.625000000000000e-01 0.000000000000000e+00
 1.875000000000000e-01 6.875000000000000e-01 0.000000000000000e+00
 6.250000000000000e-02 5.625000000000000e-01 0.000000000000000e+00
 3.125000000000000e-01 5.625000000000000e-01 0.000000000000000e+00
 6.250000000000000e-02 6.875000000000000e-01 0.000000000000000e+00
 6.250000000000000e-02 4.375000000000000e-01 0.000000000000000e+00
 3.125000000000000e-01 4.375000000000000e-01 0.000000000000000e+00
 1.875000000000000e-01 4.375000000000000e-01 0.000000000000000e+00
 -6.250000000000000e-01 5.000000000000000e-01 0.000000000000000e+00
 -5.625000000000000e-01 4.375000000000000e-01 0.000000000000000e+00
 -6.250000000000000e-02 5.000000000000000e-01 0.000000000000000e+00
 -1.875000000000000e-01 5.000000000000000e-01 0.000000000000000e+00
 -3.125000000000000e-01 5.000000000000000e-01 0.000000000000000e+00
 -4.375000000000000e-01 5.000000000000000e-01 0.000000000000000e+00
 -1.250000000000000e-01 6.875000000000000e-01 0.000000000000000e+00
 -6.250000000000000e-02 6.250000000000000e-01 0.000000000000000e+00
 0.000000000000000e+00 6.875000000000000e-01 0.000000000000000e+00
 -3.125000000000000e-01 6.250000000000000e-01 0.000000000000000e+00
 -2.500000000000000e-01 5.625000000000000e-01 0.000000000000000e+00
 -2.500000000000000e-01 6.875000000000000e-01 0.000000000000000e+00
 -3.750000000000000e-01 5.625000000000000e-01 0.000000000000000e+00
 -1.250000000000000e-01 5.625000000000000e-01 0.000000000000000e+00
 -1.875000000000000e-01 6.250000000000000e-01 0.000000000000000e+00
 -4.375000000000000e-01 6.250000000000000e-01 0.000000000000000e+00
 -5.625000000000000e-01 6.875000000000000e-01 0.000000000000000e+00
 -5.000000000000000e-01 6.875000000000000e-01 0.000000000000000e+00
 -5.625000000000000e-01 5.625000000000000e-01 0.000000000000000e+00
 -5.000000000000000e-01 5.625000000000000e-01 0.000000000000000e+00
 -3.750000000000000e-01 6.875000000000000e-01 0.000000000000000e+00
 -7.500000000000000e-01 8.125000000000000e-01 0.000000000000000e+00
 -7.500000000000000e-01 3.750000000000000e-01 0.000000000000000e+00
 -7.500000000000000e-01 6.250000000000000e-01 0.000000000000000e+00
 -6.875000000000000e-01 6.875000000000000e-01 0.000000000000000e+00
 -8.750000000000000e-01 8.125000000000000e-01 0.000000000000000e+00
 -1.000000000000000e+00 6.250000000000000e-01 0.000000000000000e+00
 1.000000000000000e+00 6.250000000000000e-01 0.000000000000000e+00
 -9.375000000000000e-01 6.875000000000000e-01 0.000000000000000e+00
 -9.375000000000000e-01 7.500000000000000e-01 0.000000000000000e+00
 -8.125000000000000e-01 6.875000000000000e-01 0.000000000000000e+00
 -8.125000000000000e-01 7.500000000000000e-01 0.000000000000000e+00
 -1.000000000000000e+00 8.125000000000000e-01 0.000000000000000e+00
 1.000000000000000e+00 8.125000000000000e-01 0.000000000000000e+00
 6.250000000000000e-01 5.000000000000000e-01 0.000000000000000e+00
 5.625000000000000e-01 4.375000000000000e-01 0.000000000000000e+00
 8.750000000000000e-01 8.125000000000000e-01 0.000000000000000e+00
 7.500000000000000e-01 6.250000000000000e-01 0.000000000000000e+00
 8.125000000000000e-01 6.875000000000000e-01 0.000000000000000e+00
 8.125000000000000e-01 7.500000000000000e-01 0.000000000000000e+00
 9.375000000000000e-01 6.875000000000000e-01 0.000000000000000e+00
 9.375000000000000e-01 7.500000000000000e-01 0.000000000000000e+00
 5.625000000000000e-01 6.875000000000000e-01 0.000000000000000e+00
 6.875000000000000e-01 6.875000000000000e-01 0.000000000000000e+00
 7.500000000000000e-01 8.125000000000000e-01 0.000000000000000e+00
 3.750000000000000e-01 6.875000000000000e-01 0.000000000000000e+00
 4.375000000000000e-01 6.250000000000000e-01 0.000000000000000e+00
 5.625000000000000e-01 5.625000000000000e-01 0.000000000000000e+00
 5.000000000000000e-01 5.625000000000000e-01 0.000000000000000e+00
 5.000000000000000e-01 6.875000000000000e-01 0.000000000000000e+00
 1.875000000000000e-01 6.250000000000000e-01 0.000000000000000e+00
 2.500000000000000e-01 5.625000000000000e-01 0.000000000000000e+00
 2.500000000000000e-01 6.875000000000000e-01 0.000000000000000e+00
 1.250000000000000e-01 5.625000000000000e-01 0.000000000000000e+00
 6.250000000000000e-02 5.000000000000000e-01 0.000000000000000e+00
 1.875000000000000e-01 5.000000000000000e-01 0.000000000000000e+00
 3.750000000000000e-01 5.625000000000000e-01 0.000000000000000e+00
 3.125000000000000e-01 5.000000000000000e-01 0.000000000000000e+00
 4.375000000000000e-01 5.000000000000000e-01 0.000000000000000e+00
 3.125000000000000e-01 6.250000000000000e-01 0.000000000000000e+00
 6.250000000000000e-02 6.250000000000000e-01 0.000000000000000e+00
 1.250000000000000e-01 6.875000000000000e-01 0.000000000000000e+00
 -9.375000000000000e-02 6.562500000000000e-01 0.000000000000000e+00
 -1.562500000000000e-01 6.562500000000000e-01 0.000000000000000e+00
 -9.375000000000000e-02 5.937500000000000e-01 0.000000000000000e+00
 -3.437500000000000e-01 5.937500000000000e-01 0.000000000000000e+00
 -3.437500000000000e-01 6.562500000000000e-01 0.000000000000000e+00
 -4.687500000000000e-01 5.312500000000000e-01 0.000000000000000e+00
 -3.437500000000000e-01 5.312500000000000e-01 0.000000000000000e+00
 -1.562500000000000e-01 5.312500000000000e-01 0.000000000000000e+00
 -1.562500000000000e-01 5.937500000000000e-01 0.000000000000000e+00
 -2.187500000000000e-01 5.312500000000000e-01 0.000000000000000e+00
 -9.375000000000000e-02 5.312500000000000e-01 0.000000000000000e+00
 -2.187500000000000e-01 6.562500000000000e-01 0.000000000000000e+00
 -2.187500000000000e-01 5.937500000000000e-01 0.000000000000000e+00
 -4.687500000000000e-01 5.937500000000000e-01 0.000000000000000e+00
 -7.812500000000000e-01 7.812500000000000e-01 0.000000000000000e+00
 -7.500000000000000e-01 6.875000000000000e-01 0.000000000000000e+00
 -5.625000000000000e-01 6.250000000000000e-01 0.000000000000000e+00
 -6.875000000000000e-01 5.625000000000000e-01 0.000000000000000e+00
 -6.875000000000000e-01 6.250000000000000e-01 0.000000000000000e+00
 -9.062500000000000e-01 7.812500000000000e-01 0.000000000000000e+00
 -9.687500000000000e-01 7.812500000000000e-01 0.000000000000000e+00
 -8.437500000000000e-01 7.812500000000000e-01 0.000000000000000e+00
 -7.812500000000000e-01 7.187500000000000e-01 0.000000000000000e+00
 7.500000000000000e-01 6.875000000000000e-01 0.000000000000000e+00
 7.812500000000000e-01 7.187500000000000e-01 0.000000000000000e+00
 9.687500000000000e-01 7.812500000000000e-01 0.000000000000000e+00
 8.437500000000000e-01 7.812500000000000e-01 0.000000000000000e+00
 7.812500000000000e-01 7.812500000000000e-01 0.000000000000000e+00
 9.062500000000000e-01 7.812500000000000e-01 0.000000000000000e+00
 6.875000000000000e-01 5.625000000000000e-01 0.000000000000000e+00
 6.875000000000000e-01 6.250000000000000e-01 0.000000000000000e+00
 5.625000000000000e-01 6.250000000000000e-01 0.000000000000000e+00
 3.437500000000000e-01 6.562500000000000e-01 0.000000000000000e+00
 4.687500000000000e-01 5.937500000000000e-01 0.000000000000000e+00
 4.687500000000000e-01 5.312500000000000e-01 0.000000000000000e+00
 2.187500000000000e-01 5.937500000000000e-01 0.000000000000000e+00
 1.562500000000000e-01 5.937500000000000e-01 0.000000000000000e+00
 2.187500000000000e-01 5.312500000000000e-01 0.000000000000000e+00
 2.187500000000000e-01 6.562500000000000e-01 0.000000000000000e+00
 1.562500000000000e-01 6.562500000000000e-01 0.000000000000000e+00
 9.375000000000000e-02 5.312500000000000e-01 0.000000000000000e+00
 9.375000000000000e-02 5.937500000000000e-01 0.000000000000000e+00
 1.562500000000000e-01 5.312500000000000e-01 0.000000000000000e+00
 3.437500000000000e-01 5.312500000000000e-01 0.000000000000000e+00
 3.437500000000000e-01 5.937500000000000e-01 0.000000000000000e+00
 9.375000000000000e-02 6.562500000000000e-01 0.000000000000000e+00
 -5.625000000000000e-01 5.000000000000000e-01 0.000000000000000e+00
 -9.375000000000000e-02 6.250000000000000e-01 0.000000000000000e+00
 0.000000000000000e+00 5.625000000000000e-01 0.000000000000000e+00
 -3.125000000000000e-02 5.937500000000000e-01 0.000000000000000e+00
 -6.250000000000000e-02 5.937500000000000e-01 0.000000000000000e+00
 -3.125000000000000e-02 6.562500000000000e-01 0.000000000000000e+00
 -3.437500000000000e-01 6.250000000000000e-01 0.000000000000000e+00
 -2.812500000000000e-01 5.937500000000000e-01 0.000000000000000e+00
 -3.125000000000000e-01 5.937500000000000e-01 0.000000000000000e+00
 -2.812500000000000e-01 6.562500000000000e-01 0.000000000000000e+00
 -4.062500000000000e-01 5.312500000000000e-01 0.000000000000000e+00
 -4.375000000000000e-01 5.312500000000000e-01 0.000000000000000e+00
 -2.812500000000000e-01 5.312500000000000e-01 0.000000000000000e+00
 -3.125000000000000e-01 5.312500000000000e-01 0.000000000000000e+00
 -3.437500000000000e-01 5.625000000000000e-01 0.000000000000000e+00
 -4.062500000000000e-01 5.937500000000000e-01 0.000000000000000e+00
 -3.750000000000000e-01 5.937500000000000e-01 0.000000000000000e+00
 -3.750000000000000e-01 5.312500000000000e-01 0.000000000000000e+00
 -1.562500000000000e-01 5.625000000000000e-01 0.000000000000000e+00
 -1.250000000000000e-01 5.312500000000000e-01 0.000000000000000e+00
 -1.250000000000000e-01 5.937500000000000e-01 0.000000000000000e+00
 -1.875000000000000e-01 5.312500000000000e-01 0.000000000000000e+00
 -3.125000000000000e-02 5.312500000000000e-01 0.000000000000000e+00
 -6.250000000000000e-02 5.312500000000000e-01 0.000000000000000e+00
 -9.375000000000000e-02 5.625000000000000e-01 0.000000000000000e+00
 -2.187500000000000e-01 6.250000000000000e-01 0.000000000000000e+00
 -1.562500000000000e-01 6.250000000000000e-01 0.000000000000000e+00
 -2.187500000000000e-01 5.625000000000000e-01 0.000000000000000e+00
 -2.500000000000000e-01 5.937500000000000e-01 0.000000000000000e+00
 -2.500000000000000e-01 5.312500000000000e-01 0.000000000000000e+00
 -1.875000000000000e-01 5.937500000000000e-01 0.000000000000000e+00
 -4.687500000000000e-01 5.625000000000000e-01 0.000000000000000e+00
 -5.312500000000000e-01 5.937500000000000e-01 0.000000000000000e+00
 -5.000000000000000e-01 5.937500000000000e-01 0.000000000000000e+00
 -5.312500000000000e-01 5.312500000000000e-01 0.000000000000000e+00
 -5.000000000000000e-01 5.312500000000000e-01 0.000000000000000e+00
 -4.375000000000000e-01 5.937500000000000e-01 0.000000000000000e+00
 -6.250000000000000e-01 5.625000000000000e-01 0.000000000000000e+00
 -5.937500000000000e-01 5.937500000000000e-01 0.000000000000000e+00
 -8.750000000000000e-01 5.000000000000000e-01 0.000000000000000e+00
 -8.125000000000000e-01 5.625000000000000e-01 0.000000000000000e+00
 -8.125000000000000e-01 6.250000000000000e-01 0.000000000000000e+00
 -7.812500000000000e-01 6.562500000000000e-01 0.000000000000000e+00
 -7.812500000000000e-01 6.875000000000000e-01 0.000000000000000e+00
 -7.187500000000000e-01 6.562500000000000e-01 0.000000000000000e+00
 -7.500000000000000e-01 5.625000000000000e-01 0.000000000000000e+00
 -6.562500000000000e-01 5.937500000000000e-01 0.000000000000000e+00
 -7.187500000000000e-01 5.937500000000000e-01 0.000000000000000e+00
 -8.750000000000000e-01 7.812500000000000e-01 0.000000000000000e+00
 -9.375000000000000e-01 7.812500000000000e-01 0.000000000000000e+00
 -8.750000000000000e-01 6.875000000000000e-01 0.000000000000000e+00
 -9.062500000000000e-01 7.187500000000000e-01 0.000000000000000e+00
 -9.062500000000000e-01 7.500000000000000e-01 0.000000000000000e+00
 -8.437500000000000e-01 7.187500000000000e-01 0.000000000000000e+00
 -8.437500000000000e-01 7.500000000000000e-01 0.000000000000000e+00
 -7.812500000000000e-01 7.500000000000000e-01 0.000000000000000e+00
 5.625000000000000e-01 5.000000000000000e-01 0.000000000000000e+00
 7.500000000000000e-01 3.750000000000000e-01 0.000000000000000e+00
 7.812500000000000e-01 7.500000000000000e-01 0.000000000000000e+00
 8.750000000000000e-01 6.875000000000000e-01 0.000000000000000e+00
 8.437500000000000e-01 7.187500000000000e-01 0.000000000000000e+00
 8.750000000000000e-01 7.812500000000000e-01 0.000000000000000e+00
 8.437500000000000e-01 7.500000000000000e-01 0.000000000000000e+00
 9.375000000000000e-01 7.812500000000000e-01 0.000000000000000e+00
 9.062500000000000e-01 7.187500000000000e-01 0.000000000000000e+00
 9.062500000000000e-01 7.500000000000000e-01 0.000000000000000e+00
 8.750000000000000e-01 5.000000000000000e-01 0.000000000000000e+00
 8.125000000000000e-01 5.625000000000000e-01 0.000000000000000e+00
 7.500000000000000e-01 5.625000000000000e-01 0.000000000000000e+00
 7.187500000000000e-01 5.937500000000000e-01 0.000000000000000e+00
 6.250000000000000e-01 5.625000000000000e-01 0.000000000000000e+00
 6.562500000000000e-01 5.937500000000000e-01 0.000000000000000e+00
 7.187500000000000e-01 6.562500000000000e-01 0.000000000000000e+00
 8.125000000000000e-01 6.250000000000000e-01 0.000000000000000e+00
 7.812500000000000e-01 6.562500000000000e-01 0.000000000000000e+00
 7.812500000000000e-01 6.875000000000000e-01 0.000000000000000e+00
 5.937500000000000e-01 5.937500000000000e-01 0.000000000000000e+00
 4.062500000000000e-01 5.937500000000000e-01 0.000000000000000e+00
 4.375000000000000e-01 5.937500000000000e-01 0.000000000000000e+00
 4.687500000000000e-01 5.625000000000000e-01 0.000000000000000e+00
 5.312500000000000e-01 5.312500000000000e-01 0.000000000000000e+00
 5.000000000000000e-01 5.312500000000000e-01 0.000000000000000e+00
 5.312500000000000e-01 5.937500000000000e-01 0.000000000000000e+00
 5.000000000000000e-01 5.937500000000000e-01 0.000000000000000e+00
 1.875000000000000e-01 5.937500000000000e-01 0.000000000000000e+00
 2.187500000000000e-01 6.250000000000000e-01 0.000000000000000e+00
 1.562500000000000e-01 6.250000000000000e-01 0.000000000000000e+00
 2.187500000000000e-01 5.625000000000000e-01 0.000000000000000e+00
 2.812500000000000e-01 5.312500000000000e-01 0.000000000000000e+00
 2.500000000000000e-01 5.312500000000000e-01 0.000000000000000e+00
 2.812500000000000e-01 5.937500000000000e-01 0.000000000000000e+00
 2.500000000000000e-01 5.937500000000000e-01 0.000000000000000e+00
 2.812500000000000e-01 6.562500000000000e-01 0.000000000000000e+00
 9.375000000000000e-02 5.625000000000000e-01 0.000000000000000e+00
 1.250000000000000e-01 5.312500000000000e-01 0.000000000000000e+00
 1.250000000000000e-01 5.937500000000000e-01 0.000000000000000e+00
 3.125000000000000e-02 5.312500000000000e-01 0.000000000000000e+00
 6.250000000000000e-02 5.312500000000000e-01 0.000000000000000e+00
 1.875000000000000e-01 5.312500000000000e-01 0.000000000000000e+00
 1.562500000000000e-01 5.625000000000000e-01 0.000000000000000e+00
 3.437500000000000e-01 5.625000000000000e-01 0.000000000000000e+00
 4.062500000000000e-01 5.312500000000000e-01 0.000000000000000e+00
 3.750000000000000e-01 5.312500000000000e-01 0.000000000000000e+00
 3.750000000000000e-01 5.937500000000000e-01 0.000000000000000e+00
 3.125000000000000e-01 5.312500000000000e-01 0.000000000000000e+00
 4.375000000000000e-01 5.312500000000000e-01 0.000000000000000e+00
 3.437500000000000e-01 6.250000000000000e-01 0.000000000000000e+00
 3.125000000000000e-01 5.937500000000000e-01 0.000000000000000e+00
 9.375000000000000e-02 6.250000000000000e-01 0.000000000000000e+00
 3.125000000000000e-02 6.562500000000000e-01 0.000000000000000e+00
 3.125000000000000e-02 5.937500000000000e-01 0.000000000000000e+00
 6.250000000000000e-02 5.937500000000000e-01 0.000000000000000e+00
 -7.812500000000000e-02 6.093750000000000e-01 0.000000000000000e+00
 -1.093750000000000e-01 6.093750000000000e-01 0.000000000000000e+00
 -7.812500000000000e-02 5.781250000000000e-01 0.000000000000000e+00
 -3.281250000000000e-01 6.093750000000000e-01 0.000000000000000e+00
 -3.593750000000000e-01 6.093750000000000e-01 0.000000000000000e+00
 -3.281250000000000e-01 5.781250000000000e-01 0.000000000000000e+00
 -4.531250000000000e-01 5.468750000000000e-01 0.000000000000000e+00
 -3.281250000000000e-01 5.468750000000000e-01 0.000000000000000e+00
 -3.593750000000000e-01 5.781250000000000e-01 0.000000000000000e+00
 -3.593750000000000e-01 5.468750000000000e-01 0.000000000000000e+00
 -2.031250000000000e-01 5.468750000000000e-01 0.000000000000000e+00
 -7.812500000000000e-02 5.468750000000000e-01 0.000000000000000e+00
 -1.093750000000000e-01 5.781250000000000e-01 0.000000000000000e+00
 -1.093750000000000e-01 5.468750000000000e-01 0.000000000000000e+00
 -2.031250000000000e-01 5.781250000000000e-01 0.000000000000000e+00
 -2.031250000000000e-01 6.093750000000000e-01 0.000000000000000e+00
 -4.843750000000000e-01 5.781250000000000e-01 0.000000000000000e+00
 -4.531250000000000e-01 5.781250000000000e-01 0.000000000000000e+00
 -4.843750000000000e-01 5.468750000000000e-01 0.000000000000000e+00
 -7.812500000000000e-01 5.937500000000000e-01 0.000000000000000e+00
 -7.500000000000000e-01 6.562500000000000e-01 0.000000000000000e+00
 -7.812500000000000e-01 6.250000000000000e-01 0.000000000000000e+00
 -6.250000000000000e-01 5.937500000000000e-01 0.000000000000000e+00
 -6.875000000000000e-01 4.375000000000000e-01 0.000000000000000e+00
 -6.875000000000000e-01 5.000000000000000e-01 0.000000000000000e+00
 -6.562500000000000e-01 5.312500000000000e-01 0.000000000000000e+00
 -6.562500000000000e-01 5.625000000000000e-01 0.000000000000000e+00
 -7.500000000000000e-01 5.937500000000000e-01 0.000000000000000e+00
 -6.875000000000000e-01 5.937500000000000e-01 0.000000000000000e+00
 -8.906250000000000e-01 7.656250000000000e-01 0.000000000000000e+00
 8.906250000000000e-01 7.656250000000000e-01 0.000000000000000e+00
 6.875000000000000e-01 5.937500000000000e-01 0.000000000000000e+00
 7.812500000000000e-01 5.937500000000000e-01 0.000000000000000e+00
 7.500000000000000e-01 5.937500000000000e-01 0.000000000000000e+00
 6.875000000000000e-01 4.375000000000000e-01 0.000000000000000e+00
 6.875000000000000e-01 5.000000000000000e-01 0.000000000000000e+00
 7.500000000000000e-01 6.562500000000000e-01 0.000000000000000e+00
 6.250000000000000e-01 5.937500000000000e-01 0.000000000000000e+00
 6.562500000000000e-01 5.312500000000000e-01 0.000000000000000e+00
 6.562500000000000e-01 5.625000000000000e-01 0.000000000000000e+00
 7.812500000000000e-01 6.250000000000000e-01 0.000000000000000e+00
 4.531250000000000e-01 5.781250000000000e-01 0.000000000000000e+00
 4.843750000000000e-01 5.468750000000000e-01 0.000000000000000e+00
 4.531250000000000e-01 5.468750000000000e-01 0.000000000000000e+00
 4.843750000000000e-01 5.781250000000000e-01 0.000000000000000e+00
 2.031250000000000e-01 6.093750000000000e-01 0.000000000000000e+00
 2.031250000000000e-01 5.781250000000000e-01 0.000000000000000e+00
 2.031250000000000e-01 5.468750000000000e-01 0.000000000000000e+00
 1.093750000000000e-01 5.468750000000000e-01 0.000000000000000e+00
 7.812500000000000e-02 5.468750000000000e-01 0.000000000000000e+00
 1.093750000000000e-01 5.781250000000000e-01 0.000000000000000e+00
 1.093750000000000e-01 6.093750000000000e-01 0.000000000000000e+00
 7.812500000000000e-02 5.781250000000000e-01 0.000000000000000e+00
 3.593750000000000e-01 5.468750000000000e-01 0.000000000000000e+00
 3.281250000000000e-01 5.468750000000000e-01 0.000000000000000e+00
 3.593750000000000e-01 5.781250000000000e-01 0.000000000000000e+00
 3.593750000000000e-01 6.093750000000000e-01 0.000000000000000e+00
 3.281250000000000e-01 5.781250000000000e-01 0.000000000000000e+00
 3.281250000000000e-01 6.093750000000000e-01 0.000000000000000e+00
 7.812500000000000e-02 6.093750000000000e-01 0.000000000000000e+00
 -3.125000000000000e-02 6.250000000000000e-01 0.000000000000000e+00
 -7.812500000000000e-02 5.937500000000000e-01 0.000000000000000e+00
 -3.125000000000000e-02 5.625000000000000e-01 0.000000000000000e+00
 -4.687500000000000e-02 5.781250000000000e-01 0.000000000000000e+00
 -6.250000000000000e-02 5.781250000000000e-01 0.000000000000000e+00
 -4.687500000000000e-02 6.093750000000000e-01 0.000000000000000e+00
 -4.062500000000000e-01 5.625000000000000e-01 0.000000000000000e+00
 -3.437500000000000e-01 5.781250000000000e-01 0.000000000000000e+00
 -3.593750000000000e-01 5.625000000000000e-01 0.000000000000000e+00
 -3.593750000000000e-01 5.937500000000000e-01 0.000000000000000e+00
 -3.906250000000000e-01 5.781250000000000e-01 0.000000000000000e+00
 -3.750000000000000e-01 5.781250000000000e-01 0.000000000000000e+00
 -3.906250000000000e-01 5.468750000000000e-01 0.000000000000000e+00
 -3.750000000000000e-01 5.468750000000000e-01 0.000000000000000e+00
 -3.437500000000000e-01 5.468750000000000e-01 0.000000000000000e+00
 -1.718750000000000e-01 5.468750000000000e-01 0.000000000000000e+00
 -1.718750000000000e-01 5.781250000000000e-01 0.000000000000000e+00
 -1.875000000000000e-01 5.468750000000000e-01 0.000000000000000e+00
 -4.687500000000000e-02 5.468750000000000e-01 0.000000000000000e+00
 -6.250000000000000e-02 5.468750000000000e-01 0.000000000000000e+00
 -9.375000000000000e-02 5.781250000000000e-01 0.000000000000000e+00
 -7.812500000000000e-02 5.625000000000000e-01 0.000000000000000e+00
 -9.375000000000000e-02 5.468750000000000e-01 0.000000000000000e+00
 -2.031250000000000e-01 5.625000000000000e-01 0.000000000000000e+00
 -1.718750000000000e-01 6.093750000000000e-01 0.000000000000000e+00
 -2.031250000000000e-01 5.937500000000000e-01 0.000000000000000e+00
 -1.875000000000000e-01 5.781250000000000e-01 0.000000000000000e+00
 -4.687500000000000e-01 5.781250000000000e-01 0.000000000000000e+00
 -4.843750000000000e-01 5.625000000000000e-01 0.000000000000000e+00
 -4.531250000000000e-01 5.625000000000000e-01 0.000000000000000e+00
 -4.687500000000000e-01 5.468750000000000e-01 0.000000000000000e+00
 -7.656250000000000e-01 6.406250000000000e-01 0.000000000000000e+00
 -7.656250000000000e-01 6.718750000000000e-01 0.000000000000000e+00
 -5.937500000000000e-01 5.312500000000000e-01 0.000000000000000e+00
 -6.406250000000000e-01 5.781250000000000e-01 0.000000000000000e+00
 -5.937500000000000e-01 5.625000000000000e-01 0.000000000000000e+00
 7.656250000000000e-01 6.718750000000000e-01 0.000000000000000e+00
 5.937500000000000e-01 5.312500000000000e-01 0.000000000000000e+00
 5.937500000000000e-01 5.625000000000000e-01 0.000000000000000e+00
 6.406250000000000e-01 5.781250000000000e-01 0.000000000000000e+00
 7.656250000000000e-01 6.406250000000000e-01 0.000000000000000e+00
 4.687500000000000e-01 5.468750000000000e-01 0.000000000000000e+00
 4.843750000000000e-01 5.625000000000000e-01 0.000000000000000e+00
 4.531250000000000e-01 5.625000000000000e-01 0.000000000000000e+00
 4.687500000000000e-01 5.781250000000000e-01 0.000000000000000e+00
 2.031250000000000e-01 5.937500000000000e-01 0.000000000000000e+00
 1.718750000000000e-01 6.093750000000000e-01 0.000000000000000e+00
 1.718750000000000e-01 5.781250000000000e-01 0.000000000000000e+00
 1.875000000000000e-01 5.781250000000000e-01 0.000000000000000e+00
 2.031250000000000e-01 5.625000000000000e-01 0.000000000000000e+00
 9.375000000000000e-02 5.468750000000000e-01 0.000000000000000e+00
 7.812500000000000e-02 5.625000000000000e-01 0.000000000000000e+00
 9.375000000000000e-02 5.781250000000000e-01 0.000000000000000e+00
 3.125000000000000e-02 5.625000000000000e-01 0.000000000000000e+00
 4.687500000000000e-02 5.468750000000000e-01 0.000000000000000e+00
 6.250000000000000e-02 5.468750000000000e-01 0.000000000000000e+00
 1.718750000000000e-01 5.468750000000000e-01 0.000000000000000e+00
 1.875000000000000e-01 5.468750000000000e-01 0.000000000000000e+00
 3.437500000000000e-01 5.468750000000000e-01 0.000000000000000e+00
 3.593750000000000e-01 5.625000000000000e-01 0.000000000000000e+00
 4.062500000000000e-01 5.625000000000000e-01 0.000000000000000e+00
 3.906250000000000e-01 5.468750000000000e-01 0.000000000000000e+00
 3.750000000000000e-01 5.468750000000000e-01 0.000000000000000e+00
 3.593750000000000e-01 5.937500000000000e-01 0.000000000000000e+00
 3.906250000000000e-01 5.781250000000000e-01 0.000000000000000e+00
 3.750000000000000e-01 5.781250000000000e-01 0.000000000000000e+00
 3.437500000000000e-01 5.781250000000000e-01 0.000000000000000e+00
 3.125000000000000e-02 6.250000000000000e-01 0.000000000000000e+00
 7.812500000000000e-02 5.937500000000000e-01 0.000000000000000e+00
 4.687500000000000e-02 6.093750000000000e-01 0.000000000000000e+00
 4.687500000000000e-02 5.781250000000000e-01 0.000000000000000e+00
 6.250000000000000e-02 5.781250000000000e-01 0.000000000000000e+00
 -7.031250000000000e-02 5.859375000000000e-01 0.000000000000000e+00
 -8.593750000000000e-02 5.859375000000000e-01 0.000000000000000e+00
 -7.031250000000000e-02 5.703125000000000e-01 0.000000000000000e+00
 -3.515625000000000e-01 5.703125000000000e-01 0.000000000000000e+00
 -3.515625000000000e-01 5.859375000000000e-01 0.000000000000000e+00
 -3.671875000000000e-01 5.703125000000000e-01 0.000000000000000e+00
 -3.671875000000000e-01 5.859375000000000e-01 0.000000000000000e+00
 -3.671875000000000e-01 5.546875000000000e-01 0.000000000000000e+00
 -3.515625000000000e-01 5.546875000000000e-01 0.000000000000000e+00
 -1.718750000000000e-01 5.625000000000000e-01 0.000000000000000e+00
 -1.953125000000000e-01 5.546875000000000e-01 0.000000000000000e+00
 -2.343750000000000e-01 5.468750000000000e-01 0.000000000000000e+00
 -2.187500000000000e-01 5.468750000000000e-01 0.000000000000000e+00
 -1.796875000000000e-01 5.546875000000000e-01 0.000000000000000e+00
 -7.031250000000000e-02 5.546875000000000e-01 0.000000000000000e+00
 -8.593750000000000e-02 5.703125000000000e-01 0.000000000000000e+00
 -8.593750000000000e-02 5.546875000000000e-01 0.000000000000000e+00
 -2.343750000000000e-01 5.781250000000000e-01 0.000000000000000e+00
 -2.187500000000000e-01 5.781250000000000e-01 0.000000000000000e+00
 -2.109375000000000e-01 5.703125000000000e-01 0.000000000000000e+00
 -1.953125000000000e-01 5.703125000000000e-01 0.000000000000000e+00
 -2.109375000000000e-01 5.546875000000000e-01 0.000000000000000e+00
 -1.718750000000000e-01 5.937500000000000e-01 0.000000000000000e+00
 -1.796875000000000e-01 5.859375000000000e-01 0.000000000000000e+00
 -1.796875000000000e-01 5.703125000000000e-01 0.000000000000000e+00
 -1.953125000000000e-01 5.859375000000000e-01 0.000000000000000e+00
 -4.765625000000000e-01 5.703125000000000e-01 0.000000000000000e+00
 -5.312500000000000e-01 5.625000000000000e-01 0.000000000000000e+00
 -4.609375000000000e-01 5.703125000000000e-01 0.000000000000000e+00
 -5.156250000000000e-01 5.468750000000000e-01 0.000000000000000e+00
 -5.000000000000000e-01 5.468750000000000e-01 0.000000000000000e+00
 -4.609375000000000e-01 5.546875000000000e-01 0.000000000000000e+00
 -4.765625000000000e-01 5.546875000000000e-01 0.000000000000000e+00
 -4.921875000000000e-01 5.546875000000000e-01 0.000000000000000e+00
 -6.093750000000000e-01 5.781250000000000e-01 0.000000000000000e+00
 -6.250000000000000e-01 5.781250000000000e-01 0.000000000000000e+00
 6.093750000000000e-01 5.781250000000000e-01 0.000000000000000e+00
 6.250000000000000e-01 5.781250000000000e-01 0.000000000000000e+00
 4.765625000000000e-01 5.546875000000000e-01 0.000000000000000e+00
 5.312500000000000e-01 5.625000000000000e-01 0.000000000000000e+00
 5.156250000000000e-01 5.468750000000000e-01 0.000000000000000e+00
 5.000000000000000e-01 5.468750000000000e-01 0.000000000000000e+00
 4.921875000000000e-01 5.546875000000000e-01 0.000000000000000e+00
 4.609375000000000e-01 5.546875000000000e-01 0.000000000000000e+00
 4.609375000000000e-01 5.703125000000000e-01 0.000000000000000e+00
 4.765625000000000e-01 5.703125000000000e-01 0.000000000000000e+00
 1.953125000000000e-01 5.859375000000000e-01 0.000000000000000e+00
 1.953125000000000e-01 5.703125000000000e-01 0.000000000000000e+00
 2.343750000000000e-01 5.781250000000000e-01 0.000000000000000e+00
 2.187500000000000e-01 5.781250000000000e-01 0.000000000000000e+00
 1.718750000000000e-01 5.937500000000000e-01 0.000000000000000e+00
 1.718750000000000e-01 5.625000000000000e-01 0.000000000000000e+00
 1.796875000000000e-01 5.703125000000000e-01 0.000000000000000e+00
 1.796875000000000e-01 5.859375000000000e-01 0.000000000000000e+00
 2.343750000000000e-01 5.468750000000000e-01 0.000000000000000e+00
 2.187500000000000e-01 5.468750000000000e-01 0.000000000000000e+00
 2.109375000000000e-01 5.546875000000000e-01 0.000000000000000e+00
 1.953125000000000e-01 5.546875000000000e-01 0.000000000000000e+00
 2.109375000000000e-01 5.703125000000000e-01 0.000000000000000e+00
 8.593750000000000e-02 5.546875000000000e-01 0.000000000000000e+00
 7.031250000000000e-02 5.546875000000000e-01 0.000000000000000e+00
 8.593750000000000e-02 5.703125000000000e-01 0.000000000000000e+00
 8.593750000000000e-02 5.859375000000000e-01 0.000000000000000e+00
 7.031250000000000e-02 5.703125000000000e-01 0.000000000000000e+00
 1.796875000000000e-01 5.546875000000000e-01 0.000000000000000e+00
 3.515625000000000e-01 5.546875000000000e-01 0.000000000000000e+00
 3.671875000000000e-01 5.546875000000000e-01 0.000000000000000e+00
 3.671875000000000e-01 5.859375000000000e-01 0.000000000000000e+00
 3.515625000000000e-01 5.859375000000000e-01 0.000000000000000e+00
 3.671875000000000e-01 5.703125000000000e-01 0.000000000000000e+00
 3.515625000000000e-01 5.703125000000000e-01 0.000000000000000e+00
 7.031250000000000e-02 5.859375000000000e-01 0.000000000000000e+00
 -7.812500000000000e-02 5.859375000000000e-01 0.000000000000000e+00
 -3.515625000000000e-01 5.781250000000000e-01 0.000000000000000e+00
 -3.281250000000000e-01 5.625000000000000e-01 0.000000000000000e+00
 -3.359375000000000e-01 5.703125000000000e-01 0.000000000000000e+00
 -3.437500000000000e-01 5.703125000000000e-01 0.000000000000000e+00
 -3.593750000000000e-01 5.703125000000000e-01 0.000000000000000e+00
 -3.671875000000000e-01 5.625000000000000e-01 0.000000000000000e+00
 -3.515625000000000e-01 5.625000000000000e-01 0.000000000000000e+00
 -3.359375000000000e-01 5.546875000000000e-01 0.000000000000000e+00
 -7.812500000000000e-02 5.703125000000000e-01 0.000000000000000e+00
 -8.593750000000000e-02 5.625000000000000e-01 0.000000000000000e+00
 -7.031250000000000e-02 5.625000000000000e-01 0.000000000000000e+00
 -8.593750000000000e-02 5.781250000000000e-01 0.000000000000000e+00
 -2.031250000000000e-01 5.703125000000000e-01 0.000000000000000e+00
 -1.953125000000000e-01 5.625000000000000e-01 0.000000000000000e+00
 -1.875000000000000e-01 5.859375000000000e-01 0.000000000000000e+00
 -1.875000000000000e-01 5.703125000000000e-01 0.000000000000000e+00
 -1.953125000000000e-01 5.781250000000000e-01 0.000000000000000e+00
 -4.687500000000000e-01 5.703125000000000e-01 0.000000000000000e+00
 -4.765625000000000e-01 5.625000000000000e-01 0.000000000000000e+00
 -4.609375000000000e-01 5.625000000000000e-01 0.000000000000000e+00
 4.765625000000000e-01 5.625000000000000e-01 0.000000000000000e+00
 4.609375000000000e-01 5.625000000000000e-01 0.000000000000000e+00
 4.687500000000000e-01 5.703125000000000e-01 0.000000000000000e+00
 1.953125000000000e-01 5.781250000000000e-01 0.000000000000000e+00
 1.875000000000000e-01 5.859375000000000e-01 0.000000000000000e+00
 1.875000000000000e-01 5.703125000000000e-01 0.000000000000000e+00
 1.953125000000000e-01 5.625000000000000e-01 0.000000000000000e+00
 2.031250000000000e-01 5.703125000000000e-01 0.000000000000000e+00
 8.593750000000000e-02 5.625000000000000e-01 0.000000000000000e+00
 7.031250000000000e-02 5.625000000000000e-01 0.000000000000000e+00
 8.593750000000000e-02 5.781250000000000e-01 0.000000000000000e+00
 7.812500000000000e-02 5.703125000000000e-01 0.000000000000000e+00
 3.281250000000000e-01 5.625000000000000e-01 0.000000000000000e+00
 3.359375000000000e-01 5.546875000000000e-01 0.000000000000000e+00
 3.671875000000000e-01 5.625000000000000e-01 0.000000000000000e+00
 3.515625000000000e-01 5.625000000000000e-01 0.000000000000000e+00
 3.593750000000000e-01 5.703125000000000e-01 0.000000000000000e+00
 3.515625000000000e-01 5.781250000000000e-01 0.000000000000000e+00
 3.359375000000000e-01 5.703125000000000e-01 0.000000000000000e+00
 3.437500000000000e-01 5.703125000000000e-01 0.000000000000000e+00
 7.812500000000000e-02 5.859375000000000e-01 0.000000000000000e+00
 -8.203125000000000e-02 5.820312500000000e-01 0.000000000000000e+00
 -3.554687500000000e-01 5.742187500000000e-01 0.000000000000000e+00
 -3.476562500000000e-01 5.664062500000000e-01 0.000000000000000e+00
 -3.632812500000000e-01 5.664062500000000e-01 0.000000000000000e+00
 -3.554687500000000e-01 5.664062500000000e-01 0.000000000000000e+00
 -8.203125000000000e-02 5.664062500000000e-01 0.000000000000000e+00
 -8.203125000000000e-02 5.742187500000000e-01 0.000000000000000e+00
 -7.421875000000000e-02 5.664062500000000e-01 0.000000000000000e+00
 -1.992187500000000e-01 5.664062500000000e-01 0.000000000000000e+00
 -1.914062500000000e-01 5.664062500000000e-01 0.000000000000000e+00
 -1.992187500000000e-01 5.742187500000000e-01 0.000000000000000e+00
 -1.914062500000000e-01 5.742187500000000e-01 0.000000000000000e+00
 -1.914062500000000e-01 5.820312500000000e-01 0.000000000000000e+00
 -4.726562500000000e-01 5.664062500000000e-01 0.000000000000000e+00
 -4.648437500000000e-01 5.664062500000000e-01 0.000000000000000e+00
 4.648437500000000e-01 5.664062500000000e-01 0.000000000000000e+00
 4.726562500000000e-01 5.664062500000000e-01 0.000000000000000e+00
 1.914062500000000e-01 5.820312500000000e-01 0.000000000000000e+00
 1.914062500000000e-01 5.742187500000000e-01 0.000000000000000e+00
 1.914062500000000e-01 5.664062500000000e-01 0.000000000000000e+00
 1.992187500000000e-01 5.742187500000000e-01 0.000000000000000e+00
 1.992187500000000e-01 5.664062500000000e-01 0.000000000000000e+00
 8.203125000000000e-02 5.742187500000000e-01 0.000000000000000e+00
 8.203125000000000e-02 5.820312500000000e-01 0.000000000000000e+00
 7.421875000000000e-02 5.664062500000000e-01 0.000000000000000e+00
 8.203125000000000e-02 5.664062500000000e-01 0.000000000000000e+00
 3.554687500000000e-01 5.664062500000000e-01 0.000000000000000e+00
 3.554687500000000e-01 5.742187500000000e-01 0.000000000000000e+00
 3.476562500000000e-01 5.664062500000000e-01 0.000000000000000e+00
 3.632812500000000e-01 5.664062500000000e-01 0.000000000000000e+00
 -3.554687500000000e-01 5.703125000000000e-01 0.000000000000000e+00
 -8.203125000000000e-02 5.703125000000000e-01 0.000000000000000e+00
 -7.812500000000000e-02 5.664062500000000e-01 0.000000000000000e+00
 -8.203125000000000e-02 5.781250000000000e-01 0.000000000000000e+00
 -1.953125000000000e-01 5.664062500000000e-01 0.000000000000000e+00
 -1.953125000000000e-01 5.742187500000000e-01 0.000000000000000e+00
 -1.914062500000000e-01 5.703125000000000e-01 0.000000000000000e+00
 1.914062500000000e-01 5.703125000000000e-01 0.000000000000000e+00
 1.953125000000000e-01 5.742187500000000e-01 0.000000000000000e+00
 1.953125000000000e-01 5.664062500000000e-01 0.000000000000000e+00
 8.203125000000000e-02 5.781250000000000e-01 0.000000000000000e+00
 7.812500000000000e-02 5.664062500000000e-01 0.000000000000000e+00
 8.203125000000000e-02 5.703125000000000e-01 0.000000000000000e+00
 3.554687500000000e-01 5.703125000000000e-01 0.000000000000000e+00
 -8.125000000000000e-01 7.187500000000000e-01 0.000000000000000e+00
 -7.968750000000000e-01 7.343750000000000e-01 0.000000000000000e+00
 8.125000000000000e-01 7.187500000000000e-01 0.000000000000000e+00
 7.968750000000000e-01 7.343750000000000e-01 0.000000000000000e+00
 -5.625000000000000e-01 5.312500000000000e-01 0.000000000000000e+00
 5.625000000000000e-01 5.312500000000000e-01 0.000000000000000e+00
 -7.968750000000000e-01 7.031250000000000e-01 0.000000000000000e+00
 7.968750000000000e-01 7.031250000000000e-01 0.000000000000000e+00
 -9.375000000000000e-01 5.625000000000000e-01 0.000000000000000e+00
 9.375000000000000e-01 5.625000000000000e-01 0.000000000000000e+00
 -8.281250000000000e-01 7.343750000000000e-01 0.000000000000000e+00
 8.281250000000000e-01 7.343750000000000e-01 0.000000000000000e+00
 -7.968750000000000e-01 7.187500000000000e-01 0.000000000000000e+00
 7.968750000000000e-01 7.187500000000000e-01 0.000000000000000e+00
 -7.031250000000000e-02 5.781250000000000e-01 0.000000000000000e+00
 -7.421875000000000e-02 5.742187500000000e-01 0.000000000000000e+00
 -7.812500000000000e-02 5.742187500000000e-01 0.000000000000000e+00
 7.031250000000000e-02 5.781250000000000e-01 0.000000000000000e+00
 7.421875000000000e-02 5.742187500000000e-01 0.000000000000000e+00
 7.812500000000000e-02 5.742187500000000e-01 0.000000000000000e+00
 -8.437500000000000e-01 6.562500000000000e-01 0.000000000000000e+00
 -8.125000000000000e-01 6.562500000000000e-01 0.000000000000000e+00
 -7.968750000000000e-01 6.718750000000000e-01 0.000000000000000e+00
 -7.812500000000000e-01 6.718750000000000e-01 0.000000000000000e+00
 8.437500000000000e-01 6.562500000000000e-01 0.000000000000000e+00
 8.125000000000000e-01 6.562500000000000e-01 0.000000000000000e+00
 7.968750000000000e-01 6.718750000000000e-01 0.000000000000000e+00
 7.812500000000000e-01 6.718750000000000e-01 0.000000000000000e+00
 -4.687500000000000e-02 5.625000000000000e-01 0.000000000000000e+00
 -5.468750000000000e-02 5.546875000000000e-01 0.000000000000000e+00
 4.687500000000000e-02 5.625000000000000e-01 0.000000000000000e+00
 5.468750000000000e-02 5.546875000000000e-01 0.000000000000000e+00
 -2.109375000000000e-01 5.859375000000000e-01 0.000000000000000e+00
 2.109375000000000e-01 5.859375000000000e-01 0.000000000000000e+00
 -2.109375000000000e-01 5.625000000000000e-01 0.000000000000000e+00
 2.109375000000000e-01 5.625000000000000e-01 0.000000000000000e+00
 -1.992187500000000e-01 5.703125000000000e-01 0.000000000000000e+00
 1.992187500000000e-01 5.703125000000000e-01 0.000000000000000e+00
 -3.476562500000000e-01 5.742187500000000e-01 0.000000000000000e+00
 3.476562500000000e-01 5.742187500000000e-01 0.000000000000000e+00
 -5.156250000000000e-01 5.781250000000000e-01 0.000000000000000e+00
 -5.000000000000000e-01 5.781250000000000e-01 0.000000000000000e+00
 -4.921875000000000e-01 5.703125000000000e-01 0.000000000000000e+00
 -4.843750000000000e-01 5.703125000000000e-01 0.000000000000000e+00
 -4.804687500000000e-01 5.664062500000000e-01 0.000000000000000e+00
 5.156250000000000e-01 5.781250000000000e-01 0.000000000000000e+00
 5.000000000000000e-01 5.781250000000000e-01 0.000000000000000e+00
 4.921875000000000e-01 5.703125000000000e-01 0.000000000000000e+00
 4.843750000000000e-01 5.703125000000000e-01 0.000000000000000e+00
 4.804687500000000e-01 5.664062500000000e-01 0.000000000000000e+00
 -7.421875000000000e-02 5.820312500000000e-01 0.000000000000000e+00
 7.421875000000000e-02 5.820312500000000e-01 0.000000000000000e+00
 -7.421875000000000e-02 5.703125000000000e-01 0.000000000000000e+00
 7.421875000000000e-02 5.703125000000000e-01 0.000000000000000e+00
 -7.968750000000000e-01 6.406250000000000e-01 0.000000000000000e+00
 -7.812500000000000e-01 6.406250000000000e-01 0.000000000000000e+00
 7.968750000000000e-01 6.406250000000000e-01 0.000000000000000e+00
 7.812500000000000e-01 6.406250000000000e-01 0.000000000000000e+00
 -2.070312500000000e-01 5.664062500000000e-01 0.000000000000000e+00
 -2.031250000000000e-01 5.664062500000000e-01 0.000000000000000e+00
 2.070312500000000e-01 5.664062500000000e-01 0.000000000000000e+00
 2.031250000000000e-01 5.664062500000000e-01 0.000000000000000e+00
 -2.812500000000000e-01 5.625000000000000e-01 0.000000000000000e+00
 2.812500000000000e-01 5.625000000000000e-01 0.000000000000000e+00
 -3.281250000000000e-01 5.937500000000000e-01 0.000000000000000e+00
 -3.359375000000000e-01 5.859375000000000e-01 0.000000000000000e+00
 3.281250000000000e-01 5.937500000000000e-01 0.000000000000000e+00
 3.359375000000000e-01 5.859375000000000e-01 0.000000000000000e+00
 -3.359375000000000e-01 5.625000000000000e-01 0.000000000000000e+00
 3.359375000000000e-01 5.625000000000000e-01 0.000000000000000e+00
 -7.968750000000000e-01 6.875000000000000e-01 0.000000000000000e+00
 7.968750000000000e-01 6.875000000000000e-01 0.000000000000000e+00
 -3.476562500000000e-01 5.703125000000000e-01 0.000000000000000e+00
 3.476562500000000e-01 5.703125000000000e-01 0.000000000000000e+00
 -2.343750000000000e-01 6.093750000000000e-01 0.000000000000000e+00
 2.343750000000000e-01 6.093750000000000e-01 0.000000000000000e+00
 -5.468750000000000e-02 5.703125000000000e-01 0.000000000000000e+00
 -6.250000000000000e-02 5.703125000000000e-01 0.000000000000000e+00
 -6.640625000000000e-02 5.664062500000000e-01 0.000000000000000e+00
 -7.031250000000000e-02 5.664062500000000e-01 0.000000000000000e+00
 5.468750000000000e-02 5.703125000000000e-01 0.000000000000000e+00
 6.250000000000000e-02 5.703125000000000e-01 0.000000000000000e+00
 6.640625000000000e-02 5.664062500000000e-01 0.000000000000000e+00
 7.031250000000000e-02 5.664062500000000e-01 0.000000000000000e+00
 -7.421875000000000e-02 5.781250000000000e-01 0.000000000000000e+00
 7.421875000000000e-02 5.781250000000000e-01 0.000000000000000e+00
 -2.109375000000000e-01 5.781250000000000e-01 0.000000000000000e+00
 -2.070312500000000e-01 5.742187500000000e-01 0.000000000000000e+00
 -2.031250000000000e-01 5.742187500000000e-01 0.000000000000000e+00
 2.109375000000000e-01 5.781250000000000e-01 0.000000000000000e+00
 2.070312500000000e-01 5.742187500000000e-01 0.000000000000000e+00
 2.031250000000000e-01 5.742187500000000e-01 0.000000000000000e+00
 -2.343750000000000e-01 5.625000000000000e-01 0.000000000000000e+00
 2.343750000000000e-01 5.625000000000000e-01 0.000000000000000e+00
 -3.398437500000000e-01 5.664062500000000e-01 0.000000000000000e+00
 3.398437500000000e-01 5.664062500000000e-01 0.000000000000000e+00
 -7.890625000000000e-01 6.796875000000000e-01 0.000000000000000e+00
 7.890625000000000e-01 6.796875000000000e-01 0.000000000000000e+00
 -6.640625000000000e-02 5.742187500000000e-01 0.000000000000000e+00
 -7.031250000000000e-02 5.742187500000000e-01 0.000000000000000e+00
 -4.921875000000000e-01 5.625000000000000e-01 0.000000000000000e+00
 4.921875000000000e-01 5.625000000000000e-01 0.000000000000000e+00
 6.640625000000000e-02 5.742187500000000e-01 0.000000000000000e+00
 7.031250000000000e-02 5.742187500000000e-01 0.000000000000000e+00
 -5.625000000000000e-01 5.937500000000000e-01 0.000000000000000e+00
 -5.781250000000000e-01 5.781250000000000e-01 0.000000000000000e+00
 -5.937500000000000e-01 5.781250000000000e-01 0.000000000000000e+00
 5.625000000000000e-01 5.937500000000000e-01 0.000000000000000e+00
 5.781250000000000e-01 5.781250000000000e-01 0.000000000000000e+00
 5.937500000000000e-01 5.781250000000000e-01 0.000000000000000e+00
 -8.437500000000000e-01 6.875000000000000e-01 0.000000000000000e+00
 -8.281250000000000e-01 7.031250000000000e-01 0.000000000000000e+00
 -8.125000000000000e-01 7.031250000000000e-01 0.000000000000000e+00
 -8.046875000000000e-01 7.109375000000000e-01 0.000000000000000e+00
 8.437500000000000e-01 6.875000000000000e-01 0.000000000000000e+00
 8.281250000000000e-01 7.031250000000000e-01 0.000000000000000e+00
 8.125000000000000e-01 7.031250000000000e-01 0.000000000000000e+00
 8.046875000000000e-01 7.109375000000000e-01 0.000000000000000e+00
 -2.070312500000000e-01 5.703125000000000e-01 0.000000000000000e+00
 2.070312500000000e-01 5.703125000000000e-01 0.000000000000000e+00
 -7.968750000000000e-01 6.562500000000000e-01 0.000000000000000e+00
 -7.890625000000000e-01 6.640625000000000e-01 0.000000000000000e+00
 7.968750000000000e-01 6.562500000000000e-01 0.000000000000000e+00
 7.890625000000000e-01 6.640625000000000e-01 0.000000000000000e+00
 -3.359375000000000e-01 5.781250000000000e-01 0.000000000000000e+00
 -3.398437500000000e-01 5.742187500000000e-01 0.000000000000000e+00
 3.359375000000000e-01 5.781250000000000e-01 0.000000000000000e+00
 3.398437500000000e-01 5.742187500000000e-01 0.000000000000000e+00
 -4.687500000000000e-02 5.937500000000000e-01 0.000000000000000e+00
 -5.468750000000000e-02 5.859375000000000e-01 0.000000000000000e+00
 -6.250000000000000e-02 5.859375000000000e-01 0.000000000000000e+00
 -6.640625000000000e-02 5.820312500000000e-01 0.000000000000000e+00
 -7.031250000000000e-02 5.820312500000000e-01 0.000000000000000e+00
 4.687500000000000e-02 5.937500000000000e-01 0.000000000000000e+00
 5.468750000000000e-02 5.859375000000000e-01 0.000000000000000e+00
 6.250000000000000e-02 5.859375000000000e-01 0.000000000000000e+00
 6.640625000000000e-02 5.820312500000000e-01 0.000000000000000e+00
 7.031250000000000e-02 5.820312500000000e-01 0.000000000000000e+00
 -4.882812500000000e-01 5.664062500000000e-01 0.000000000000000e+00
 4.882812500000000e-01 5.664062500000000e-01 0.000000000000000e+00
 -6.640625000000000e-02 5.703125000000000e-01 0.000000000000000e+00
 6.640625000000000e-02 5.703125000000000e-01 0.000000000000000e+00
 -5.468750000000000e-02 5.625000000000000e-01 0.000000000000000e+00
 5.468750000000000e-02 5.625000000000000e-01 0.000000000000000e+00
 -2.265625000000000e-01 5.703125000000000e-01 0.000000000000000e+00
 -2.187500000000000e-01 5.703125000000000e-01 0.000000000000000e+00
 -2.148437500000000e-01 5.664062500000000e-01 0.000000000000000e+00
 -2.109375000000000e-01 5.664062500000000e-01 0.000000000000000e+00
 2.265625000000000e-01 5.703125000000000e-01 0.000000000000000e+00
 2.187500000000000e-01 5.703125000000000e-01 0.000000000000000e+00
 2.148437500000000e-01 5.664062500000000e-01 0.000000000000000e+00
 2.109375000000000e-01 5.664062500000000e-01 0.000000000000000e+00
 -3.398437500000000e-01 5.703125000000000e-01 0.000000000000000e+00
 3.398437500000000e-01 5.703125000000000e-01 0.000000000000000e+00
 -6.640625000000000e-02 5.781250000000000e-01 0.000000000000000e+00
 -8.046875000000000e-01 6.953125000000000e-01 0.000000000000000e+00
 8.046875000000000e-01 6.953125000000000e-01 0.000000000000000e+00
 6.640625000000000e-02 5.781250000000000e-01 0.000000000000000e+00
 -8.281250000000000e-01 7.187500000000000e-01 0.000000000000000e+00
 8.281250000000000e-01 7.187500000000000e-01 0.000000000000000e+00
 -5.859375000000000e-02 5.664062500000000e-01 0.000000000000000e+00
 5.859375000000000e-02 5.664062500000000e-01 0.000000000000000e+00
 -2.148437500000000e-01 5.742187500000000e-01 0.000000000000000e+00
 -2.109375000000000e-01 5.742187500000000e-01 0.000000000000000e+00
 2.148437500000000e-01 5.742187500000000e-01 0.000000000000000e+00
 2.109375000000000e-01 5.742187500000000e-01 0.000000000000000e+00
 -5.156250000000000e-01 5.625000000000000e-01 0.000000000000000e+00
 5.156250000000000e-01 5.625000000000000e-01 0.000000000000000e+00
 -2.968750000000000e-01 5.781250000000000e-01 0.000000000000000e+00
 -3.125000000000000e-01 5.781250000000000e-01 0.000000000000000e+00
 -3.203125000000000e-01 5.703125000000000e-01 0.000000000000000e+00
 -3.281250000000000e-01 5.703125000000000e-01 0.000000000000000e+00
 -3.320312500000000e-01 5.664062500000000e-01 0.000000000000000e+00
 2.968750000000000e-01 5.781250000000000e-01 0.000000000000000e+00
 3.125000000000000e-01 5.781250000000000e-01 0.000000000000000e+00
 3.203125000000000e-01 5.703125000000000e-01 0.000000000000000e+00
 3.281250000000000e-01 5.703125000000000e-01 0.000000000000000e+00
 3.320312500000000e-01 5.664062500000000e-01 0.000000000000000e+00
 -2.343750000000000e-01 5.937500000000000e-01 0.000000000000000e+00
 -2.265625000000000e-01 5.859375000000000e-01 0.000000000000000e+00
 2.343750000000000e-01 5.937500000000000e-01 0.000000000000000e+00
 2.265625000000000e-01 5.859375000000000e-01 0.000000000000000e+00
 -8.281250000000000e-01 6.718750000000000e-01 0.000000000000000e+00
 -8.125000000000000e-01 6.718750000000000e-01 0.000000000000000e+00
 -8.046875000000000e-01 6.796875000000000e-01 0.000000000000000e+00
 -7.968750000000000e-01 6.796875000000000e-01 0.000000000000000e+00
 8.281250000000000e-01 6.718750000000000e-01 0.000000000000000e+00
 8.125000000000000e-01 6.718750000000000e-01 0.000000000000000e+00
 8.046875000000000e-01 6.796875000000000e-01 0.000000000000000e+00
 7.968750000000000e-01 6.796875000000000e-01 0.000000000000000e+00
 -5.468750000000000e-02 5.781250000000000e-01 0.000000000000000e+00
 -5.859375000000000e-02 5.742187500000000e-01 0.000000000000000e+00
 -6.250000000000000e-02 5.742187500000000e-01 0.000000000000000e+00
 5.468750000000000e-02 5.781250000000000e-01 0.000000000000000e+00
 5.859375000000000e-02 5.742187500000000e-01 0.000000000000000e+00
 6.250000000000000e-02 5.742187500000000e-01 0.000000000000000e+00
 -5.859375000000000e-02 5.820312500000000e-01 0.000000000000000e+00
 -6.250000000000000e-02 5.820312500000000e-01 0.000000000000000e+00
 5.859375000000000e-02 5.820312500000000e-01 0.000000000000000e+00
 6.250000000000000e-02 5.820312500000000e-01 0.000000000000000e+00
 -3.320312500000000e-01 5.742187500000000e-01 0.000000000000000e+00
 -8.046875000000000e-01 6.640625000000000e-01 0.000000000000000e+00
 -8.750000000000000e-01 7.187500000000000e-01 0.000000000000000e+00
 -8.593750000000000e-01 7.343750000000000e-01 0.000000000000000e+00
 -8.437500000000000e-01 7.343750000000000e-01 0.000000000000000e+00
 8.750000000000000e-01 7.187500000000000e-01 0.000000000000000e+00
 8.593750000000000e-01 7.343750000000000e-01 0.000000000000000e+00
 8.437500000000000e-01 7.343750000000000e-01 0.000000000000000e+00
 8.046875000000000e-01 6.640625000000000e-01 0.000000000000000e+00
 3.320312500000000e-01 5.742187500000000e-01 0.000000000000000e+00
 -2.148437500000000e-01 5.703125000000000e-01 0.000000000000000e+00
 2.148437500000000e-01 5.703125000000000e-01 0.000000000000000e+00
 -2.812500000000000e-01 6.250000000000000e-01 0.000000000000000e+00
 2.812500000000000e-01 6.250000000000000e-01 0.000000000000000e+00
 -8.203125000000000e-01 7.109375000000000e-01 0.000000000000000e+00
 -8.125000000000000e-01 7.109375000000000e-01 0.000000000000000e+00
 8.203125000000000e-01 7.109375000000000e-01 0.000000000000000e+00
 8.125000000000000e-01 7.109375000000000e-01 0.000000000000000e+00
 -3.203125000000000e-01 5.859375000000000e-01 0.000000000000000e+00
 3.203125000000000e-01 5.859375000000000e-01 0.000000000000000e+00
 -8.046875000000000e-01 6.875000000000000e-01 0.000000000000000e+00
 8.046875000000000e-01 6.875000000000000e-01 0.000000000000000e+00
 -5.078125000000000e-01 5.703125000000000e-01 0.000000000000000e+00
 -5.000000000000000e-01 5.703125000000000e-01 0.000000000000000e+00
 5.078125000000000e-01 5.703125000000000e-01 0.000000000000000e+00
 5.000000000000000e-01 5.703125000000000e-01 0.000000000000000e+00
 -5.859375000000000e-02 5.703125000000000e-01 0.000000000000000e+00
 5.859375000000000e-02 5.703125000000000e-01 0.000000000000000e+00
 -2.968750000000000e-01 6.093750000000000e-01 0.000000000000000e+00
 2.968750000000000e-01 6.093750000000000e-01 0.000000000000000e+00
 -8.046875000000000e-01 6.718750000000000e-01 0.000000000000000e+00
 -8.007812500000000e-01 6.757812500000000e-01 0.000000000000000e+00
 8.046875000000000e-01 6.718750000000000e-01 0.000000000000000e+00
 8.007812500000000e-01 6.757812500000000e-01 0.000000000000000e+00
 -5.859375000000000e-02 5.781250000000000e-01 0.000000000000000e+00
 5.859375000000000e-02 5.781250000000000e-01 0.000000000000000e+00
 -8.281250000000000e-01 6.875000000000000e-01 0.000000000000000e+00
 -8.203125000000000e-01 6.953125000000000e-01 0.000000000000000e+00
 -8.125000000000000e-01 6.953125000000000e-01 0.000000000000000e+00
 8.281250000000000e-01 6.875000000000000e-01 0.000000000000000e+00
 8.203125000000000e-01 6.953125000000000e-01 0.000000000000000e+00
 8.125000000000000e-01 6.953125000000000e-01 0.000000000000000e+00
 -8.085937500000000e-01 6.914062500000000e-01 0.000000000000000e+00
 8.085937500000000e-01 6.914062500000000e-01 0.000000000000000e+00
 0.000000000000000e+00 5.937500000000000e-01 0.000000000000000e+00
 -1.562500000000000e-02 6.093750000000000e-01 0.000000000000000e+00
 1.562500000000000e-02 6.093750000000000e-01 0.000000000000000e+00
 -3.320312500000000e-01 5.703125000000000e-01 0.000000000000000e+00
 3.320312500000000e-01 5.703125000000000e-01 0.000000000000000e+00
 -2.265625000000000e-01 5.781250000000000e-01 0.000000000000000e+00
 -2.226562500000000e-01 5.742187500000000e-01 0.000000000000000e+00
 -2.187500000000000e-01 5.742187500000000e-01 0.000000000000000e+00
 2.265625000000000e-01 5.781250000000000e-01 0.000000000000000e+00
 2.226562500000000e-01 5.742187500000000e-01 0.000000000000000e+00
 2.187500000000000e-01 5.742187500000000e-01 0.000000000000000e+00
 -8.203125000000000e-01 6.796875000000000e-01 0.000000000000000e+00
 -8.125000000000000e-01 6.796875000000000e-01 0.000000000000000e+00
 -8.085937500000000e-01 6.835937500000000e-01 0.000000000000000e+00
 8.203125000000000e-01 6.796875000000000e-01 0.000000000000000e+00
 8.125000000000000e-01 6.796875000000000e-01 0.000000000000000e+00
 8.085937500000000e-01 6.835937500000000e-01 0.000000000000000e+00
 -8.359375000000000e-01 7.265625000000000e-01 0.000000000000000e+00
 8.359375000000000e-01 7.265625000000000e-01 0.000000000000000e+00
 -1.562500000000000e-02 5.781250000000000e-01 0.000000000000000e+00
 -3.125000000000000e-02 5.781250000000000e-01 0.000000000000000e+00
 -3.906250000000000e-02 5.859375000000000e-01 0.000000000000000e+00
 -4.687500000000000e-02 5.859375000000000e-01 0.000000000000000e+00
 1.562500000000000e-02 5.781250000000000e-01 0.000000000000000e+00
 3.125000000000000e-02 5.781250000000000e-01 0.000000000000000e+00
 3.906250000000000e-02 5.859375000000000e-01 0.000000000000000e+00
 4.687500000000000e-02 5.859375000000000e-01 0.000000000000000e+00
 -4.218750000000000e-01 5.468750000000000e-01 0.000000000000000e+00
 -4.375000000000000e-01 5.468750000000000e-01 0.000000000000000e+00
 -1.093750000000000e-01 5.625000000000000e-01 0.000000000000000e+00
 -1.015625000000000e-01 5.546875000000000e-01 0.000000000000000e+00
 -2.656250000000000e-01 6.093750000000000e-01 0.000000000000000e+00
 -8.203125000000000e-01 7.031250000000000e-01 0.000000000000000e+00
 -8.164062500000000e-01 7.070312500000000e-01 0.000000000000000e+00
 8.203125000000000e-01 7.031250000000000e-01 0.000000000000000e+00
 8.164062500000000e-01 7.070312500000000e-01 0.000000000000000e+00
 2.656250000000000e-01 6.093750000000000e-01 0.000000000000000e+00
 1.093750000000000e-01 5.625000000000000e-01 0.000000000000000e+00
 1.015625000000000e-01 5.546875000000000e-01 0.000000000000000e+00
 4.218750000000000e-01 5.468750000000000e-01 0.000000000000000e+00
 4.375000000000000e-01 5.468750000000000e-01 0.000000000000000e+00
 -5.078125000000000e-02 5.820312500000000e-01 0.000000000000000e+00
 -5.468750000000000e-02 5.820312500000000e-01 0.000000000000000e+00
 5.078125000000000e-02 5.820312500000000e-01 0.000000000000000e+00
 5.468750000000000e-02 5.820312500000000e-01 0.000000000000000e+00
 -8.085937500000000e-01 6.875000000000000e-01 0.000000000000000e+00
 8.085937500000000e-01 6.875000000000000e-01 0.000000000000000e+00
 -8.164062500000000e-01 6.992187500000000e-01 0.000000000000000e+00
 8.164062500000000e-01 6.992187500000000e-01 0.000000000000000e+00
 -4.453125000000000e-01 5.546875000000000e-01 0.000000000000000e+00
 4.453125000000000e-01 5.546875000000000e-01 0.000000000000000e+00
 -1.406250000000000e-01 5.468750000000000e-01 0.000000000000000e+00
 -1.562500000000000e-01 5.468750000000000e-01 0.000000000000000e+00
 1.406250000000000e-01 5.468750000000000e-01 0.000000000000000e+00
 1.562500000000000e-01 5.468750000000000e-01 0.000000000000000e+00
 -1.796875000000000e-01 5.625000000000000e-01 0.000000000000000e+00
 1.796875000000000e-01 5.625000000000000e-01 0.000000000000000e+00
 -3.203125000000000e-01 5.781250000000000e-01 0.000000000000000e+00
 3.203125000000000e-01 5.781250000000000e-01 0.000000000000000e+00
 -2.968750000000000e-01 5.937500000000000e-01 0.000000000000000e+00
 -1.015625000000000e-01 5.703125000000000e-01 0.000000000000000e+00
 -9.375000000000000e-02 5.703125000000000e-01 0.000000000000000e+00
 -8.984375000000000e-02 5.664062500000000e-01 0.000000000000000e+00
 -8.593750000000000e-02 5.664062500000000e-01 0.000000000000000e+00
 1.015625000000000e-01 5.703125000000000e-01 0.000000000000000e+00
 9.375000000000000e-02 5.703125000000000e-01 0.000000000000000e+00
 8.984375000000000e-02 5.664062500000000e-01 0.000000000000000e+00
 8.593750000000000e-02 5.664062500000000e-01 0.000000000000000e+00
 2.968750000000000e-01 5.937500000000000e-01 0.000000000000000e+00
 -3.906250000000000e-01 5.625000000000000e-01 0.000000000000000e+00
 -3.828125000000000e-01 5.546875000000000e-01 0.000000000000000e+00
 3.906250000000000e-01 5.625000000000000e-01 0.000000000000000e+00
 3.828125000000000e-01 5.546875000000000e-01 0.000000000000000e+00
 -1.250000000000000e-01 5.468750000000000e-01 0.000000000000000e+00
 -8.203125000000000e-01 6.875000000000000e-01 0.000000000000000e+00
 -8.164062500000000e-01 6.914062500000000e-01 0.000000000000000e+00
 -8.125000000000000e-01 6.914062500000000e-01 0.000000000000000e+00
 8.203125000000000e-01 6.875000000000000e-01 0.000000000000000e+00
 8.164062500000000e-01 6.914062500000000e-01 0.000000000000000e+00
 8.125000000000000e-01 6.914062500000000e-01 0.000000000000000e+00
 1.250000000000000e-01 5.468750000000000e-01 0.000000000000000e+00
 -3.906250000000000e-02 5.703125000000000e-01 0.000000000000000e+00
 -4.687500000000000e-02 5.703125000000000e-01 0.000000000000000e+00
 -5.078125000000000e-02 5.742187500000000e-01 0.000000000000000e+00
 -5.468750000000000e-02 5.742187500000000e-01 0.000000000000000e+00
 -4.062500000000000e-01 5.468750000000000e-01 0.000000000000000e+00
 -3.671875000000000e-01 5.781250000000000e-01 0.000000000000000e+00
 -3.632812500000000e-01 5.742187500000000e-01 0.000000000000000e+00
 3.671875000000000e-01 5.781250000000000e-01 0.000000000000000e+00
 3.632812500000000e-01 5.742187500000000e-01 0.000000000000000e+00
 4.062500000000000e-01 5.468750000000000e-01 0.000000000000000e+00
 3.906250000000000e-02 5.703125000000000e-01 0.000000000000000e+00
 4.687500000000000e-02 5.703125000000000e-01 0.000000000000000e+00
 5.078125000000000e-02 5.742187500000000e-01 0.000000000000000e+00
 5.468750000000000e-02 5.742187500000000e-01 0.000000000000000e+00
 -1.640625000000000e-01 5.546875000000000e-01 0.000000000000000e+00
 -2.656250000000000e-01 5.781250000000000e-01 0.000000000000000e+00
 -2.500000000000000e-01 5.781250000000000e-01 0.000000000000000e+00
 -2.421875000000000e-01 5.859375000000000e-01 0.000000000000000e+00
 -1.835937500000000e-01 5.664062500000000e-01 0.000000000000000e+00
 -1.875000000000000e-01 5.664062500000000e-01 0.000000000000000e+00
 1.835937500000000e-01 5.664062500000000e-01 0.000000000000000e+00
 1.875000000000000e-01 5.664062500000000e-01 0.000000000000000e+00
 2.656250000000000e-01 5.781250000000000e-01 0.000000000000000e+00
 2.500000000000000e-01 5.781250000000000e-01 0.000000000000000e+00
 2.421875000000000e-01 5.859375000000000e-01 0.000000000000000e+00
 1.640625000000000e-01 5.546875000000000e-01 0.000000000000000e+00
 -1.562500000000000e-02 5.937500000000000e-01 0.000000000000000e+00
 1.562500000000000e-02 5.937500000000000e-01 0.000000000000000e+00
 -8.593750000000000e-01 7.031250000000000e-01 0.000000000000000e+00
 -8.437500000000000e-01 7.031250000000000e-01 0.000000000000000e+00
 -8.359375000000000e-01 7.109375000000000e-01 0.000000000000000e+00
 -8.281250000000000e-01 7.109375000000000e-01 0.000000000000000e+00
 -8.164062500000000e-01 7.031250000000000e-01 0.000000000000000e+00
 8.164062500000000e-01 7.031250000000000e-01 0.000000000000000e+00
 8.593750000000000e-01 7.031250000000000e-01 0.000000000000000e+00
 8.437500000000000e-01 7.031250000000000e-01 0.000000000000000e+00
 8.359375000000000e-01 7.109375000000000e-01 0.000000000000000e+00
 8.281250000000000e-01 7.109375000000000e-01 0.000000000000000e+00
 -2.656250000000000e-01 5.937500000000000e-01 0.000000000000000e+00
 -1.015625000000000e-01 5.625000000000000e-01 0.000000000000000e+00
 1.015625000000000e-01 5.625000000000000e-01 0.000000000000000e+00
 2.656250000000000e-01 5.937500000000000e-01 0.000000000000000e+00
 -3.046875000000000e-01 5.859375000000000e-01 0.000000000000000e+00
 -1.171875000000000e-01 5.546875000000000e-01 0.000000000000000e+00
 -4.218750000000000e-01 5.781250000000000e-01 0.000000000000000e+00
 -4.375000000000000e-01 5.781250000000000e-01 0.000000000000000e+00
 -4.453125000000000e-01 5.703125000000000e-01 0.000000000000000e+00
 -4.531250000000000e-01 5.703125000000000e-01 0.000000000000000e+00
 -4.570312500000000e-01 5.664062500000000e-01 0.000000000000000e+00
 4.218750000000000e-01 5.781250000000000e-01 0.000000000000000e+00
 4.375000000000000e-01 5.781250000000000e-01 0.000000000000000e+00
 4.453125000000000e-01 5.703125000000000e-01 0.000000000000000e+00
 4.531250000000000e-01 5.703125000000000e-01 0.000000000000000e+00
 4.570312500000000e-01 5.664062500000000e-01 0.000000000000000e+00
 1.171875000000000e-01 5.546875000000000e-01 0.000000000000000e+00
 3.046875000000000e-01 5.859375000000000e-01 0.000000000000000e+00
 -4.218750000000000e-01 5.625000000000000e-01 0.000000000000000e+00
 -4.296875000000000e-01 5.546875000000000e-01 0.000000000000000e+00
 -3.632812500000000e-01 5.703125000000000e-01 0.000000000000000e+00
 -8.984375000000000e-02 5.742187500000000e-01 0.000000000000000e+00
 -8.593750000000000e-02 5.742187500000000e-01 0.000000000000000e+00
 -5.468750000000000e-01 5.781250000000000e-01 0.000000000000000e+00
 5.468750000000000e-01 5.781250000000000e-01 0.000000000000000e+00
 8.984375000000000e-02 5.742187500000000e-01 0.000000000000000e+00
 8.593750000000000e-02 5.742187500000000e-01 0.000000000000000e+00
 3.632812500000000e-01 5.703125000000000e-01 0.000000000000000e+00
 4.218750000000000e-01 5.625000000000000e-01 0.000000000000000e+00
 4.296875000000000e-01 5.546875000000000e-01 0.000000000000000e+00
 -3.984375000000000e-01 5.546875000000000e-01 0.000000000000000e+00
 -1.406250000000000e-01 5.781250000000000e-01 0.000000000000000e+00
 -1.406250000000000e-01 5.625000000000000e-01 0.000000000000000e+00
 -1.484375000000000e-01 5.546875000000000e-01 0.000000000000000e+00
 -1.914062500000000e-01 5.781250000000000e-01 0.000000000000000e+00
 -5.312500000000000e-01 5.781250000000000e-01 0.000000000000000e+00
 5.312500000000000e-01 5.781250000000000e-01 0.000000000000000e+00
 1.914062500000000e-01 5.781250000000000e-01 0.000000000000000e+00
 1.406250000000000e-01 5.781250000000000e-01 0.000000000000000e+00
 1.406250000000000e-01 5.625000000000000e-01 0.000000000000000e+00
 1.484375000000000e-01 5.546875000000000e-01 0.000000000000000e+00
 3.984375000000000e-01 5.546875000000000e-01 0.000000000000000e+00
 -4.140625000000000e-01 5.546875000000000e-01 0.000000000000000e+00
 -3.828125000000000e-01 5.703125000000000e-01 0.000000000000000e+00
 -3.750000000000000e-01 5.703125000000000e-01 0.000000000000000e+00
 -3.710937500000000e-01 5.664062500000000e-01 0.000000000000000e+00
 -1.328125000000000e-01 5.546875000000000e-01 0.000000000000000e+00
 -4.453125000000000e-01 5.625000000000000e-01 0.000000000000000e+00
 4.453125000000000e-01 5.625000000000000e-01 0.000000000000000e+00
 1.328125000000000e-01 5.546875000000000e-01 0.000000000000000e+00
 3.828125000000000e-01 5.703125000000000e-01 0.000000000000000e+00
 3.750000000000000e-01 5.703125000000000e-01 0.000000000000000e+00
 3.710937500000000e-01 5.664062500000000e-01 0.000000000000000e+00
 4.140625000000000e-01 5.546875000000000e-01 0.000000000000000e+00
 -5.078125000000000e-02 5.781250000000000e-01 0.000000000000000e+00
 -3.828125000000000e-01 5.625000000000000e-01 0.000000000000000e+00
 -3.242187500000000e-01 5.742187500000000e-01 0.000000000000000e+00
 -8.984375000000000e-02 5.703125000000000e-01 0.000000000000000e+00
 8.984375000000000e-02 5.703125000000000e-01 0.000000000000000e+00
 3.828125000000000e-01 5.625000000000000e-01 0.000000000000000e+00
 3.242187500000000e-01 5.742187500000000e-01 0.000000000000000e+00
 5.078125000000000e-02 5.781250000000000e-01 0.000000000000000e+00
 -3.906250000000000e-02 5.781250000000000e-01 0.000000000000000e+00
 -4.296875000000000e-02 5.820312500000000e-01 0.000000000000000e+00
 -2.343750000000000e-02 5.859375000000000e-01 0.000000000000000e+00
 -3.125000000000000e-02 5.859375000000000e-01 0.000000000000000e+00
 -4.687500000000000e-02 5.820312500000000e-01 0.000000000000000e+00
 -1.562500000000000e-01 5.781250000000000e-01 0.000000000000000e+00
 -1.640625000000000e-01 5.703125000000000e-01 0.000000000000000e+00
 -1.640625000000000e-01 5.625000000000000e-01 0.000000000000000e+00
 -9.765625000000000e-02 5.664062500000000e-01 0.000000000000000e+00
 -9.375000000000000e-02 5.664062500000000e-01 0.000000000000000e+00
 -1.796875000000000e-01 5.781250000000000e-01 0.000000000000000e+00
 -1.835937500000000e-01 5.742187500000000e-01 0.000000000000000e+00
 -1.835937500000000e-01 5.703125000000000e-01 0.000000000000000e+00
 -1.875000000000000e-01 5.742187500000000e-01 0.000000000000000e+00
 -8.164062500000000e-01 6.953125000000000e-01 0.000000000000000e+00
 8.164062500000000e-01 6.953125000000000e-01 0.000000000000000e+00
 1.796875000000000e-01 5.781250000000000e-01 0.000000000000000e+00
 1.835937500000000e-01 5.742187500000000e-01 0.000000000000000e+00
 1.875000000000000e-01 5.742187500000000e-01 0.000000000000000e+00
 1.835937500000000e-01 5.703125000000000e-01 0.000000000000000e+00
 9.765625000000000e-02 5.664062500000000e-01 0.000000000000000e+00
 9.375000000000000e-02 5.664062500000000e-01 0.000000000000000e+00
 1.562500000000000e-01 5.781250000000000e-01 0.000000000000000e+00
 1.640625000000000e-01 5.703125000000000e-01 0.000000000000000e+00
 1.640625000000000e-01 5.625000000000000e-01 0.000000000000000e+00
 2.343750000000000e-02 5.859375000000000e-01 0.000000000000000e+00
 3.906250000000000e-02 5.781250000000000e-01 0.000000000000000e+00
 4.296875000000000e-02 5.820312500000000e-01 0.000000000000000e+00
 4.687500000000000e-02 5.820312500000000e-01 0.000000000000000e+00
 3.125000000000000e-02 5.859375000000000e-01 0.000000000000000e+00
 -2.578125000000000e-01 5.859375000000000e-01 0.000000000000000e+00
 -1.718750000000000e-01 5.703125000000000e-01 0.000000000000000e+00
 -1.757812500000000e-01 5.664062500000000e-01 0.000000000000000e+00
 -1.796875000000000e-01 5.664062500000000e-01 0.000000000000000e+00
 1.718750000000000e-01 5.703125000000000e-01 0.000000000000000e+00
 1.757812500000000e-01 5.664062500000000e-01 0.000000000000000e+00
 1.796875000000000e-01 5.664062500000000e-01 0.000000000000000e+00
 2.578125000000000e-01 5.859375000000000e-01 0.000000000000000e+00
 -2.812500000000000e-01 5.781250000000000e-01 0.000000000000000e+00
 -2.890625000000000e-01 5.859375000000000e-01 0.000000000000000e+00
 -1.250000000000000e-01 5.781250000000000e-01 0.000000000000000e+00
 -1.171875000000000e-01 5.703125000000000e-01 0.000000000000000e+00
 -1.171875000000000e-01 5.625000000000000e-01 0.000000000000000e+00
 -4.492187500000000e-01 5.664062500000000e-01 0.000000000000000e+00
 -8.242187500000000e-01 7.070312500000000e-01 0.000000000000000e+00
 -8.203125000000000e-01 7.070312500000000e-01 0.000000000000000e+00
 8.242187500000000e-01 7.070312500000000e-01 0.000000000000000e+00
 8.203125000000000e-01 7.070312500000000e-01 0.000000000000000e+00
 4.492187500000000e-01 5.664062500000000e-01 0.000000000000000e+00
 1.250000000000000e-01 5.781250000000000e-01 0.000000000000000e+00
 1.171875000000000e-01 5.703125000000000e-01 0.000000000000000e+00
 1.171875000000000e-01 5.625000000000000e-01 0.000000000000000e+00
 2.812500000000000e-01 5.781250000000000e-01 0.000000000000000e+00
 2.890625000000000e-01 5.859375000000000e-01 0.000000000000000e+00
 0.000000000000000e+00 5.781250000000000e-01 0.000000000000000e+00
 -7.812500000000000e-03 5.859375000000000e-01 0.000000000000000e+00
 -2.734375000000000e-01 5.859375000000000e-01 0.000000000000000e+00
 -3.789062500000000e-01 5.664062500000000e-01 0.000000000000000e+00
 -4.062500000000000e-01 5.781250000000000e-01 0.000000000000000e+00
 -3.984375000000000e-01 5.703125000000000e-01 0.000000000000000e+00
 -3.984375000000000e-01 5.625000000000000e-01 0.000000000000000e+00
 -4.296875000000000e-01 5.703125000000000e-01 0.000000000000000e+00
 -4.296875000000000e-01 5.625000000000000e-01 0.000000000000000e+00
 -1.093750000000000e-01 5.703125000000000e-01 0.000000000000000e+00
 -1.054687500000000e-01 5.664062500000000e-01 0.000000000000000e+00
 1.093750000000000e-01 5.703125000000000e-01 0.000000000000000e+00
 1.054687500000000e-01 5.664062500000000e-01 0.000000000000000e+00
 3.789062500000000e-01 5.664062500000000e-01 0.000000000000000e+00
 4.296875000000000e-01 5.703125000000000e-01 0.000000000000000e+00
 4.296875000000000e-01 5.625000000000000e-01 0.000000000000000e+00
 4.062500000000000e-01 5.781250000000000e-01 0.000000000000000e+00
 3.984375000000000e-01 5.703125000000000e-01 0.000000000000000e+00
 3.984375000000000e-01 5.625000000000000e-01 0.000000000000000e+00
 2.734375000000000e-01 5.859375000000000e-01 0.000000000000000e+00
 7.812500000000000e-03 5.859375000000000e-01 0.000000000000000e+00
 -4.140625000000000e-01 5.703125000000000e-01 0.000000000000000e+00
 -4.140625000000000e-01 5.625000000000000e-01 0.000000000000000e+00
 -3.710937500000000e-01 5.742187500000000e-01 0.000000000000000e+00
 -3.710937500000000e-01 5.703125000000000e-01 0.000000000000000e+00
 -1.484375000000000e-01 5.703125000000000e-01 0.000000000000000e+00
 -1.484375000000000e-01 5.625000000000000e-01 0.000000000000000e+00
 -1.679687500000000e-01 5.664062500000000e-01 0.000000000000000e+00
 -1.328125000000000e-01 5.703125000000000e-01 0.000000000000000e+00
 -1.328125000000000e-01 5.625000000000000e-01 0.000000000000000e+00
 -1.015625000000000e-01 5.664062500000000e-01 0.000000000000000e+00
 -2.421875000000000e-01 5.703125000000000e-01 0.000000000000000e+00
 -2.421875000000000e-01 5.781250000000000e-01 0.000000000000000e+00
 -5.625000000000000e-01 5.781250000000000e-01 0.000000000000000e+00
 5.625000000000000e-01 5.781250000000000e-01 0.000000000000000e+00
 2.421875000000000e-01 5.703125000000000e-01 0.000000000000000e+00
 2.421875000000000e-01 5.781250000000000e-01 0.000000000000000e+00
 1.015625000000000e-01 5.664062500000000e-01 0.000000000000000e+00
 1.328125000000000e-01 5.703125000000000e-01 0.000000000000000e+00
 1.328125000000000e-01 5.625000000000000e-01 0.000000000000000e+00
 1.679687500000000e-01 5.664062500000000e-01 0.000000000000000e+00
 1.484375000000000e-01 5.703125000000000e-01 0.000000000000000e+00
 1.484375000000000e-01 5.625000000000000e-01 0.000000000000000e+00
 3.710937500000000e-01 5.742187500000000e-01 0.000000000000000e+00
 3.710937500000000e-01 5.703125000000000e-01 0.000000000000000e+00
 4.140625000000000e-01 5.703125000000000e-01 0.000000000000000e+00
 4.140625000000000e-01 5.625000000000000e-01 0.000000000000000e+00
 -1.562500000000000e-02 5.859375000000000e-01 0.000000000000000e+00
 -3.515625000000000e-02 5.820312500000000e-01 0.000000000000000e+00
 -3.906250000000000e-02 5.820312500000000e-01 0.000000000000000e+00
 -2.968750000000000e-01 5.468750000000000e-01 0.000000000000000e+00
 -2.968750000000000e-01 5.625000000000000e-01 0.000000000000000e+00
 -3.046875000000000e-01 5.703125000000000e-01 0.000000000000000e+00
 -3.046875000000000e-01 5.781250000000000e-01 0.000000000000000e+00
 -3.906250000000000e-01 5.703125000000000e-01 0.000000000000000e+00
 -3.867187500000000e-01 5.664062500000000e-01 0.000000000000000e+00
 -1.718750000000000e-01 5.664062500000000e-01 0.000000000000000e+00
 -1.093750000000000e-01 5.937500000000000e-01 0.000000000000000e+00
 -1.015625000000000e-01 5.859375000000000e-01 0.000000000000000e+00
 -1.015625000000000e-01 5.781250000000000e-01 0.000000000000000e+00
 -9.765625000000000e-02 5.742187500000000e-01 0.000000000000000e+00
 -9.765625000000000e-02 5.703125000000000e-01 0.000000000000000e+00
 -9.375000000000000e-02 5.742187500000000e-01 0.000000000000000e+00
 -1.132812500000000e-01 5.664062500000000e-01 0.000000000000000e+00
 -2.343750000000000e-01 5.703125000000000e-01 0.000000000000000e+00
 -2.304687500000000e-01 5.742187500000000e-01 0.000000000000000e+00
 -4.375000000000000e-01 5.703125000000000e-01 0.000000000000000e+00
 -4.414062500000000e-01 5.664062500000000e-01 0.000000000000000e+00
 4.375000000000000e-01 5.703125000000000e-01 0.000000000000000e+00
 4.414062500000000e-01 5.664062500000000e-01 0.000000000000000e+00
 2.343750000000000e-01 5.703125000000000e-01 0.000000000000000e+00
 2.304687500000000e-01 5.742187500000000e-01 0.000000000000000e+00
 1.132812500000000e-01 5.664062500000000e-01 0.000000000000000e+00
 1.093750000000000e-01 5.937500000000000e-01 0.000000000000000e+00
 1.015625000000000e-01 5.859375000000000e-01 0.000000000000000e+00
 1.015625000000000e-01 5.781250000000000e-01 0.000000000000000e+00
 9.765625000000000e-02 5.742187500000000e-01 0.000000000000000e+00
 9.375000000000000e-02 5.742187500000000e-01 0.000000000000000e+00
 9.765625000000000e-02 5.703125000000000e-01 0.000000000000000e+00
 1.718750000000000e-01 5.664062500000000e-01 0.000000000000000e+00
 3.906250000000000e-01 5.703125000000000e-01 0.000000000000000e+00
 3.867187500000000e-01 5.664062500000000e-01 0.000000000000000e+00
 2.968750000000000e-01 5.468750000000000e-01 0.000000000000000e+00
 2.968750000000000e-01 5.625000000000000e-01 0.000000000000000e+00
 3.046875000000000e-01 5.703125000000000e-01 0.000000000000000e+00
 3.046875000000000e-01 5.781250000000000e-01 0.000000000000000e+00
 3.515625000000000e-02 5.820312500000000e-01 0.000000000000000e+00
 3.906250000000000e-02 5.820312500000000e-01 0.000000000000000e+00
 1.562500000000000e-02 5.859375000000000e-01 0.000000000000000e+00
 0.000000000000000e+00 5.859375000000000e-01 0.000000000000000e+00
 -4.296875000000000e-02 5.742187500000000e-01 0.000000000000000e+00
 -4.296875000000000e-02 5.781250000000000e-01 0.000000000000000e+00
 -4.335937500000000e-01 5.664062500000000e-01 0.000000000000000e+00
 -1.562500000000000e-01 5.703125000000000e-01 0.000000000000000e+00
 -1.601562500000000e-01 5.664062500000000e-01 0.000000000000000e+00
 -1.757812500000000e-01 5.742187500000000e-01 0.000000000000000e+00
 -1.757812500000000e-01 5.703125000000000e-01 0.000000000000000e+00
 -9.375000000000000e-02 5.859375000000000e-01 0.000000000000000e+00
 -8.984375000000000e-02 5.820312500000000e-01 0.000000000000000e+00
 -8.984375000000000e-02 5.781250000000000e-01 0.000000000000000e+00
 -2.265625000000000e-01 5.742187500000000e-01 0.000000000000000e+00
 2.265625000000000e-01 5.742187500000000e-01 0.000000000000000e+00
 9.375000000000000e-02 5.859375000000000e-01 0.000000000000000e+00
 8.984375000000000e-02 5.820312500000000e-01 0.000000000000000e+00
 8.984375000000000e-02 5.781250000000000e-01 0.000000000000000e+00
 1.757812500000000e-01 5.742187500000000e-01 0.000000000000000e+00
 1.757812500000000e-01 5.703125000000000e-01 0.000000000000000e+00
 1.562500000000000e-01 5.703125000000000e-01 0.000000000000000e+00
 1.601562500000000e-01 5.664062500000000e-01 0.000000000000000e+00
 4.335937500000000e-01 5.664062500000000e-01 0.000000000000000e+00
 4.296875000000000e-02 5.742187500000000e-01 0.000000000000000e+00
 4.296875000000000e-02 5.781250000000000e-01 0.000000000000000e+00
 0.000000000000000e+00 5.312500000000000e-01 0.000000000000000e+00
 -1.562500000000000e-02 5.468750000000000e-01 0.000000000000000e+00
 -1.562500000000000e-02 5.625000000000000e-01 0.000000000000000e+00
 -2.343750000000000e-02 5.703125000000000e-01 0.000000000000000e+00
 -2.343750000000000e-02 5.781250000000000e-01 0.000000000000000e+00
 -2.734375000000000e-02 5.820312500000000e-01 0.000000000000000e+00
 -3.125000000000000e-01 5.703125000000000e-01 0.000000000000000e+00
 -3.164062500000000e-01 5.742187500000000e-01 0.000000000000000e+00
 -3.945312500000000e-01 5.664062500000000e-01 0.000000000000000e+00
 -4.062500000000000e-01 5.703125000000000e-01 0.000000000000000e+00
 -4.023437500000000e-01 5.664062500000000e-01 0.000000000000000e+00
 -4.218750000000000e-01 5.703125000000000e-01 0.000000000000000e+00
 -4.257812500000000e-01 5.664062500000000e-01 0.000000000000000e+00
 -4.062500000000000e-01 6.562500000000000e-01 0.000000000000000e+00
 -4.062500000000000e-01 6.250000000000000e-01 0.000000000000000e+00
 -3.906250000000000e-01 6.093750000000000e-01 0.000000000000000e+00
 -3.906250000000000e-01 5.937500000000000e-01 0.000000000000000e+00
 -3.828125000000000e-01 5.859375000000000e-01 0.000000000000000e+00
 -3.828125000000000e-01 5.781250000000000e-01 0.000000000000000e+00
 -3.789062500000000e-01 5.742187500000000e-01 0.000000000000000e+00
 -3.789062500000000e-01 5.703125000000000e-01 0.000000000000000e+00
 -1.250000000000000e-01 5.703125000000000e-01 0.000000000000000e+00
 -1.289062500000000e-01 5.664062500000000e-01 0.000000000000000e+00
 -1.523437500000000e-01 5.664062500000000e-01 0.000000000000000e+00
 -1.640625000000000e-01 5.664062500000000e-01 0.000000000000000e+00
 -1.093750000000000e-01 5.664062500000000e-01 0.000000000000000e+00
 -1.210937500000000e-01 5.664062500000000e-01 0.000000000000000e+00
 -2.265625000000000e-01 5.546875000000000e-01 0.000000000000000e+00
 -2.265625000000000e-01 5.625000000000000e-01 0.000000000000000e+00
 -2.226562500000000e-01 5.664062500000000e-01 0.000000000000000e+00
 -2.226562500000000e-01 5.703125000000000e-01 0.000000000000000e+00
 -1.796875000000000e-01 5.742187500000000e-01 0.000000000000000e+00
 1.796875000000000e-01 5.742187500000000e-01 0.000000000000000e+00
 2.265625000000000e-01 5.546875000000000e-01 0.000000000000000e+00
 2.265625000000000e-01 5.625000000000000e-01 0.000000000000000e+00
 2.226562500000000e-01 5.664062500000000e-01 0.000000000000000e+00
 2.226562500000000e-01 5.703125000000000e-01 0.000000000000000e+00
 1.250000000000000e-01 5.703125000000000e-01 0.000000000000000e+00
 1.210937500000000e-01 5.664062500000000e-01 0.000000000000000e+00
 1.093750000000000e-01 5.664062500000000e-01 0.000000000000000e+00
 1.640625000000000e-01 5.664062500000000e-01 0.000000000000000e+00
 1.523437500000000e-01 5.664062500000000e-01 0.000000000000000e+00
 1.289062500000000e-01 5.664062500000000e-01 0.000000000000000e+00
 4.062500000000000e-01 6.562500000000000e-01 0.000000000000000e+00
 4.062500000000000e-01 6.250000000000000e-01 0.000000000000000e+00
 3.906250000000000e-01 6.093750000000000e-01 0.000000000000000e+00
 3.906250000000000e-01 5.937500000000000e-01 0.000000000000000e+00
 3.828125000000000e-01 5.859375000000000e-01 0.000000000000000e+00
 3.828125000000000e-01 5.781250000000000e-01 0.000000000000000e+00
 3.789062500000000e-01 5.742187500000000e-01 0.000000000000000e+00
 3.789062500000000e-01 5.703125000000000e-01 0.000000000000000e+00
 4.218750000000000e-01 5.703125000000000e-01 0.000000000000000e+00
 4.257812500000000e-01 5.664062500000000e-01 0.000000000000000e+00
 4.062500000000000e-01 5.703125000000000e-01 0.000000000000000e+00
 4.023437500000000e-01 5.664062500000000e-01 0.000000000000000e+00
 3.945312500000000e-01 5.664062500000000e-01 0.000000000000000e+00
 3.125000000000000e-01 5.703125000000000e-01 0.000000000000000e+00
 3.164062500000000e-01 5.742187500000000e-01 0.000000000000000e+00
 1.562500000000000e-02 5.468750000000000e-01 0.000000000000000e+00
 1.562500000000000e-02 5.625000000000000e-01 0.000000000000000e+00
 2.343750000000000e-02 5.703125000000000e-01 0.000000000000000e+00
 2.343750000000000e-02 5.781250000000000e-01 0.000000000000000e+00
 2.734375000000000e-02 5.820312500000000e-01 0.000000000000000e+00
 -1.953125000000000e-02 5.820312500000000e-01 0.000000000000000e+00
 -3.125000000000000e-02 5.820312500000000e-01 0.000000000000000e+00
 -4.687500000000000e-02 5.742187500000000e-01 0.000000000000000e+00
 -2.890625000000000e-01 5.703125000000000e-01 0.000000000000000e+00
 -2.890625000000000e-01 5.781250000000000e-01 0.000000000000000e+00
 -2.656250000000000e-01 5.468750000000000e-01 0.000000000000000e+00
 -2.656250000000000e-01 5.625000000000000e-01 0.000000000000000e+00
 -2.578125000000000e-01 5.703125000000000e-01 0.000000000000000e+00
 -2.578125000000000e-01 5.781250000000000e-01 0.000000000000000e+00
 -4.101562500000000e-01 5.664062500000000e-01 0.000000000000000e+00
 -4.179687500000000e-01 5.664062500000000e-01 0.000000000000000e+00
 -1.406250000000000e-01 5.703125000000000e-01 0.000000000000000e+00
 -1.367187500000000e-01 5.664062500000000e-01 0.000000000000000e+00
 -1.445312500000000e-01 5.664062500000000e-01 0.000000000000000e+00
 -1.562500000000000e-01 5.664062500000000e-01 0.000000000000000e+00
 -1.640625000000000e-01 5.859375000000000e-01 0.000000000000000e+00
 -1.640625000000000e-01 5.781250000000000e-01 0.000000000000000e+00
 -1.679687500000000e-01 5.742187500000000e-01 0.000000000000000e+00
 -1.679687500000000e-01 5.703125000000000e-01 0.000000000000000e+00
 -1.171875000000000e-01 5.664062500000000e-01 0.000000000000000e+00
 -1.054687500000000e-01 5.742187500000000e-01 0.000000000000000e+00
 -1.054687500000000e-01 5.703125000000000e-01 0.000000000000000e+00
 -2.382812500000000e-01 5.742187500000000e-01 0.000000000000000e+00
 -1.835937500000000e-01 5.820312500000000e-01 0.000000000000000e+00
 -1.835937500000000e-01 5.781250000000000e-01 0.000000000000000e+00
 -8.359375000000000e-01 6.953125000000000e-01 0.000000000000000e+00
 -8.281250000000000e-01 6.953125000000000e-01 0.000000000000000e+00
 -8.242187500000000e-01 6.992187500000000e-01 0.000000000000000e+00
 -8.203125000000000e-01 6.992187500000000e-01 0.000000000000000e+00
 8.359375000000000e-01 6.953125000000000e-01 0.000000000000000e+00
 8.281250000000000e-01 6.953125000000000e-01 0.000000000000000e+00
 8.242187500000000e-01 6.992187500000000e-01 0.000000000000000e+00
 8.203125000000000e-01 6.992187500000000e-01 0.000000000000000e+00
 1.835937500000000e-01 5.820312500000000e-01 0.000000000000000e+00
 1.835937500000000e-01 5.781250000000000e-01 0.000000000000000e+00
 2.382812500000000e-01 5.742187500000000e-01 0.000000000000000e+00
 1.054687500000000e-01 5.742187500000000e-01 0.000000000000000e+00
 1.054687500000000e-01 5.703125000000000e-01 0.000000000000000e+00
 1.171875000000000e-01 5.664062500000000e-01 0.000000000000000e+00
 1.640625000000000e-01 5.859375000000000e-01 0.000000000000000e+00
 1.640625000000000e-01 5.781250000000000e-01 0.000000000000000e+00
 1.679687500000000e-01 5.742187500000000e-01 0.000000000000000e+00
 1.679687500000000e-01 5.703125000000000e-01 0.000000000000000e+00
 1.562500000000000e-01 5.664062500000000e-01 0.000000000000000e+00
 1.406250000000000e-01 5.703125000000000e-01 0.000000000000000e+00
 1.445312500000000e-01 5.664062500000000e-01 0.000000000000000e+00
 1.367187500000000e-01 5.664062500000000e-01 0.000000000000000e+00
 4.179687500000000e-01 5.664062500000000e-01 0.000000000000000e+00
 4.101562500000000e-01 5.664062500000000e-01 0.000000000000000e+00
 2.656250000000000e-01 5.468750000000000e-01 0.000000000000000e+00
 2.656250000000000e-01 5.625000000000000e-01 0.000000000000000e+00
 2.578125000000000e-01 5.703125000000000e-01 0.000000000000000e+00
 2.578125000000000e-01 5.781250000000000e-01 0.000000000000000e+00
 2.890625000000000e-01 5.703125000000000e-01 0.000000000000000e+00
 2.890625000000000e-01 5.781250000000000e-01 0.000000000000000e+00
 4.687500000000000e-02 5.742187500000000e-01 0.000000000000000e+00
 3.125000000000000e-02 5.820312500000000e-01 0.000000000000000e+00
 1.953125000000000e-02 5.820312500000000e-01 0.000000000000000e+00
 -7.812500000000000e-03 5.703125000000000e-01 0.000000000000000e+00
 -7.812500000000000e-03 5.781250000000000e-01 0.000000000000000e+00
 -1.171875000000000e-02 5.820312500000000e-01 0.000000000000000e+00
 -3.125000000000000e-02 5.703125000000000e-01 0.000000000000000e+00
 -3.515625000000000e-02 5.742187500000000e-01 0.000000000000000e+00
 -3.515625000000000e-02 5.781250000000000e-01 0.000000000000000e+00
 -2.734375000000000e-01 5.703125000000000e-01 0.000000000000000e+00
 -2.734375000000000e-01 5.781250000000000e-01 0.000000000000000e+00
 -3.867187500000000e-01 5.742187500000000e-01 0.000000000000000e+00
 -3.867187500000000e-01 5.703125000000000e-01 0.000000000000000e+00
 -1.250000000000000e-01 5.664062500000000e-01 0.000000000000000e+00
 -1.484375000000000e-01 5.664062500000000e-01 0.000000000000000e+00
 -1.015625000000000e-01 5.742187500000000e-01 0.000000000000000e+00
 -1.171875000000000e-01 5.859375000000000e-01 0.000000000000000e+00
 -1.171875000000000e-01 5.781250000000000e-01 0.000000000000000e+00
 -1.132812500000000e-01 5.742187500000000e-01 0.000000000000000e+00
 -1.132812500000000e-01 5.703125000000000e-01 0.000000000000000e+00
 -5.234375000000000e-01 5.703125000000000e-01 0.000000000000000e+00
 5.234375000000000e-01 5.703125000000000e-01 0.000000000000000e+00
 1.250000000000000e-01 5.664062500000000e-01 0.000000000000000e+00
 1.171875000000000e-01 5.859375000000000e-01 0.000000000000000e+00
 1.171875000000000e-01 5.781250000000000e-01 0.000000000000000e+00
 1.132812500000000e-01 5.742187500000000e-01 0.000000000000000e+00
 1.132812500000000e-01 5.703125000000000e-01 0.000000000000000e+00
 1.015625000000000e-01 5.742187500000000e-01 0.000000000000000e+00
 1.484375000000000e-01 5.664062500000000e-01 0.000000000000000e+00
 3.867187500000000e-01 5.742187500000000e-01 0.000000000000000e+00
 3.867187500000000e-01 5.703125000000000e-01 0.000000000000000e+00
 2.734375000000000e-01 5.703125000000000e-01 0.000000000000000e+00
 2.734375000000000e-01 5.781250000000000e-01 0.000000000000000e+00
 3.125000000000000e-02 5.703125000000000e-01 0.000000000000000e+00
 3.515625000000000e-02 5.742187500000000e-01 0.000000000000000e+00
 3.515625000000000e-02 5.781250000000000e-01 0.000000000000000e+00
 7.812500000000000e-03 5.703125000000000e-01 0.000000000000000e+00
 7.812500000000000e-03 5.781250000000000e-01 0.000000000000000e+00
 1.171875000000000e-02 5.820312500000000e-01 0.000000000000000e+00
 -3.906250000000000e-03 5.820312500000000e-01 0.000000000000000e+00
 -5.078125000000000e-02 5.664062500000000e-01 0.000000000000000e+00
 -5.078125000000000e-02 5.703125000000000e-01 0.000000000000000e+00
 -2.343750000000000e-02 5.820312500000000e-01 0.000000000000000e+00
 -3.085937500000000e-01 5.742187500000000e-01 0.000000000000000e+00
 -3.125000000000000e-01 5.468750000000000e-01 0.000000000000000e+00
 -3.203125000000000e-01 5.546875000000000e-01 0.000000000000000e+00
 -3.203125000000000e-01 5.625000000000000e-01 0.000000000000000e+00
 -3.242187500000000e-01 5.664062500000000e-01 0.000000000000000e+00
 -3.242187500000000e-01 5.703125000000000e-01 0.000000000000000e+00
 -1.601562500000000e-01 5.742187500000000e-01 0.000000000000000e+00
 -1.601562500000000e-01 5.703125000000000e-01 0.000000000000000e+00
 -1.718750000000000e-01 5.742187500000000e-01 0.000000000000000e+00
 -1.406250000000000e-01 5.664062500000000e-01 0.000000000000000e+00
 -1.328125000000000e-01 5.664062500000000e-01 0.000000000000000e+00
 -9.765625000000000e-02 5.820312500000000e-01 0.000000000000000e+00
 -9.765625000000000e-02 5.781250000000000e-01 0.000000000000000e+00
 -1.210937500000000e-01 5.742187500000000e-01 0.000000000000000e+00
 -1.210937500000000e-01 5.703125000000000e-01 0.000000000000000e+00
 -2.343750000000000e-01 5.742187500000000e-01 0.000000000000000e+00
 2.343750000000000e-01 5.742187500000000e-01 0.000000000000000e+00
 1.210937500000000e-01 5.742187500000000e-01 0.000000000000000e+00
 1.210937500000000e-01 5.703125000000000e-01 0.000000000000000e+00
 9.765625000000000e-02 5.820312500000000e-01 0.000000000000000e+00
 9.765625000000000e-02 5.781250000000000e-01 0.000000000000000e+00
 1.406250000000000e-01 5.664062500000000e-01 0.000000000000000e+00
 1.328125000000000e-01 5.664062500000000e-01 0.000000000000000e+00
 1.718750000000000e-01 5.742187500000000e-01 0.000000000000000e+00
 1.601562500000000e-01 5.742187500000000e-01 0.000000000000000e+00
 1.601562500000000e-01 5.703125000000000e-01 0.000000000000000e+00
 3.125000000000000e-01 5.468750000000000e-01 0.000000000000000e+00
 3.203125000000000e-01 5.546875000000000e-01 0.000000000000000e+00
 3.203125000000000e-01 5.625000000000000e-01 0.000000000000000e+00
 3.242187500000000e-01 5.664062500000000e-01 0.000000000000000e+00
 3.242187500000000e-01 5.703125000000000e-01 0.000000000000000e+00
 3.085937500000000e-01 5.742187500000000e-01 0.000000000000000e+00
 2.343750000000000e-02 5.820312500000000e-01 0.000000000000000e+00
 5.078125000000000e-02 5.664062500000000e-01 0.000000000000000e+00
 5.078125000000000e-02 5.703125000000000e-01 0.000000000000000e+00
 3.906250000000000e-03 5.820312500000000e-01 0.000000000000000e+00
 -1.562500000000000e-02 5.820312500000000e-01 0.000000000000000e+00
 -2.734375000000000e-02 5.742187500000000e-01 0.000000000000000e+00
 -2.734375000000000e-02 5.781250000000000e-01 0.000000000000000e+00
 -2.968750000000000e-01 5.703125000000000e-01 0.000000000000000e+00
 -3.007812500000000e-01 5.742187500000000e-01 0.000000000000000e+00
 -1.406250000000000e-01 6.093750000000000e-01 0.000000000000000e+00
 -1.406250000000000e-01 5.937500000000000e-01 0.000000000000000e+00
 -1.328125000000000e-01 5.859375000000000e-01 0.000000000000000e+00
 -1.328125000000000e-01 5.781250000000000e-01 0.000000000000000e+00
 -1.289062500000000e-01 5.742187500000000e-01 0.000000000000000e+00
 -1.289062500000000e-01 5.703125000000000e-01 0.000000000000000e+00
 -1.484375000000000e-01 5.859375000000000e-01 0.000000000000000e+00
 -1.484375000000000e-01 5.781250000000000e-01 0.000000000000000e+00
 -1.445312500000000e-01 5.742187500000000e-01 0.000000000000000e+00
 -1.445312500000000e-01 5.703125000000000e-01 0.000000000000000e+00
 -1.367187500000000e-01 5.742187500000000e-01 0.000000000000000e+00
 -1.367187500000000e-01 5.703125000000000e-01 0.000000000000000e+00
 -1.523437500000000e-01 5.742187500000000e-01 0.000000000000000e+00
 -1.523437500000000e-01 5.703125000000000e-01 0.000000000000000e+00
 -1.093750000000000e-01 5.742187500000000e-01 0.000000000000000e+00
 -2.500000000000000e-01 5.703125000000000e-01 0.000000000000000e+00
 -2.460937500000000e-01 5.742187500000000e-01 0.000000000000000e+00
 -1.718750000000000e-01 5.859375000000000e-01 0.000000000000000e+00
 -1.757812500000000e-01 5.820312500000000e-01 0.000000000000000e+00
 -1.757812500000000e-01 5.781250000000000e-01 0.000000000000000e+00
 1.718750000000000e-01 5.859375000000000e-01 0.000000000000000e+00
 1.757812500000000e-01 5.820312500000000e-01 0.000000000000000e+00
 1.757812500000000e-01 5.781250000000000e-01 0.000000000000000e+00
 2.500000000000000e-01 5.703125000000000e-01 0.000000000000000e+00
 2.460937500000000e-01 5.742187500000000e-01 0.000000000000000e+00
 1.093750000000000e-01 5.742187500000000e-01 0.000000000000000e+00
 1.406250000000000e-01 6.093750000000000e-01 0.000000000000000e+00
 1.406250000000000e-01 5.937500000000000e-01 0.000000000000000e+00
 1.484375000000000e-01 5.859375000000000e-01 0.000000000000000e+00
 1.484375000000000e-01 5.781250000000000e-01 0.000000000000000e+00
 1.523437500000000e-01 5.742187500000000e-01 0.000000000000000e+00
 1.523437500000000e-01 5.703125000000000e-01 0.000000000000000e+00
 1.328125000000000e-01 5.859375000000000e-01 0.000000000000000e+00
 1.328125000000000e-01 5.781250000000000e-01 0.000000000000000e+00
 1.367187500000000e-01 5.742187500000000e-01 0.000000000000000e+00
 1.367187500000000e-01 5.703125000000000e-01 0.000000000000000e+00
 1.445312500000000e-01 5.742187500000000e-01 0.000000000000000e+00
 1.445312500000000e-01 5.703125000000000e-01 0.000000000000000e+00
 1.289062500000000e-01 5.742187500000000e-01 0.000000000000000e+00
 1.289062500000000e-01 5.703125000000000e-01 0.000000000000000e+00
 2.968750000000000e-01 5.703125000000000e-01 0.000000000000000e+00
 3.007812500000000e-01 5.742187500000000e-01 0.000000000000000e+00
 2.734375000000000e-02 5.742187500000000e-01 0.000000000000000e+00
 2.734375000000000e-02 5.781250000000000e-01 0.000000000000000e+00
 1.562500000000000e-02 5.820312500000000e-01 0.000000000000000e+00
 0.000000000000000e+00 5.820312500000000e-01 0.000000000000000e+00
 -7.812500000000000e-03 5.820312500000000e-01 0.000000000000000e+00
 -3.906250000000000e-02 5.742187500000000e-01 0.000000000000000e+00
 -2.539062500000000e-01 5.742187500000000e-01 0.000000000000000e+00
 -2.929687500000000e-01 5.742187500000000e-01 0.000000000000000e+00
 -1.640625000000000e-01 5.742187500000000e-01 0.000000000000000e+00
 -1.171875000000000e-01 5.742187500000000e-01 0.000000000000000e+00
 -2.187500000000000e-01 5.664062500000000e-01 0.000000000000000e+00
 -8.359375000000000e-01 7.187500000000000e-01 0.000000000000000e+00
 8.359375000000000e-01 7.187500000000000e-01 0.000000000000000e+00
 2.187500000000000e-01 5.664062500000000e-01 0.000000000000000e+00
 1.171875000000000e-01 5.742187500000000e-01 0.000000000000000e+00
 1.640625000000000e-01 5.742187500000000e-01 0.000000000000000e+00
 2.929687500000000e-01 5.742187500000000e-01 0.000000000000000e+00
 2.539062500000000e-01 5.742187500000000e-01 0.000000000000000e+00
 3.906250000000000e-02 5.742187500000000e-01 0.000000000000000e+00
 7.812500000000000e-03 5.820312500000000e-01 0.000000000000000e+00
 -1.562500000000000e-02 5.703125000000000e-01 0.000000000000000e+00
 -1.171875000000000e-02 5.742187500000000e-01 0.000000000000000e+00
 -1.171875000000000e-02 5.781250000000000e-01 0.000000000000000e+00
 -1.953125000000000e-02 5.742187500000000e-01 0.000000000000000e+00
 -1.953125000000000e-02 5.781250000000000e-01 0.000000000000000e+00
 -2.656250000000000e-01 5.703125000000000e-01 0.000000000000000e+00
 -2.617187500000000e-01 5.742187500000000e-01 0.000000000000000e+00
 -2.812500000000000e-01 5.703125000000000e-01 0.000000000000000e+00
 -2.851562500000000e-01 5.742187500000000e-01 0.000000000000000e+00
 -2.773437500000000e-01 5.742187500000000e-01 0.000000000000000e+00
 -2.695312500000000e-01 5.742187500000000e-01 0.000000000000000e+00
 -1.250000000000000e-01 5.742187500000000e-01 0.000000000000000e+00
 -1.679687500000000e-01 5.820312500000000e-01 0.000000000000000e+00
 -1.679687500000000e-01 5.781250000000000e-01 0.000000000000000e+00
 -1.562500000000000e-01 5.742187500000000e-01 0.000000000000000e+00
 -1.484375000000000e-01 5.742187500000000e-01 0.000000000000000e+00
 -1.093750000000000e-01 5.859375000000000e-01 0.000000000000000e+00
 -1.054687500000000e-01 5.820312500000000e-01 0.000000000000000e+00
 -1.054687500000000e-01 5.781250000000000e-01 0.000000000000000e+00
 -2.304687500000000e-01 5.664062500000000e-01 0.000000000000000e+00
 -2.304687500000000e-01 5.703125000000000e-01 0.000000000000000e+00
 -2.421875000000000e-01 5.742187500000000e-01 0.000000000000000e+00
 -5.468750000000000e-01 5.468750000000000e-01 0.000000000000000e+00
 -5.468750000000000e-01 5.625000000000000e-01 0.000000000000000e+00
 -5.390625000000000e-01 5.703125000000000e-01 0.000000000000000e+00
 -8.242187500000000e-01 6.914062500000000e-01 0.000000000000000e+00
 -8.203125000000000e-01 6.914062500000000e-01 0.000000000000000e+00
 8.242187500000000e-01 6.914062500000000e-01 0.000000000000000e+00
 8.203125000000000e-01 6.914062500000000e-01 0.000000000000000e+00
 5.468750000000000e-01 5.468750000000000e-01 0.000000000000000e+00
 5.468750000000000e-01 5.625000000000000e-01 0.000000000000000e+00
 5.390625000000000e-01 5.703125000000000e-01 0.000000000000000e+00
 2.421875000000000e-01 5.742187500000000e-01 0.000000000000000e+00
 2.304687500000000e-01 5.664062500000000e-01 0.000000000000000e+00
 2.304687500000000e-01 5.703125000000000e-01 0.000000000000000e+00
 1.250000000000000e-01 5.742187500000000e-01 0.000000000000000e+00
 1.093750000000000e-01 5.859375000000000e-01 0.000000000000000e+00
 1.054687500000000e-01 5.820312500000000e-01 0.000000000000000e+00
 1.054687500000000e-01 5.781250000000000e-01 0.000000000000000e+00
 1.484375000000000e-01 5.742187500000000e-01 0.000000000000000e+00
 1.562500000000000e-01 5.742187500000000e-01 0.000000000000000e+00
 1.679687500000000e-01 5.820312500000000e-01 0.000000000000000e+00
 1.679687500000000e-01 5.781250000000000e-01 0.000000000000000e+00
 2.656250000000000e-01 5.703125000000000e-01 0.000000000000000e+00
 2.695312500000000e-01 5.742187500000000e-01 0.000000000000000e+00
 2.812500000000000e-01 5.703125000000000e-01 0.000000000000000e+00
 2.773437500000000e-01 5.742187500000000e-01 0.000000000000000e+00
 2.851562500000000e-01 5.742187500000000e-01 0.000000000000000e+00
 2.617187500000000e-01 5.742187500000000e-01 0.000000000000000e+00
 1.562500000000000e-02 5.703125000000000e-01 0.000000000000000e+00
 1.953125000000000e-02 5.742187500000000e-01 0.000000000000000e+00
 1.953125000000000e-02 5.781250000000000e-01 0.000000000000000e+00
 1.171875000000000e-02 5.742187500000000e-01 0.000000000000000e+00
 1.171875000000000e-02 5.781250000000000e-01 0.000000000000000e+00
 0.000000000000000e+00 5.703125000000000e-01 0.000000000000000e+00
 -3.906250000000000e-03 5.742187500000000e-01 0.000000000000000e+00
 -3.906250000000000e-03 5.781250000000000e-01 0.000000000000000e+00
 -3.125000000000000e-02 5.742187500000000e-01 0.000000000000000e+00
 -3.125000000000000e-02 5.468750000000000e-01 0.000000000000000e+00
 -3.906250000000000e-02 5.546875000000000e-01 0.000000000000000e+00
 -3.906250000000000e-02 5.625000000000000e-01 0.000000000000000e+00
 -4.296875000000000e-02 5.664062500000000e-01 0.000000000000000e+00
 -4.296875000000000e-02 5.703125000000000e-01 0.000000000000000e+00
 -3.164062500000000e-01 5.664062500000000e-01 0.000000000000000e+00
 -3.164062500000000e-01 5.703125000000000e-01 0.000000000000000e+00
 -1.328125000000000e-01 5.742187500000000e-01 0.000000000000000e+00
 -1.406250000000000e-01 5.742187500000000e-01 0.000000000000000e+00
 -1.132812500000000e-01 5.820312500000000e-01 0.000000000000000e+00
 -1.132812500000000e-01 5.781250000000000e-01 0.000000000000000e+00
 -2.500000000000000e-01 5.742187500000000e-01 0.000000000000000e+00
 -5.546875000000000e-01 5.703125000000000e-01 0.000000000000000e+00
 -5.156250000000000e-01 5.703125000000000e-01 0.000000000000000e+00
 5.156250000000000e-01 5.703125000000000e-01 0.000000000000000e+00
 5.546875000000000e-01 5.703125000000000e-01 0.000000000000000e+00
 2.500000000000000e-01 5.742187500000000e-01 0.000000000000000e+00
 1.132812500000000e-01 5.820312500000000e-01 0.000000000000000e+00
 1.132812500000000e-01 5.781250000000000e-01 0.000000000000000e+00
 1.406250000000000e-01 5.742187500000000e-01 0.000000000000000e+00
 1.328125000000000e-01 5.742187500000000e-01 0.000000000000000e+00
 3.164062500000000e-01 5.664062500000000e-01 0.000000000000000e+00
 3.164062500000000e-01 5.703125000000000e-01 0.000000000000000e+00
 3.125000000000000e-02 5.742187500000000e-01 0.000000000000000e+00
 3.125000000000000e-02 5.468750000000000e-01 0.000000000000000e+00
 3.906250000000000e-02 5.546875000000000e-01 0.000000000000000e+00
 3.906250000000000e-02 5.625000000000000e-01 0.000000000000000e+00
 4.296875000000000e-02 5.664062500000000e-01 0.000000000000000e+00
 4.296875000000000e-02 5.703125000000000e-01 0.000000000000000e+00
 3.906250000000000e-03 5.742187500000000e-01 0.000000000000000e+00
 3.906250000000000e-03 5.781250000000000e-01 0.000000000000000e+00
 -2.343750000000000e-02 5.742187500000000e-01 0.000000000000000e+00
 -2.578125000000000e-01 5.742187500000000e-01 0.000000000000000e+00
 -2.968750000000000e-01 5.742187500000000e-01 0.000000000000000e+00
 -1.562500000000000e-01 5.859375000000000e-01 0.000000000000000e+00
 -1.601562500000000e-01 5.820312500000000e-01 0.000000000000000e+00
 -1.601562500000000e-01 5.781250000000000e-01 0.000000000000000e+00
 -1.523437500000000e-01 5.820312500000000e-01 0.000000000000000e+00
 -1.523437500000000e-01 5.781250000000000e-01 0.000000000000000e+00
 -1.250000000000000e-01 5.859375000000000e-01 0.000000000000000e+00
 -1.210937500000000e-01 5.820312500000000e-01 0.000000000000000e+00
 -1.210937500000000e-01 5.781250000000000e-01 0.000000000000000e+00
 -2.500000000000000e-01 5.468750000000000e-01 0.000000000000000e+00
 -2.421875000000000e-01 5.546875000000000e-01 0.000000000000000e+00
 -2.421875000000000e-01 5.625000000000000e-01 0.000000000000000e+00
 -2.382812500000000e-01 5.664062500000000e-01 0.000000000000000e+00
 -2.382812500000000e-01 5.703125000000000e-01 0.000000000000000e+00
 2.500000000000000e-01 5.468750000000000e-01 0.000000000000000e+00
 2.421875000000000e-01 5.546875000000000e-01 0.000000000000000e+00
 2.421875000000000e-01 5.625000000000000e-01 0.000000000000000e+00
 2.382812500000000e-01 5.664062500000000e-01 0.000000000000000e+00
 2.382812500000000e-01 5.703125000000000e-01 0.000000000000000e+00
 1.250000000000000e-01 5.859375000000000e-01 0.000000000000000e+00
 1.210937500000000e-01 5.820312500000000e-01 0.000000000000000e+00
 1.210937500000000e-01 5.781250000000000e-01 0.000000000000000e+00
 1.562500000000000e-01 5.859375000000000e-01 0.000000000000000e+00
 1.523437500000000e-01 5.820312500000000e-01 0.000000000000000e+00
 1.523437500000000e-01 5.781250000000000e-01 0.000000000000000e+00
 1.601562500000000e-01 5.820312500000000e-01 0.000000000000000e+00
 1.601562500000000e-01 5.781250000000000e-01 0.000000000000000e+00
 2.968750000000000e-01 5.742187500000000e-01 0.000000000000000e+00
 2.578125000000000e-01 5.742187500000000e-01 0.000000000000000e+00
 2.343750000000000e-02 5.742187500000000e-01 0.000000000000000e+00
 -7.812500000000000e-03 5.742187500000000e-01 0.000000000000000e+00
 -3.515625000000000e-02 5.664062500000000e-01 0.000000000000000e+00
 -3.515625000000000e-02 5.703125000000000e-01 0.000000000000000e+00
 -1.562500000000000e-02 5.742187500000000e-01 0.000000000000000e+00
 -3.046875000000000e-01 5.546875000000000e-01 0.000000000000000e+00
 -3.046875000000000e-01 5.625000000000000e-01 0.000000000000000e+00
 -3.085937500000000e-01 5.664062500000000e-01 0.000000000000000e+00
 -3.085937500000000e-01 5.703125000000000e-01 0.000000000000000e+00
 -2.890625000000000e-01 5.742187500000000e-01 0.000000000000000e+00
 -2.812500000000000e-01 5.742187500000000e-01 0.000000000000000e+00
 -2.656250000000000e-01 5.742187500000000e-01 0.000000000000000e+00
 -2.734375000000000e-01 5.742187500000000e-01 0.000000000000000e+00
 -1.289062500000000e-01 5.820312500000000e-01 0.000000000000000e+00
 -1.289062500000000e-01 5.781250000000000e-01 0.000000000000000e+00
 -1.406250000000000e-01 5.859375000000000e-01 0.000000000000000e+00
 -1.367187500000000e-01 5.820312500000000e-01 0.000000000000000e+00
 -1.367187500000000e-01 5.781250000000000e-01 0.000000000000000e+00
 -1.445312500000000e-01 5.820312500000000e-01 0.000000000000000e+00
 -1.445312500000000e-01 5.781250000000000e-01 0.000000000000000e+00
 1.406250000000000e-01 5.859375000000000e-01 0.000000000000000e+00
 1.445312500000000e-01 5.820312500000000e-01 0.000000000000000e+00
 1.445312500000000e-01 5.781250000000000e-01 0.000000000000000e+00
 1.367187500000000e-01 5.820312500000000e-01 0.000000000000000e+00
 1.367187500000000e-01 5.781250000000000e-01 0.000000000000000e+00
 1.289062500000000e-01 5.820312500000000e-01 0.000000000000000e+00
 1.289062500000000e-01 5.781250000000000e-01 0.000000000000000e+00
 2.734375000000000e-01 5.742187500000000e-01 0.000000000000000e+00
 2.812500000000000e-01 5.742187500000000e-01 0.000000000000000e+00
 2.656250000000000e-01 5.742187500000000e-01 0.000000000000000e+00
 2.890625000000000e-01 5.742187500000000e-01 0.000000000000000e+00
 3.046875000000000e-01 5.546875000000000e-01 0.000000000000000e+00
 3.046875000000000e-01 5.625000000000000e-01 0.000000000000000e+00
 3.085937500000000e-01 5.664062500000000e-01 0.000000000000000e+00
 3.085937500000000e-01 5.703125000000000e-01 0.000000000000000e+00
 1.562500000000000e-02 5.742187500000000e-01 0.000000000000000e+00
 3.515625000000000e-02 5.664062500000000e-01 0.000000000000000e+00
 3.515625000000000e-02 5.703125000000000e-01 0.000000000000000e+00
 7.812500000000000e-03 5.742187500000000e-01 0.000000000000000e+00
 0.000000000000000e+00 5.742187500000000e-01 0.000000000000000e+00
 -3.007812500000000e-01 5.664062500000000e-01 0.000000000000000e+00
 -3.007812500000000e-01 5.703125000000000e-01 0.000000000000000e+00
 -2.460937500000000e-01 5.664062500000000e-01 0.000000000000000e+00
 -2.460937500000000e-01 5.703125000000000e-01 0.000000000000000e+00
 2.460937500000000e-01 5.664062500000000e-01 0.000000000000000e+00
 2.460937500000000e-01 5.703125000000000e-01 0.000000000000000e+00
 3.007812500000000e-01 5.664062500000000e-01 0.000000000000000e+00
 3.007812500000000e-01 5.703125000000000e-01 0.000000000000000e+00
 -2.343750000000000e-02 5.546875000000000e-01 0.000000000000000e+00
 -2.343750000000000e-02 5.625000000000000e-01 0.000000000000000e+00
 -2.734375000000000e-02 5.664062500000000e-01 0.000000000000000e+00
 -2.734375000000000e-02 5.703125000000000e-01 0.000000000000000e+00
 -2.578125000000000e-01 5.546875000000000e-01 0.000000000000000e+00
 -2.578125000000000e-01 5.625000000000000e-01 0.000000000000000e+00
 -2.539062500000000e-01 5.664062500000000e-01 0.000000000000000e+00
 -2.539062500000000e-01 5.703125000000000e-01 0.000000000000000e+00
 -2.812500000000000e-01 5.468750000000000e-01 0.000000000000000e+00
 -2.890625000000000e-01 5.546875000000000e-01 0.000000000000000e+00
 -2.890625000000000e-01 5.625000000000000e-01 0.000000000000000e+00
 -2.851562500000000e-01 5.664062500000000e-01 0.000000000000000e+00
 -2.851562500000000e-01 5.703125000000000e-01 0.000000000000000e+00
 -2.929687500000000e-01 5.664062500000000e-01 0.000000000000000e+00
 -2.929687500000000e-01 5.703125000000000e-01 0.000000000000000e+00
 -2.617187500000000e-01 5.664062500000000e-01 0.000000000000000e+00
 -2.617187500000000e-01 5.703125000000000e-01 0.000000000000000e+00
 -2.265625000000000e-01 5.664062500000000e-01 0.000000000000000e+00
 -8.242187500000000e-01 7.031250000000000e-01 0.000000000000000e+00
 8.242187500000000e-01 7.031250000000000e-01 0.000000000000000e+00
 2.265625000000000e-01 5.664062500000000e-01 0.000000000000000e+00
 2.578125000000000e-01 5.546875000000000e-01 0.000000000000000e+00
 2.578125000000000e-01 5.625000000000000e-01 0.000000000000000e+00
 2.617187500000000e-01 5.664062500000000e-01 0.000000000000000e+00
 2.617187500000000e-01 5.703125000000000e-01 0.000000000000000e+00
 2.812500000000000e-01 5.468750000000000e-01 0.000000000000000e+00
 2.890625000000000e-01 5.546875000000000e-01 0.000000000000000e+00
 2.890625000000000e-01 5.625000000000000e-01 0.000000000000000e+00
 2.929687500000000e-01 5.664062500000000e-01 0.000000000000000e+00
 2.929687500000000e-01 5.703125000000000e-01 0.000000000000000e+00
 2.851562500000000e-01 5.664062500000000e-01 0.000000000000000e+00
 2.851562500000000e-01 5.703125000000000e-01 0.000000000000000e+00
 2.539062500000000e-01 5.664062500000000e-01 0.000000000000000e+00
 2.539062500000000e-01 5.703125000000000e-01 0.000000000000000e+00
 2.343750000000000e-02 5.546875000000000e-01 0.000000000000000e+00
 2.343750000000000e-02 5.625000000000000e-01 0.000000000000000e+00
 2.734375000000000e-02 5.664062500000000e-01 0.000000000000000e+00
 2.734375000000000e-02 5.703125000000000e-01 0.000000000000000e+00
 0.000000000000000e+00 5.468750000000000e-01 0.000000000000000e+00
 -7.812500000000000e-03 5.546875000000000e-01 0.000000000000000e+00
 -7.812500000000000e-03 5.625000000000000e-01 0.000000000000000e+00
 -3.906250000000000e-03 5.664062500000000e-01 0.000000000000000e+00
 -3.906250000000000e-03 5.703125000000000e-01 0.000000000000000e+00
 -1.953125000000000e-02 5.664062500000000e-01 0.000000000000000e+00
 -1.953125000000000e-02 5.703125000000000e-01 0.000000000000000e+00
 -1.171875000000000e-02 5.664062500000000e-01 0.000000000000000e+00
 -1.171875000000000e-02 5.703125000000000e-01 0.000000000000000e+00
 -2.734375000000000e-01 5.546875000000000e-01 0.000000000000000e+00
 -2.734375000000000e-01 5.625000000000000e-01 0.000000000000000e+00
 -2.695312500000000e-01 5.664062500000000e-01 0.000000000000000e+00
 -2.695312500000000e-01 5.703125000000000e-01 0.000000000000000e+00
 -2.773437500000000e-01 5.664062500000000e-01 0.000000000000000e+00
 -2.773437500000000e-01 5.703125000000000e-01 0.000000000000000e+00
 -5.312500000000000e-01 5.703125000000000e-01 0.000000000000000e+00
 -8.320312500000000e-01 7.148437500000000e-01 0.000000000000000e+00
 8.320312500000000e-01 7.148437500000000e-01 0.000000000000000e+00
 5.312500000000000e-01 5.703125000000000e-01 0.000000000000000e+00
 2.734375000000000e-01 5.546875000000000e-01 0.000000000000000e+00
 2.734375000000000e-01 5.625000000000000e-01 0.000000000000000e+00
 2.773437500000000e-01 5.664062500000000e-01 0.000000000000000e+00
 2.773437500000000e-01 5.703125000000000e-01 0.000000000000000e+00
 2.695312500000000e-01 5.664062500000000e-01 0.000000000000000e+00
 2.695312500000000e-01 5.703125000000000e-01 0.000000000000000e+00
 7.812500000000000e-03 5.546875000000000e-01 0.000000000000000e+00
 7.812500000000000e-03 5.625000000000000e-01 0.000000000000000e+00
 1.171875000000000e-02 5.664062500000000e-01 0.000000000000000e+00
 1.171875000000000e-02 5.703125000000000e-01 0.000000000000000e+00
 1.953125000000000e-02 5.664062500000000e-01 0.000000000000000e+00
 1.953125000000000e-02 5.703125000000000e-01 0.000000000000000e+00
 3.906250000000000e-03 5.664062500000000e-01 0.000000000000000e+00
 3.906250000000000e-03 5.703125000000000e-01 0.000000000000000e+00
 -3.125000000000000e-01 5.664062500000000e-01 0.000000000000000e+00
 3.125000000000000e-01 5.664062500000000e-01 0.000000000000000e+00
 -2.343750000000000e-01 5.664062500000000e-01 0.000000000000000e+00
 2.343750000000000e-01 5.664062500000000e-01 0.000000000000000e+00
 -3.046875000000000e-01 5.664062500000000e-01 0.000000000000000e+00
 -2.421875000000000e-01 5.664062500000000e-01 0.000000000000000e+00
 -8.242187500000000e-01 6.953125000000000e-01 0.000000000000000e+00
 8.242187500000000e-01 6.953125000000000e-01 0.000000000000000e+00
 2.421875000000000e-01 5.664062500000000e-01 0.000000000000000e+00
 3.046875000000000e-01 5.664062500000000e-01 0.000000000000000e+00
 -2.968750000000000e-01 5.664062500000000e-01 0.000000000000000e+00
 -2.500000000000000e-01 5.664062500000000e-01 0.000000000000000e+00
 2.500000000000000e-01 5.664062500000000e-01 0.000000000000000e+00
 2.968750000000000e-01 5.664062500000000e-01 0.000000000000000e+00
 -2.812500000000000e-01 5.664062500000000e-01 0.000000000000000e+00
 -2.890625000000000e-01 5.664062500000000e-01 0.000000000000000e+00
 -2.656250000000000e-01 5.664062500000000e-01 0.000000000000000e+00
 -2.734375000000000e-01 5.664062500000000e-01 0.000000000000000e+00
 -2.578125000000000e-01 5.664062500000000e-01 0.000000000000000e+00
 2.812500000000000e-01 5.664062500000000e-01 0.000000000000000e+00
 2.656250000000000e-01 5.664062500000000e-01 0.000000000000000e+00
 2.578125000000000e-01 5.664062500000000e-01 0.000000000000000e+00
 2.734375000000000e-01 5.664062500000000e-01 0.000000000000000e+00
 2.890625000000000e-01 5.664062500000000e-01 0.000000000000000e+00
 -8.359375000000000e-01 7.031250000000000e-01 0.000000000000000e+00
 -8.320312500000000e-01 7.070312500000000e-01 0.000000000000000e+00
 -8.281250000000000e-01 7.070312500000000e-01 0.000000000000000e+00
 8.359375000000000e-01 7.031250000000000e-01 0.000000000000000e+00
 8.320312500000000e-01 7.070312500000000e-01 0.000000000000000e+00
 8.281250000000000e-01 7.070312500000000e-01 0.000000000000000e+00
 -8.593750000000000e-01 7.187500000000000e-01 0.000000000000000e+00
 -8.515625000000000e-01 7.265625000000000e-01 0.000000000000000e+00
 8.593750000000000e-01 7.187500000000000e-01 0.000000000000000e+00
 8.515625000000000e-01 7.265625000000000e-01 0.000000000000000e+00
 -8.320312500000000e-01 6.992187500000000e-01 0.000000000000000e+00
 -8.281250000000000e-01 6.992187500000000e-01 0.000000000000000e+00
 8.320312500000000e-01 6.992187500000000e-01 0.000000000000000e+00
 8.281250000000000e-01 6.992187500000000e-01 0.000000000000000e+00
 -4.960937500000000e-01 5.664062500000000e-01 0.000000000000000e+00
 4.960937500000000e-01 5.664062500000000e-01 0.000000000000000e+00
 -5.078125000000000e-01 5.546875000000000e-01 0.000000000000000e+00
 -5.078125000000000e-01 5.625000000000000e-01 0.000000000000000e+00
 -5.039062500000000e-01 5.664062500000000e-01 0.000000000000000e+00
 5.078125000000000e-01 5.546875000000000e-01 0.000000000000000e+00
 5.078125000000000e-01 5.625000000000000e-01 0.000000000000000e+00
 5.039062500000000e-01 5.664062500000000e-01 0.000000000000000e+00
 -8.320312500000000e-01 7.109375000000000e-01 0.000000000000000e+00
 8.320312500000000e-01 7.109375000000000e-01 0.000000000000000e+00
 -8.320312500000000e-01 7.031250000000000e-01 0.000000000000000e+00
 8.320312500000000e-01 7.031250000000000e-01 0.000000000000000e+00
 -8.515625000000000e-01 7.109375000000000e-01 0.000000000000000e+00
 -8.437500000000000e-01 7.109375000000000e-01 0.000000000000000e+00
 -8.398437500000000e-01 7.148437500000000e-01 0.000000000000000e+00
 8.515625000000000e-01 7.109375000000000e-01 0.000000000000000e+00
 8.437500000000000e-01 7.109375000000000e-01 0.000000000000000e+00
 8.398437500000000e-01 7.148437500000000e-01 0.000000000000000e+00
 -8.398437500000000e-01 7.070312500000000e-01 0.000000000000000e+00
 -8.359375000000000e-01 7.070312500000000e-01 0.000000000000000e+00
 8.398437500000000e-01 7.070312500000000e-01 0.000000000000000e+00
 8.359375000000000e-01 7.070312500000000e-01 0.000000000000000e+00
 -8.906250000000000e-01 7.343750000000000e-01 0.000000000000000e+00
 -8.750000000000000e-01 7.343750000000000e-01 0.000000000000000e+00
 8.906250000000000e-01 7.343750000000000e-01 0.000000000000000e+00
 8.750000000000000e-01 7.343750000000000e-01 0.000000000000000e+00
 -8.398437500000000e-01 7.109375000000000e-01 0.000000000000000e+00
 -8.515625000000000e-01 7.187500000000000e-01 0.000000000000000e+00
 8.515625000000000e-01 7.187500000000000e-01 0.000000000000000e+00
 8.398437500000000e-01 7.109375000000000e-01 0.000000000000000e+00
 -4.843750000000000e-01 5.664062500000000e-01 0.000000000000000e+00
 -7.187500000000000e-01 6.250000000000000e-01 0.000000000000000e+00
 -7.343750000000000e-01 6.093750000000000e-01 0.000000000000000e+00
 7.187500000000000e-01 6.250000000000000e-01 0.000000000000000e+00
 7.343750000000000e-01 6.093750000000000e-01 0.000000000000000e+00
 4.843750000000000e-01 5.664062500000000e-01 0.000000000000000e+00
 -4.765625000000000e-01 5.664062500000000e-01 0.000000000000000e+00
 4.765625000000000e-01 5.664062500000000e-01 0.000000000000000e+00
 -8.476562500000000e-01 7.148437500000000e-01 0.000000000000000e+00
 -8.437500000000000e-01 7.148437500000000e-01 0.000000000000000e+00
 8.476562500000000e-01 7.148437500000000e-01 0.000000000000000e+00
 8.437500000000000e-01 7.148437500000000e-01 0.000000000000000e+00
 -4.687500000000000e-01 5.664062500000000e-01 0.000000000000000e+00
 4.687500000000000e-01 5.664062500000000e-01 0.000000000000000e+00
 -4.609375000000000e-01 5.664062500000000e-01 0.000000000000000e+00
 4.609375000000000e-01 5.664062500000000e-01 0.000000000000000e+00
 -4.531250000000000e-01 5.664062500000000e-01 0.000000000000000e+00
 -8.671875000000000e-01 7.265625000000000e-01 0.000000000000000e+00
 -8.593750000000000e-01 7.265625000000000e-01 0.000000000000000e+00
 8.671875000000000e-01 7.265625000000000e-01 0.000000000000000e+00
 8.593750000000000e-01 7.265625000000000e-01 0.000000000000000e+00
 4.531250000000000e-01 5.664062500000000e-01 0.000000000000000e+00
 -8.906250000000000e-01 7.500000000000000e-01 0.000000000000000e+00
 8.906250000000000e-01 7.500000000000000e-01 0.000000000000000e+00
 -4.453125000000000e-01 5.664062500000000e-01 0.000000000000000e+00
 4.453125000000000e-01 5.664062500000000e-01 0.000000000000000e+00
 -4.687500000000000e-01 5.546875000000000e-01 0.000000000000000e+00
 4.687500000000000e-01 5.546875000000000e-01 0.000000000000000e+00
 -4.375000000000000e-01 5.664062500000000e-01 0.000000000000000e+00
 4.375000000000000e-01 5.664062500000000e-01 0.000000000000000e+00
 -4.648437500000000e-01 5.585937500000000e-01 0.000000000000000e+00
 -4.648437500000000e-01 5.625000000000000e-01 0.000000000000000e+00
 4.648437500000000e-01 5.585937500000000e-01 0.000000000000000e+00
 4.648437500000000e-01 5.625000000000000e-01 0.000000000000000e+00
 -4.296875000000000e-01 5.664062500000000e-01 0.000000000000000e+00
 4.296875000000000e-01 5.664062500000000e-01 0.000000000000000e+00
 -8.554687500000000e-01 7.226562500000000e-01 0.000000000000000e+00
 8.554687500000000e-01 7.226562500000000e-01 0.000000000000000e+00
 -4.531250000000000e-01 5.546875000000000e-01 0.000000000000000e+00
 -4.570312500000000e-01 5.585937500000000e-01 0.000000000000000e+00
 -4.570312500000000e-01 5.625000000000000e-01 0.000000000000000e+00
 4.531250000000000e-01 5.546875000000000e-01 0.000000000000000e+00
 4.570312500000000e-01 5.585937500000000e-01 0.000000000000000e+00
 4.570312500000000e-01 5.625000000000000e-01 0.000000000000000e+00
 -4.218750000000000e-01 5.664062500000000e-01 0.000000000000000e+00
 -7.031250000000000e-01 6.093750000000000e-01 0.000000000000000e+00
 7.031250000000000e-01 6.093750000000000e-01 0.000000000000000e+00
 4.218750000000000e-01 5.664062500000000e-01 0.000000000000000e+00
 -7.656250000000000e-01 6.562500000000000e-01 0.000000000000000e+00
 -7.734375000000000e-01 6.484375000000000e-01 0.000000000000000e+00
 -9.218750000000000e-01 7.656250000000000e-01 0.000000000000000e+00
 9.218750000000000e-01 7.656250000000000e-01 0.000000000000000e+00
 7.656250000000000e-01 6.562500000000000e-01 0.000000000000000e+00
 7.734375000000000e-01 6.484375000000000e-01 0.000000000000000e+00
 -4.140625000000000e-01 5.664062500000000e-01 0.000000000000000e+00
 4.140625000000000e-01 5.664062500000000e-01 0.000000000000000e+00
 -4.492187500000000e-01 5.585937500000000e-01 0.000000000000000e+00
 -4.492187500000000e-01 5.625000000000000e-01 0.000000000000000e+00
 4.492187500000000e-01 5.585937500000000e-01 0.000000000000000e+00
 4.492187500000000e-01 5.625000000000000e-01 0.000000000000000e+00
 -1.000000000000000e+00 7.812500000000000e-01 0.000000000000000e+00
 1.000000000000000e+00 7.812500000000000e-01 0.000000000000000e+00
 -4.062500000000000e-01 5.664062500000000e-01 0.000000000000000e+00
 4.062500000000000e-01 5.664062500000000e-01 0.000000000000000e+00
 -4.375000000000000e-01 5.546875000000000e-01 0.000000000000000e+00
 -4.414062500000000e-01 5.585937500000000e-01 0.000000000000000e+00
 -4.414062500000000e-01 5.625000000000000e-01 0.000000000000000e+00
 4.375000000000000e-01 5.546875000000000e-01 0.000000000000000e+00
 4.414062500000000e-01 5.585937500000000e-01 0.000000000000000e+00
 4.414062500000000e-01 5.625000000000000e-01 0.000000000000000e+00
 -3.984375000000000e-01 5.664062500000000e-01 0.000000000000000e+00
 3.984375000000000e-01 5.664062500000000e-01 0.000000000000000e+00
 -4.335937500000000e-01 5.585937500000000e-01 0.000000000000000e+00
 -4.335937500000000e-01 5.625000000000000e-01 0.000000000000000e+00
 4.335937500000000e-01 5.585937500000000e-01 0.000000000000000e+00
 4.335937500000000e-01 5.625000000000000e-01 0.000000000000000e+00
 -3.906250000000000e-01 5.664062500000000e-01 0.000000000000000e+00
 3.906250000000000e-01 5.664062500000000e-01 0.000000000000000e+00
 -4.218750000000000e-01 5.546875000000000e-01 0.000000000000000e+00
 -4.257812500000000e-01 5.585937500000000e-01 0.000000000000000e+00
 -4.257812500000000e-01 5.625000000000000e-01 0.000000000000000e+00
 -3.828125000000000e-01 5.664062500000000e-01 0.000000000000000e+00
 3.828125000000000e-01 5.664062500000000e-01 0.000000000000000e+00
 4.218750000000000e-01 5.546875000000000e-01 0.000000000000000e+00
 4.257812500000000e-01 5.585937500000000e-01 0.000000000000000e+00
 4.257812500000000e-01 5.625000000000000e-01 0.000000000000000e+00
 -7.343750000000000e-01 6.406250000000000e-01 0.000000000000000e+00
 -7.500000000000000e-01 6.406250000000000e-01 0.000000000000000e+00
 7.343750000000000e-01 6.406250000000000e-01 0.000000000000000e+00
 7.500000000000000e-01 6.406250000000000e-01 0.000000000000000e+00
 -4.179687500000000e-01 5.585937500000000e-01 0.000000000000000e+00
 -4.179687500000000e-01 5.625000000000000e-01 0.000000000000000e+00
 4.179687500000000e-01 5.585937500000000e-01 0.000000000000000e+00
 4.179687500000000e-01 5.625000000000000e-01 0.000000000000000e+00
 -3.750000000000000e-01 5.664062500000000e-01 0.000000000000000e+00
 3.750000000000000e-01 5.664062500000000e-01 0.000000000000000e+00
 -7.343750000000000e-01 6.250000000000000e-01 0.000000000000000e+00
 7.343750000000000e-01 6.250000000000000e-01 0.000000000000000e+00
 -3.671875000000000e-01 5.664062500000000e-01 0.000000000000000e+00
 3.671875000000000e-01 5.664062500000000e-01 0.000000000000000e+00
 -7.890625000000000e-01 6.718750000000000e-01 0.000000000000000e+00
 7.890625000000000e-01 6.718750000000000e-01 0.000000000000000e+00
 -4.062500000000000e-01 5.546875000000000e-01 0.000000000000000e+00
 -4.101562500000000e-01 5.585937500000000e-01 0.000000000000000e+00
 -4.101562500000000e-01 5.625000000000000e-01 0.000000000000000e+00
 4.062500000000000e-01 5.546875000000000e-01 0.000000000000000e+00
 4.101562500000000e-01 5.585937500000000e-01 0.000000000000000e+00
 4.101562500000000e-01 5.625000000000000e-01 0.000000000000000e+00
 -4.453125000000000e-01 5.585937500000000e-01 0.000000000000000e+00
 4.453125000000000e-01 5.585937500000000e-01 0.000000000000000e+00
 -8.007812500000000e-01 6.835937500000000e-01 0.000000000000000e+00
 -8.046875000000000e-01 6.835937500000000e-01 0.000000000000000e+00
 -6.250000000000000e-01 6.875000000000000e-01 0.000000000000000e+00
 -6.562500000000000e-01 6.562500000000000e-01 0.000000000000000e+00
 -6.562500000000000e-01 6.250000000000000e-01 0.000000000000000e+00
 -6.718750000000000e-01 6.093750000000000e-01 0.000000000000000e+00
 6.250000000000000e-01 6.875000000000000e-01 0.000000000000000e+00
 6.562500000000000e-01 6.562500000000000e-01 0.000000000000000e+00
 6.562500000000000e-01 6.250000000000000e-01 0.000000000000000e+00
 6.718750000000000e-01 6.093750000000000e-01 0.000000000000000e+00
 8.007812500000000e-01 6.835937500000000e-01 0.000000000000000e+00
 8.046875000000000e-01 6.835937500000000e-01 0.000000000000000e+00
 -3.593750000000000e-01 5.664062500000000e-01 0.000000000000000e+00
 3.593750000000000e-01 5.664062500000000e-01 0.000000000000000e+00
 -4.023437500000000e-01 5.585937500000000e-01 0.000000000000000e+00
 -4.023437500000000e-01 5.625000000000000e-01 0.000000000000000e+00
 4.023437500000000e-01 5.585937500000000e-01 0.000000000000000e+00
 4.023437500000000e-01 5.625000000000000e-01 0.000000000000000e+00
 -3.515625000000000e-01 5.664062500000000e-01 0.000000000000000e+00
 -8.046875000000000e-01 7.031250000000000e-01 0.000000000000000e+00
 -8.085937500000000e-01 6.992187500000000e-01 0.000000000000000e+00
 -8.125000000000000e-01 6.992187500000000e-01 0.000000000000000e+00
 8.046875000000000e-01 7.031250000000000e-01 0.000000000000000e+00
 8.085937500000000e-01 6.992187500000000e-01 0.000000000000000e+00
 8.125000000000000e-01 6.992187500000000e-01 0.000000000000000e+00
 3.515625000000000e-01 5.664062500000000e-01 0.000000000000000e+00
 -4.375000000000000e-01 5.585937500000000e-01 0.000000000000000e+00
 4.375000000000000e-01 5.585937500000000e-01 0.000000000000000e+00
 -3.906250000000000e-01 5.546875000000000e-01 0.000000000000000e+00
 -3.945312500000000e-01 5.585937500000000e-01 0.000000000000000e+00
 -3.945312500000000e-01 5.625000000000000e-01 0.000000000000000e+00
 -3.437500000000000e-01 5.664062500000000e-01 0.000000000000000e+00
 3.437500000000000e-01 5.664062500000000e-01 0.000000000000000e+00
 3.906250000000000e-01 5.546875000000000e-01 0.000000000000000e+00
 3.945312500000000e-01 5.585937500000000e-01 0.000000000000000e+00
 3.945312500000000e-01 5.625000000000000e-01 0.000000000000000e+00
 -4.296875000000000e-01 5.585937500000000e-01 0.000000000000000e+00
 -3.359375000000000e-01 5.664062500000000e-01 0.000000000000000e+00
 3.359375000000000e-01 5.664062500000000e-01 0.000000000000000e+00
 4.296875000000000e-01 5.585937500000000e-01 0.000000000000000e+00
 -7.734375000000000e-01 6.640625000000000e-01 0.000000000000000e+00
 -7.812500000000000e-01 6.640625000000000e-01 0.000000000000000e+00
 7.734375000000000e-01 6.640625000000000e-01 0.000000000000000e+00
 7.812500000000000e-01 6.640625000000000e-01 0.000000000000000e+00
 -3.867187500000000e-01 5.585937500000000e-01 0.000000000000000e+00
 -3.867187500000000e-01 5.625000000000000e-01 0.000000000000000e+00
 -8.007812500000000e-01 6.796875000000000e-01 0.000000000000000e+00
 8.007812500000000e-01 6.796875000000000e-01 0.000000000000000e+00
 3.867187500000000e-01 5.585937500000000e-01 0.000000000000000e+00
 3.867187500000000e-01 5.625000000000000e-01 0.000000000000000e+00
 -3.281250000000000e-01 5.664062500000000e-01 0.000000000000000e+00
 3.281250000000000e-01 5.664062500000000e-01 0.000000000000000e+00
 -4.218750000000000e-01 5.585937500000000e-01 0.000000000000000e+00
 4.218750000000000e-01 5.585937500000000e-01 0.000000000000000e+00
 -3.203125000000000e-01 5.664062500000000e-01 0.000000000000000e+00
 3.203125000000000e-01 5.664062500000000e-01 0.000000000000000e+00
 -3.750000000000000e-01 5.546875000000000e-01 0.000000000000000e+00
 -3.789062500000000e-01 5.585937500000000e-01 0.000000000000000e+00
 -3.789062500000000e-01 5.625000000000000e-01 0.000000000000000e+00
 3.750000000000000e-01 5.546875000000000e-01 0.000000000000000e+00
 3.789062500000000e-01 5.585937500000000e-01 0.000000000000000e+00
 3.789062500000000e-01 5.625000000000000e-01 0.000000000000000e+00
 -7.929687500000000e-01 6.757812500000000e-01 0.000000000000000e+00
 -7.968750000000000e-01 6.757812500000000e-01 0.000000000000000e+00
 -7.734375000000000e-01 6.562500000000000e-01 0.000000000000000e+00
 7.734375000000000e-01 6.562500000000000e-01 0.000000000000000e+00
 7.929687500000000e-01 6.757812500000000e-01 0.000000000000000e+00
 7.968750000000000e-01 6.757812500000000e-01 0.000000000000000e+00
 -8.085937500000000e-01 6.953125000000000e-01 0.000000000000000e+00
 8.085937500000000e-01 6.953125000000000e-01 0.000000000000000e+00
 -3.710937500000000e-01 5.585937500000000e-01 0.000000000000000e+00
 -3.710937500000000e-01 5.625000000000000e-01 0.000000000000000e+00
 3.710937500000000e-01 5.585937500000000e-01 0.000000000000000e+00
 3.710937500000000e-01 5.625000000000000e-01 0.000000000000000e+00
 -4.140625000000000e-01 5.585937500000000e-01 0.000000000000000e+00
 4.140625000000000e-01 5.585937500000000e-01 0.000000000000000e+00
 -7.578125000000000e-01 6.484375000000000e-01 0.000000000000000e+00
 7.578125000000000e-01 6.484375000000000e-01 0.000000000000000e+00
 -3.750000000000000e-01 4.375000000000000e-01 0.000000000000000e+00
 -4.062500000000000e-01 4.687500000000000e-01 0.000000000000000e+00
 -4.062500000000000e-01 5.000000000000000e-01 0.000000000000000e+00
 -4.218750000000000e-01 5.156250000000000e-01 0.000000000000000e+00
 -4.218750000000000e-01 5.312500000000000e-01 0.000000000000000e+00
 3.750000000000000e-01 4.375000000000000e-01 0.000000000000000e+00
 4.062500000000000e-01 4.687500000000000e-01 0.000000000000000e+00
 4.062500000000000e-01 5.000000000000000e-01 0.000000000000000e+00
 4.218750000000000e-01 5.156250000000000e-01 0.000000000000000e+00
 4.218750000000000e-01 5.312500000000000e-01 0.000000000000000e+00
 -4.062500000000000e-01 5.585937500000000e-01 0.000000000000000e+00
 4.062500000000000e-01 5.585937500000000e-01 0.000000000000000e+00
 -3.593750000000000e-01 5.546875000000000e-01 0.000000000000000e+00
 -3.632812500000000e-01 5.585937500000000e-01 0.000000000000000e+00
 -3.632812500000000e-01 5.625000000000000e-01 0.000000000000000e+00
 3.593750000000000e-01 5.546875000000000e-01 0.000000000000000e+00
 3.632812500000000e-01 5.585937500000000e-01 0.000000000000000e+00
 3.632812500000000e-01 5.625000000000000e-01 0.000000000000000e+00
 -6.875000000000000e-01 7.500000000000000e-01 0.000000000000000e+00
 -7.187500000000000e-01 7.187500000000000e-01 0.000000000000000e+00
 -7.500000000000000e-01 7.187500000000000e-01 0.000000000000000e+00
 -7.656250000000000e-01 7.031250000000000e-01 0.000000000000000e+00
 -7.812500000000000e-01 7.031250000000000e-01 0.000000000000000e+00
 -7.890625000000000e-01 6.953125000000000e-01 0.000000000000000e+00
 -7.968750000000000e-01 6.953125000000000e-01 0.000000000000000e+00
 -8.007812500000000e-01 6.914062500000000e-01 0.000000000000000e+00
 -8.046875000000000e-01 6.914062500000000e-01 0.000000000000000e+00
 -6.875000000000000e-01 6.093750000000000e-01 0.000000000000000e+00
 6.875000000000000e-01 6.093750000000000e-01 0.000000000000000e+00
 6.875000000000000e-01 7.500000000000000e-01 0.000000000000000e+00
 7.187500000000000e-01 7.187500000000000e-01 0.000000000000000e+00
 7.500000000000000e-01 7.187500000000000e-01 0.000000000000000e+00
 7.656250000000000e-01 7.031250000000000e-01 0.000000000000000e+00
 7.812500000000000e-01 7.031250000000000e-01 0.000000000000000e+00
 7.890625000000000e-01 6.953125000000000e-01 0.000000000000000e+00
 7.968750000000000e-01 6.953125000000000e-01 0.000000000000000e+00
 8.007812500000000e-01 6.914062500000000e-01 0.000000000000000e+00
 8.046875000000000e-01 6.914062500000000e-01 0.000000000000000e+00
 -6.406250000000000e-01 6.093750000000000e-01 0.000000000000000e+00
 -6.406250000000000e-01 5.937500000000000e-01 0.000000000000000e+00
 6.406250000000000e-01 6.093750000000000e-01 0.000000000000000e+00
 6.406250000000000e-01 5.937500000000000e-01 0.000000000000000e+00
 -7.851562500000000e-01 6.679687500000000e-01 0.000000000000000e+00
 7.851562500000000e-01 6.679687500000000e-01 0.000000000000000e+00
 -3.554687500000000e-01 5.585937500000000e-01 0.000000000000000e+00
 -3.554687500000000e-01 5.625000000000000e-01 0.000000000000000e+00
 3.554687500000000e-01 5.585937500000000e-01 0.000000000000000e+00
 3.554687500000000e-01 5.625000000000000e-01 0.000000000000000e+00
 -3.984375000000000e-01 5.585937500000000e-01 0.000000000000000e+00
 3.984375000000000e-01 5.585937500000000e-01 0.000000000000000e+00
 -8.007812500000000e-01 6.875000000000000e-01 0.000000000000000e+00
 8.007812500000000e-01 6.875000000000000e-01 0.000000000000000e+00
 -3.437500000000000e-01 5.546875000000000e-01 0.000000000000000e+00
 -3.476562500000000e-01 5.585937500000000e-01 0.000000000000000e+00
 -3.476562500000000e-01 5.625000000000000e-01 0.000000000000000e+00
 3.437500000000000e-01 5.546875000000000e-01 0.000000000000000e+00
 3.476562500000000e-01 5.585937500000000e-01 0.000000000000000e+00
 3.476562500000000e-01 5.625000000000000e-01 0.000000000000000e+00
 -4.140625000000000e-01 5.390625000000000e-01 0.000000000000000e+00
 -4.140625000000000e-01 5.468750000000000e-01 0.000000000000000e+00
 4.140625000000000e-01 5.390625000000000e-01 0.000000000000000e+00
 4.140625000000000e-01 5.468750000000000e-01 0.000000000000000e+00
 -3.906250000000000e-01 5.585937500000000e-01 0.000000000000000e+00
 3.906250000000000e-01 5.585937500000000e-01 0.000000000000000e+00
 -8.085937500000000e-01 7.070312500000000e-01 0.000000000000000e+00
 8.085937500000000e-01 7.070312500000000e-01 0.000000000000000e+00
 -3.398437500000000e-01 5.585937500000000e-01 0.000000000000000e+00
 -3.398437500000000e-01 5.625000000000000e-01 0.000000000000000e+00
 -7.890625000000000e-01 6.875000000000000e-01 0.000000000000000e+00
 -7.929687500000000e-01 6.835937500000000e-01 0.000000000000000e+00
 -7.968750000000000e-01 6.835937500000000e-01 0.000000000000000e+00
 7.890625000000000e-01 6.875000000000000e-01 0.000000000000000e+00
 7.929687500000000e-01 6.835937500000000e-01 0.000000000000000e+00
 7.968750000000000e-01 6.835937500000000e-01 0.000000000000000e+00
 3.398437500000000e-01 5.585937500000000e-01 0.000000000000000e+00
 3.398437500000000e-01 5.625000000000000e-01 0.000000000000000e+00
 -1.000000000000000e+00 6.875000000000000e-01 0.000000000000000e+00
 1.000000000000000e+00 6.875000000000000e-01 0.000000000000000e+00
 -9.687500000000000e-01 7.187500000000000e-01 0.000000000000000e+00
 -9.687500000000000e-01 7.500000000000000e-01 0.000000000000000e+00
 -9.531250000000000e-01 7.656250000000000e-01 0.000000000000000e+00
 9.687500000000000e-01 7.187500000000000e-01 0.000000000000000e+00
 9.687500000000000e-01 7.500000000000000e-01 0.000000000000000e+00
 9.531250000000000e-01 7.656250000000000e-01 0.000000000000000e+00
 -4.101562500000000e-01 5.507812500000000e-01 0.000000000000000e+00
 -4.101562500000000e-01 5.546875000000000e-01 0.000000000000000e+00
 4.101562500000000e-01 5.507812500000000e-01 0.000000000000000e+00
 4.101562500000000e-01 5.546875000000000e-01 0.000000000000000e+00
 -3.828125000000000e-01 5.585937500000000e-01 0.000000000000000e+00
 3.828125000000000e-01 5.585937500000000e-01 0.000000000000000e+00
 -7.929687500000000e-01 6.796875000000000e-01 0.000000000000000e+00
 -6.875000000000000e-01 6.562500000000000e-01 0.000000000000000e+00
 -7.031250000000000e-01 6.406250000000000e-01 0.000000000000000e+00
 -7.031250000000000e-01 6.250000000000000e-01 0.000000000000000e+00
 6.875000000000000e-01 6.562500000000000e-01 0.000000000000000e+00
 7.031250000000000e-01 6.406250000000000e-01 0.000000000000000e+00
 7.031250000000000e-01 6.250000000000000e-01 0.000000000000000e+00
 7.929687500000000e-01 6.796875000000000e-01 0.000000000000000e+00
 -3.281250000000000e-01 5.546875000000000e-01 0.000000000000000e+00
 -3.320312500000000e-01 5.585937500000000e-01 0.000000000000000e+00
 -3.320312500000000e-01 5.625000000000000e-01 0.000000000000000e+00
 3.281250000000000e-01 5.546875000000000e-01 0.000000000000000e+00
 3.320312500000000e-01 5.585937500000000e-01 0.000000000000000e+00
 3.320312500000000e-01 5.625000000000000e-01 0.000000000000000e+00
 -8.085937500000000e-01 7.031250000000000e-01 0.000000000000000e+00
 8.085937500000000e-01 7.031250000000000e-01 0.000000000000000e+00
 -7.656250000000000e-01 6.875000000000000e-01 0.000000000000000e+00
 -7.734375000000000e-01 6.796875000000000e-01 0.000000000000000e+00
 -7.812500000000000e-01 6.796875000000000e-01 0.000000000000000e+00
 -7.851562500000000e-01 6.757812500000000e-01 0.000000000000000e+00
 -7.890625000000000e-01 6.757812500000000e-01 0.000000000000000e+00
 7.656250000000000e-01 6.875000000000000e-01 0.000000000000000e+00
 7.734375000000000e-01 6.796875000000000e-01 0.000000000000000e+00
 7.812500000000000e-01 6.796875000000000e-01 0.000000000000000e+00
 7.851562500000000e-01 6.757812500000000e-01 0.000000000000000e+00
 7.890625000000000e-01 6.757812500000000e-01 0.000000000000000e+00
 -3.750000000000000e-01 5.585937500000000e-01 0.000000000000000e+00
 -3.242187500000000e-01 5.585937500000000e-01 0.000000000000000e+00
 -3.242187500000000e-01 5.625000000000000e-01 0.000000000000000e+00
 3.242187500000000e-01 5.585937500000000e-01 0.000000000000000e+00
 3.242187500000000e-01 5.625000000000000e-01 0.000000000000000e+00
 3.750000000000000e-01 5.585937500000000e-01 0.000000000000000e+00
 -3.906250000000000e-01 5.156250000000000e-01 0.000000000000000e+00
 -3.906250000000000e-01 5.312500000000000e-01 0.000000000000000e+00
 -3.984375000000000e-01 5.390625000000000e-01 0.000000000000000e+00
 -3.984375000000000e-01 5.468750000000000e-01 0.000000000000000e+00
 -4.023437500000000e-01 5.507812500000000e-01 0.000000000000000e+00
 -4.023437500000000e-01 5.546875000000000e-01 0.000000000000000e+00
 3.906250000000000e-01 5.156250000000000e-01 0.000000000000000e+00
 3.906250000000000e-01 5.312500000000000e-01 0.000000000000000e+00
 3.984375000000000e-01 5.390625000000000e-01 0.000000000000000e+00
 3.984375000000000e-01 5.468750000000000e-01 0.000000000000000e+00
 4.023437500000000e-01 5.507812500000000e-01 0.000000000000000e+00
 4.023437500000000e-01 5.546875000000000e-01 0.000000000000000e+00
 -7.851562500000000e-01 6.718750000000000e-01 0.000000000000000e+00
 7.851562500000000e-01 6.718750000000000e-01 0.000000000000000e+00
 -8.007812500000000e-01 6.992187500000000e-01 0.000000000000000e+00
 -8.046875000000000e-01 6.992187500000000e-01 0.000000000000000e+00
 8.007812500000000e-01 6.992187500000000e-01 0.000000000000000e+00
 8.046875000000000e-01 6.992187500000000e-01 0.000000000000000e+00
 -7.734375000000000e-01 6.718750000000000e-01 0.000000000000000e+00
 -7.773437500000000e-01 6.679687500000000e-01 0.000000000000000e+00
 -7.812500000000000e-01 6.679687500000000e-01 0.000000000000000e+00
 7.734375000000000e-01 6.718750000000000e-01 0.000000000000000e+00
 7.773437500000000e-01 6.679687500000000e-01 0.000000000000000e+00
 7.812500000000000e-01 6.679687500000000e-01 0.000000000000000e+00
 -7.187500000000000e-01 6.406250000000000e-01 0.000000000000000e+00
 -7.265625000000000e-01 6.328125000000000e-01 0.000000000000000e+00
 7.187500000000000e-01 6.406250000000000e-01 0.000000000000000e+00
 7.265625000000000e-01 6.328125000000000e-01 0.000000000000000e+00
 -3.671875000000000e-01 5.585937500000000e-01 0.000000000000000e+00
 3.671875000000000e-01 5.585937500000000e-01 0.000000000000000e+00
 -3.125000000000000e-01 5.546875000000000e-01 0.000000000000000e+00
 -3.164062500000000e-01 5.585937500000000e-01 0.000000000000000e+00
 -3.164062500000000e-01 5.625000000000000e-01 0.000000000000000e+00
 3.125000000000000e-01 5.546875000000000e-01 0.000000000000000e+00
 3.164062500000000e-01 5.585937500000000e-01 0.000000000000000e+00
 3.164062500000000e-01 5.625000000000000e-01 0.000000000000000e+00
 -3.945312500000000e-01 5.507812500000000e-01 0.000000000000000e+00
 -3.945312500000000e-01 5.546875000000000e-01 0.000000000000000e+00
 -7.187500000000000e-01 6.875000000000000e-01 0.000000000000000e+00
 -7.343750000000000e-01 6.718750000000000e-01 0.000000000000000e+00
 -7.500000000000000e-01 6.718750000000000e-01 0.000000000000000e+00
 -7.578125000000000e-01 6.640625000000000e-01 0.000000000000000e+00
 -7.656250000000000e-01 6.640625000000000e-01 0.000000000000000e+00
 -7.695312500000000e-01 6.601562500000000e-01 0.000000000000000e+00
 7.187500000000000e-01 6.875000000000000e-01 0.000000000000000e+00
 7.343750000000000e-01 6.718750000000000e-01 0.000000000000000e+00
 7.500000000000000e-01 6.718750000000000e-01 0.000000000000000e+00
 7.578125000000000e-01 6.640625000000000e-01 0.000000000000000e+00
 7.656250000000000e-01 6.640625000000000e-01 0.000000000000000e+00
 7.695312500000000e-01 6.601562500000000e-01 0.000000000000000e+00
 3.945312500000000e-01 5.507812500000000e-01 0.000000000000000e+00
 3.945312500000000e-01 5.546875000000000e-01 0.000000000000000e+00
 -8.007812500000000e-01 6.953125000000000e-01 0.000000000000000e+00
 8.007812500000000e-01 6.953125000000000e-01 0.000000000000000e+00
 -5.937500000000000e-01 6.562500000000000e-01 0.000000000000000e+00
 -5.937500000000000e-01 6.250000000000000e-01 0.000000000000000e+00
 -6.093750000000000e-01 6.093750000000000e-01 0.000000000000000e+00
 -6.093750000000000e-01 5.937500000000000e-01 0.000000000000000e+00
 -6.171875000000000e-01 5.859375000000000e-01 0.000000000000000e+00
 5.937500000000000e-01 6.562500000000000e-01 0.000000000000000e+00
 5.937500000000000e-01 6.250000000000000e-01 0.000000000000000e+00
 6.093750000000000e-01 6.093750000000000e-01 0.000000000000000e+00
 6.093750000000000e-01 5.937500000000000e-01 0.000000000000000e+00
 6.171875000000000e-01 5.859375000000000e-01 0.000000000000000e+00
 -3.085937500000000e-01 5.585937500000000e-01 0.000000000000000e+00
 -3.085937500000000e-01 5.625000000000000e-01 0.000000000000000e+00
 3.085937500000000e-01 5.585937500000000e-01 0.000000000000000e+00
 3.085937500000000e-01 5.625000000000000e-01 0.000000000000000e+00
 -7.578125000000000e-01 6.562500000000000e-01 0.000000000000000e+00
 -7.343750000000000e-01 6.562500000000000e-01 0.000000000000000e+00
 -7.421875000000000e-01 6.484375000000000e-01 0.000000000000000e+00
 7.343750000000000e-01 6.562500000000000e-01 0.000000000000000e+00
 7.421875000000000e-01 6.484375000000000e-01 0.000000000000000e+00
 7.578125000000000e-01 6.562500000000000e-01 0.000000000000000e+00
 -7.500000000000000e-01 6.484375000000000e-01 0.000000000000000e+00
 7.500000000000000e-01 6.484375000000000e-01 0.000000000000000e+00
 -3.593750000000000e-01 5.585937500000000e-01 0.000000000000000e+00
 3.593750000000000e-01 5.585937500000000e-01 0.000000000000000e+00
 -7.929687500000000e-01 6.914062500000000e-01 0.000000000000000e+00
 -7.968750000000000e-01 6.914062500000000e-01 0.000000000000000e+00
 7.929687500000000e-01 6.914062500000000e-01 0.000000000000000e+00
 7.968750000000000e-01 6.914062500000000e-01 0.000000000000000e+00
 -3.828125000000000e-01 5.390625000000000e-01 0.000000000000000e+00
 -3.828125000000000e-01 5.468750000000000e-01 0.000000000000000e+00
 -3.867187500000000e-01 5.507812500000000e-01 0.000000000000000e+00
 -3.867187500000000e-01 5.546875000000000e-01 0.000000000000000e+00
 3.828125000000000e-01 5.390625000000000e-01 0.000000000000000e+00
 3.828125000000000e-01 5.468750000000000e-01 0.000000000000000e+00
 3.867187500000000e-01 5.507812500000000e-01 0.000000000000000e+00
 3.867187500000000e-01 5.546875000000000e-01 0.000000000000000e+00
 -9.843750000000000e-01 7.656250000000000e-01 0.000000000000000e+00
 9.843750000000000e-01 7.656250000000000e-01 0.000000000000000e+00
 -7.929687500000000e-01 6.875000000000000e-01 0.000000000000000e+00
 7.929687500000000e-01 6.875000000000000e-01 0.000000000000000e+00
 -2.968750000000000e-01 5.546875000000000e-01 0.000000000000000e+00
 -3.007812500000000e-01 5.585937500000000e-01 0.000000000000000e+00
 -3.007812500000000e-01 5.625000000000000e-01 0.000000000000000e+00
 2.968750000000000e-01 5.546875000000000e-01 0.000000000000000e+00
 3.007812500000000e-01 5.585937500000000e-01 0.000000000000000e+00
 3.007812500000000e-01 5.625000000000000e-01 0.000000000000000e+00
 -6.562500000000000e-01 6.093750000000000e-01 0.000000000000000e+00
 6.562500000000000e-01 6.093750000000000e-01 0.000000000000000e+00
 -3.515625000000000e-01 5.585937500000000e-01 0.000000000000000e+00
 3.515625000000000e-01 5.585937500000000e-01 0.000000000000000e+00
 -6.953125000000000e-01 6.171875000000000e-01 0.000000000000000e+00
 6.953125000000000e-01 6.171875000000000e-01 0.000000000000000e+00
 -2.929687500000000e-01 5.585937500000000e-01 0.000000000000000e+00
 -2.929687500000000e-01 5.625000000000000e-01 0.000000000000000e+00
 -7.851562500000000e-01 6.835937500000000e-01 0.000000000000000e+00
 -7.890625000000000e-01 6.835937500000000e-01 0.000000000000000e+00
 7.851562500000000e-01 6.835937500000000e-01 0.000000000000000e+00
 7.890625000000000e-01 6.835937500000000e-01 0.000000000000000e+00
 2.929687500000000e-01 5.585937500000000e-01 0.000000000000000e+00
 2.929687500000000e-01 5.625000000000000e-01 0.000000000000000e+00
 -3.789062500000000e-01 5.507812500000000e-01 0.000000000000000e+00
 -3.789062500000000e-01 5.546875000000000e-01 0.000000000000000e+00
 3.789062500000000e-01 5.507812500000000e-01 0.000000000000000e+00
 3.789062500000000e-01 5.546875000000000e-01 0.000000000000000e+00
 -7.851562500000000e-01 6.796875000000000e-01 0.000000000000000e+00
 7.851562500000000e-01 6.796875000000000e-01 0.000000000000000e+00
 -7.773437500000000e-01 6.757812500000000e-01 0.000000000000000e+00
 -7.812500000000000e-01 6.757812500000000e-01 0.000000000000000e+00
 -6.015625000000000e-01 5.859375000000000e-01 0.000000000000000e+00
 6.015625000000000e-01 5.859375000000000e-01 0.000000000000000e+00
 7.773437500000000e-01 6.757812500000000e-01 0.000000000000000e+00
 7.812500000000000e-01 6.757812500000000e-01 0.000000000000000e+00
 -3.437500000000000e-01 5.585937500000000e-01 0.000000000000000e+00
 3.437500000000000e-01 5.585937500000000e-01 0.000000000000000e+00
 -9.375000000000000e-01 7.187500000000000e-01 0.000000000000000e+00
 -9.218750000000000e-01 7.343750000000000e-01 0.000000000000000e+00
 -9.218750000000000e-01 7.500000000000000e-01 0.000000000000000e+00
 9.375000000000000e-01 7.187500000000000e-01 0.000000000000000e+00
 9.218750000000000e-01 7.343750000000000e-01 0.000000000000000e+00
 9.218750000000000e-01 7.500000000000000e-01 0.000000000000000e+00
 -7.773437500000000e-01 6.718750000000000e-01 0.000000000000000e+00
 7.773437500000000e-01 6.718750000000000e-01 0.000000000000000e+00
 -2.812500000000000e-01 5.546875000000000e-01 0.000000000000000e+00
 -2.851562500000000e-01 5.585937500000000e-01 0.000000000000000e+00
 -2.851562500000000e-01 5.625000000000000e-01 0.000000000000000e+00
 2.812500000000000e-01 5.546875000000000e-01 0.000000000000000e+00
 2.851562500000000e-01 5.585937500000000e-01 0.000000000000000e+00
 2.851562500000000e-01 5.625000000000000e-01 0.000000000000000e+00
 -3.437500000000000e-01 4.687500000000000e-01 0.000000000000000e+00
 -3.437500000000000e-01 5.000000000000000e-01 0.000000000000000e+00
 -3.593750000000000e-01 5.156250000000000e-01 0.000000000000000e+00
 -3.593750000000000e-01 5.312500000000000e-01 0.000000000000000e+00
 -3.671875000000000e-01 5.390625000000000e-01 0.000000000000000e+00
 -3.671875000000000e-01 5.468750000000000e-01 0.000000000000000e+00
 -3.710937500000000e-01 5.507812500000000e-01 0.000000000000000e+00
 -3.710937500000000e-01 5.546875000000000e-01 0.000000000000000e+00
 -7.695312500000000e-01 6.679687500000000e-01 0.000000000000000e+00
 -7.734375000000000e-01 6.679687500000000e-01 0.000000000000000e+00
 7.695312500000000e-01 6.679687500000000e-01 0.000000000000000e+00
 7.734375000000000e-01 6.679687500000000e-01 0.000000000000000e+00
 3.437500000000000e-01 4.687500000000000e-01 0.000000000000000e+00
 3.437500000000000e-01 5.000000000000000e-01 0.000000000000000e+00
 3.593750000000000e-01 5.156250000000000e-01 0.000000000000000e+00
 3.593750000000000e-01 5.312500000000000e-01 0.000000000000000e+00
 3.671875000000000e-01 5.390625000000000e-01 0.000000000000000e+00
 3.671875000000000e-01 5.468750000000000e-01 0.000000000000000e+00
 3.710937500000000e-01 5.507812500000000e-01 0.000000000000000e+00
 3.710937500000000e-01 5.546875000000000e-01 0.000000000000000e+00
 -7.695312500000000e-01 6.640625000000000e-01 0.000000000000000e+00
 7.695312500000000e-01 6.640625000000000e-01 0.000000000000000e+00
 -2.773437500000000e-01 5.585937500000000e-01 0.000000000000000e+00
 -2.773437500000000e-01 5.625000000000000e-01 0.000000000000000e+00
 2.773437500000000e-01 5.585937500000000e-01 0.000000000000000e+00
 2.773437500000000e-01 5.625000000000000e-01 0.000000000000000e+00
 -7.617187500000000e-01 6.601562500000000e-01 0.000000000000000e+00
 7.617187500000000e-01 6.601562500000000e-01 0.000000000000000e+00
 -7.539062500000000e-01 6.523437500000000e-01 0.000000000000000e+00
 7.539062500000000e-01 6.523437500000000e-01 0.000000000000000e+00
 -3.359375000000000e-01 5.585937500000000e-01 0.000000000000000e+00
 3.359375000000000e-01 5.585937500000000e-01 0.000000000000000e+00
 -7.109375000000000e-01 6.328125000000000e-01 0.000000000000000e+00
 7.109375000000000e-01 6.328125000000000e-01 0.000000000000000e+00
 -3.632812500000000e-01 5.507812500000000e-01 0.000000000000000e+00
 -3.632812500000000e-01 5.546875000000000e-01 0.000000000000000e+00
 3.632812500000000e-01 5.507812500000000e-01 0.000000000000000e+00
 3.632812500000000e-01 5.546875000000000e-01 0.000000000000000e+00
 -2.656250000000000e-01 5.546875000000000e-01 0.000000000000000e+00
 -2.695312500000000e-01 5.585937500000000e-01 0.000000000000000e+00
 -2.695312500000000e-01 5.625000000000000e-01 0.000000000000000e+00
 2.656250000000000e-01 5.546875000000000e-01 0.000000000000000e+00
 2.695312500000000e-01 5.585937500000000e-01 0.000000000000000e+00
 2.695312500000000e-01 5.625000000000000e-01 0.000000000000000e+00
 -3.281250000000000e-01 5.585937500000000e-01 0.000000000000000e+00
 3.281250000000000e-01 5.585937500000000e-01 0.000000000000000e+00
 -7.890625000000000e-01 7.109375000000000e-01 0.000000000000000e+00
 7.890625000000000e-01 7.109375000000000e-01 0.000000000000000e+00
 -2.617187500000000e-01 5.585937500000000e-01 0.000000000000000e+00
 -2.617187500000000e-01 5.625000000000000e-01 0.000000000000000e+00
 2.617187500000000e-01 5.585937500000000e-01 0.000000000000000e+00
 2.617187500000000e-01 5.625000000000000e-01 0.000000000000000e+00
 -7.187500000000000e-01 6.328125000000000e-01 0.000000000000000e+00
 7.187500000000000e-01 6.328125000000000e-01 0.000000000000000e+00
 -9.062500000000000e-01 7.343750000000000e-01 0.000000000000000e+00
 -8.984375000000000e-01 7.421875000000000e-01 0.000000000000000e+00
 9.062500000000000e-01 7.343750000000000e-01 0.000000000000000e+00
 8.984375000000000e-01 7.421875000000000e-01 0.000000000000000e+00
 -6.484375000000000e-01 6.015625000000000e-01 0.000000000000000e+00
 6.484375000000000e-01 6.015625000000000e-01 0.000000000000000e+00
 -5.781250000000000e-01 6.093750000000000e-01 0.000000000000000e+00
 -5.781250000000000e-01 5.937500000000000e-01 0.000000000000000e+00
 -5.859375000000000e-01 5.859375000000000e-01 0.000000000000000e+00
 5.781250000000000e-01 6.093750000000000e-01 0.000000000000000e+00
 5.781250000000000e-01 5.937500000000000e-01 0.000000000000000e+00
 5.859375000000000e-01 5.859375000000000e-01 0.000000000000000e+00
 -3.515625000000000e-01 5.390625000000000e-01 0.000000000000000e+00
 -3.515625000000000e-01 5.468750000000000e-01 0.000000000000000e+00
 -3.554687500000000e-01 5.507812500000000e-01 0.000000000000000e+00
 -3.554687500000000e-01 5.546875000000000e-01 0.000000000000000e+00
 3.515625000000000e-01 5.390625000000000e-01 0.000000000000000e+00
 3.515625000000000e-01 5.468750000000000e-01 0.000000000000000e+00
 3.554687500000000e-01 5.507812500000000e-01 0.000000000000000e+00
 3.554687500000000e-01 5.546875000000000e-01 0.000000000000000e+00
 -3.203125000000000e-01 5.585937500000000e-01 0.000000000000000e+00
 3.203125000000000e-01 5.585937500000000e-01 0.000000000000000e+00
 -7.890625000000000e-01 7.031250000000000e-01 0.000000000000000e+00
 -7.929687500000000e-01 6.992187500000000e-01 0.000000000000000e+00
 -7.968750000000000e-01 6.992187500000000e-01 0.000000000000000e+00
 -7.265625000000000e-01 6.484375000000000e-01 0.000000000000000e+00
 -7.265625000000000e-01 6.406250000000000e-01 0.000000000000000e+00
 7.265625000000000e-01 6.484375000000000e-01 0.000000000000000e+00
 7.265625000000000e-01 6.406250000000000e-01 0.000000000000000e+00
 7.890625000000000e-01 7.031250000000000e-01 0.000000000000000e+00
 7.929687500000000e-01 6.992187500000000e-01 0.000000000000000e+00
 7.968750000000000e-01 6.992187500000000e-01 0.000000000000000e+00
 -6.718750000000000e-01 6.406250000000000e-01 0.000000000000000e+00
 -6.718750000000000e-01 6.250000000000000e-01 0.000000000000000e+00
 -6.796875000000000e-01 6.171875000000000e-01 0.000000000000000e+00
 6.718750000000000e-01 6.406250000000000e-01 0.000000000000000e+00
 6.718750000000000e-01 6.250000000000000e-01 0.000000000000000e+00
 6.796875000000000e-01 6.171875000000000e-01 0.000000000000000e+00
 -7.929687500000000e-01 6.953125000000000e-01 0.000000000000000e+00
 7.929687500000000e-01 6.953125000000000e-01 0.000000000000000e+00
 -2.500000000000000e-01 5.546875000000000e-01 0.000000000000000e+00
 -2.539062500000000e-01 5.585937500000000e-01 0.000000000000000e+00
 -2.539062500000000e-01 5.625000000000000e-01 0.000000000000000e+00
 2.500000000000000e-01 5.546875000000000e-01 0.000000000000000e+00
 2.539062500000000e-01 5.585937500000000e-01 0.000000000000000e+00
 2.539062500000000e-01 5.625000000000000e-01 0.000000000000000e+00
 -7.734375000000000e-01 6.953125000000000e-01 0.000000000000000e+00
 -7.812500000000000e-01 6.953125000000000e-01 0.000000000000000e+00
 -7.851562500000000e-01 6.914062500000000e-01 0.000000000000000e+00
 -7.890625000000000e-01 6.914062500000000e-01 0.000000000000000e+00
 7.734375000000000e-01 6.953125000000000e-01 0.000000000000000e+00
 7.812500000000000e-01 6.953125000000000e-01 0.000000000000000e+00
 7.851562500000000e-01 6.914062500000000e-01 0.000000000000000e+00
 7.890625000000000e-01 6.914062500000000e-01 0.000000000000000e+00
 -7.343750000000000e-01 6.484375000000000e-01 0.000000000000000e+00
 7.343750000000000e-01 6.484375000000000e-01 0.000000000000000e+00
 -3.476562500000000e-01 5.507812500000000e-01 0.000000000000000e+00
 -3.476562500000000e-01 5.546875000000000e-01 0.000000000000000e+00
 3.476562500000000e-01 5.507812500000000e-01 0.000000000000000e+00
 3.476562500000000e-01 5.546875000000000e-01 0.000000000000000e+00
 -2.460937500000000e-01 5.585937500000000e-01 0.000000000000000e+00
 -2.460937500000000e-01 5.625000000000000e-01 0.000000000000000e+00
 2.460937500000000e-01 5.585937500000000e-01 0.000000000000000e+00
 2.460937500000000e-01 5.625000000000000e-01 0.000000000000000e+00
 -3.125000000000000e-01 5.585937500000000e-01 0.000000000000000e+00
 3.125000000000000e-01 5.585937500000000e-01 0.000000000000000e+00
 -7.851562500000000e-01 6.875000000000000e-01 0.000000000000000e+00
 7.851562500000000e-01 6.875000000000000e-01 0.000000000000000e+00
 -7.421875000000000e-01 6.640625000000000e-01 0.000000000000000e+00
 -7.421875000000000e-01 6.562500000000000e-01 0.000000000000000e+00
 -7.460937500000000e-01 6.523437500000000e-01 0.000000000000000e+00
 7.421875000000000e-01 6.640625000000000e-01 0.000000000000000e+00
 7.421875000000000e-01 6.562500000000000e-01 0.000000000000000e+00
 7.460937500000000e-01 6.523437500000000e-01 0.000000000000000e+00
 -7.734375000000000e-01 6.875000000000000e-01 0.000000000000000e+00
 -7.773437500000000e-01 6.835937500000000e-01 0.000000000000000e+00
 -7.812500000000000e-01 6.835937500000000e-01 0.000000000000000e+00
 7.734375000000000e-01 6.875000000000000e-01 0.000000000000000e+00
 7.773437500000000e-01 6.835937500000000e-01 0.000000000000000e+00
 7.812500000000000e-01 6.835937500000000e-01 0.000000000000000e+00
 -7.773437500000000e-01 6.796875000000000e-01 0.000000000000000e+00
 7.773437500000000e-01 6.796875000000000e-01 0.000000000000000e+00
 -7.578125000000000e-01 6.796875000000000e-01 0.000000000000000e+00
 -7.656250000000000e-01 6.796875000000000e-01 0.000000000000000e+00
 -7.695312500000000e-01 6.757812500000000e-01 0.000000000000000e+00
 -7.734375000000000e-01 6.757812500000000e-01 0.000000000000000e+00
 -7.500000000000000e-01 6.640625000000000e-01 0.000000000000000e+00
 -7.539062500000000e-01 6.601562500000000e-01 0.000000000000000e+00
 -7.539062500000000e-01 6.562500000000000e-01 0.000000000000000e+00
 -7.578125000000000e-01 6.601562500000000e-01 0.000000000000000e+00
 7.500000000000000e-01 6.640625000000000e-01 0.000000000000000e+00
 7.539062500000000e-01 6.601562500000000e-01 0.000000000000000e+00
 7.578125000000000e-01 6.601562500000000e-01 0.000000000000000e+00
 7.539062500000000e-01 6.562500000000000e-01 0.000000000000000e+00
 7.578125000000000e-01 6.796875000000000e-01 0.000000000000000e+00
 7.656250000000000e-01 6.796875000000000e-01 0.000000000000000e+00
 7.695312500000000e-01 6.757812500000000e-01 0.000000000000000e+00
 7.734375000000000e-01 6.757812500000000e-01 0.000000000000000e+00
 -7.695312500000000e-01 6.718750000000000e-01 0.000000000000000e+00
 -7.578125000000000e-01 6.718750000000000e-01 0.000000000000000e+00
 -7.617187500000000e-01 6.679687500000000e-01 0.000000000000000e+00
 -7.617187500000000e-01 6.640625000000000e-01 0.000000000000000e+00
 7.578125000000000e-01 6.718750000000000e-01 0.000000000000000e+00
 7.617187500000000e-01 6.679687500000000e-01 0.000000000000000e+00
 7.617187500000000e-01 6.640625000000000e-01 0.000000000000000e+00
 7.695312500000000e-01 6.718750000000000e-01 0.000000000000000e+00
 -7.656250000000000e-01 6.679687500000000e-01 0.000000000000000e+00
 7.656250000000000e-01 6.679687500000000e-01 0.000000000000000e+00
 -3.281250000000000e-01 5.156250000000000e-01 0.000000000000000e+00
 -3.281250000000000e-01 5.312500000000000e-01 0.000000000000000e+00
 -3.359375000000000e-01 5.390625000000000e-01 0.000000000000000e+00
 -3.359375000000000e-01 5.468750000000000e-01 0.000000000000000e+00
 -3.398437500000000e-01 5.507812500000000e-01 0.000000000000000e+00
 -3.398437500000000e-01 5.546875000000000e-01 0.000000000000000e+00
 3.281250000000000e-01 5.156250000000000e-01 0.000000000000000e+00
 3.281250000000000e-01 5.312500000000000e-01 0.000000000000000e+00
 3.359375000000000e-01 5.390625000000000e-01 0.000000000000000e+00
 3.359375000000000e-01 5.468750000000000e-01 0.000000000000000e+00
 3.398437500000000e-01 5.507812500000000e-01 0.000000000000000e+00
 3.398437500000000e-01 5.546875000000000e-01 0.000000000000000e+00
 -3.046875000000000e-01 5.585937500000000e-01 0.000000000000000e+00
 3.046875000000000e-01 5.585937500000000e-01 0.000000000000000e+00
 -5.703125000000000e-01 5.859375000000000e-01 0.000000000000000e+00
 -9.375000000000000e-01 6.250000000000000e-01 0.000000000000000e+00
 -9.062500000000000e-01 6.562500000000000e-01 0.000000000000000e+00
 -9.062500000000000e-01 6.875000000000000e-01 0.000000000000000e+00
 -8.906250000000000e-01 7.031250000000000e-01 0.000000000000000e+00
 -8.906250000000000e-01 7.187500000000000e-01 0.000000000000000e+00
 -8.828125000000000e-01 7.265625000000000e-01 0.000000000000000e+00
 9.375000000000000e-01 6.250000000000000e-01 0.000000000000000e+00
 9.062500000000000e-01 6.562500000000000e-01 0.000000000000000e+00
 9.062500000000000e-01 6.875000000000000e-01 0.000000000000000e+00
 8.906250000000000e-01 7.031250000000000e-01 0.000000000000000e+00
 8.906250000000000e-01 7.187500000000000e-01 0.000000000000000e+00
 8.828125000000000e-01 7.265625000000000e-01 0.000000000000000e+00
 5.703125000000000e-01 5.859375000000000e-01 0.000000000000000e+00
 -2.343750000000000e-01 5.546875000000000e-01 0.000000000000000e+00
 -2.382812500000000e-01 5.585937500000000e-01 0.000000000000000e+00
 -2.382812500000000e-01 5.625000000000000e-01 0.000000000000000e+00
 2.343750000000000e-01 5.546875000000000e-01 0.000000000000000e+00
 2.382812500000000e-01 5.585937500000000e-01 0.000000000000000e+00
 2.382812500000000e-01 5.625000000000000e-01 0.000000000000000e+00
 -2.304687500000000e-01 5.585937500000000e-01 0.000000000000000e+00
 -2.304687500000000e-01 5.625000000000000e-01 0.000000000000000e+00
 2.304687500000000e-01 5.585937500000000e-01 0.000000000000000e+00
 2.304687500000000e-01 5.625000000000000e-01 0.000000000000000e+00
 -3.750000000000000e-01 5.507812500000000e-01 0.000000000000000e+00
 3.750000000000000e-01 5.507812500000000e-01 0.000000000000000e+00
 -2.968750000000000e-01 5.585937500000000e-01 0.000000000000000e+00
 -3.320312500000000e-01 5.507812500000000e-01 0.000000000000000e+00
 -3.320312500000000e-01 5.546875000000000e-01 0.000000000000000e+00
 3.320312500000000e-01 5.507812500000000e-01 0.000000000000000e+00
 3.320312500000000e-01 5.546875000000000e-01 0.000000000000000e+00
 2.968750000000000e-01 5.585937500000000e-01 0.000000000000000e+00
 -6.250000000000000e-01 6.093750000000000e-01 0.000000000000000e+00
 -6.328125000000000e-01 6.015625000000000e-01 0.000000000000000e+00
 6.250000000000000e-01 6.093750000000000e-01 0.000000000000000e+00
 6.328125000000000e-01 6.015625000000000e-01 0.000000000000000e+00
 -6.875000000000000e-01 6.406250000000000e-01 0.000000000000000e+00
 -6.953125000000000e-01 6.328125000000000e-01 0.000000000000000e+00
 -6.953125000000000e-01 6.250000000000000e-01 0.000000000000000e+00
 6.875000000000000e-01 6.406250000000000e-01 0.000000000000000e+00
 6.953125000000000e-01 6.328125000000000e-01 0.000000000000000e+00
 6.953125000000000e-01 6.250000000000000e-01 0.000000000000000e+00
 -8.750000000000000e-01 7.265625000000000e-01 0.000000000000000e+00
 8.750000000000000e-01 7.265625000000000e-01 0.000000000000000e+00
 -7.304687500000000e-01 6.445312500000000e-01 0.000000000000000e+00
 7.304687500000000e-01 6.445312500000000e-01 0.000000000000000e+00
 -2.890625000000000e-01 5.585937500000000e-01 0.000000000000000e+00
 -3.671875000000000e-01 5.507812500000000e-01 0.000000000000000e+00
 3.671875000000000e-01 5.507812500000000e-01 0.000000000000000e+00
 2.890625000000000e-01 5.585937500000000e-01 0.000000000000000e+00
 -3.203125000000000e-01 5.390625000000000e-01 0.000000000000000e+00
 -3.203125000000000e-01 5.468750000000000e-01 0.000000000000000e+00
 -3.242187500000000e-01 5.507812500000000e-01 0.000000000000000e+00
 -3.242187500000000e-01 5.546875000000000e-01 0.000000000000000e+00
 3.203125000000000e-01 5.390625000000000e-01 0.000000000000000e+00
 3.203125000000000e-01 5.468750000000000e-01 0.000000000000000e+00
 3.242187500000000e-01 5.507812500000000e-01 0.000000000000000e+00
 3.242187500000000e-01 5.546875000000000e-01 0.000000000000000e+00
 -2.187500000000000e-01 5.546875000000000e-01 0.000000000000000e+00
 -2.226562500000000e-01 5.585937500000000e-01 0.000000000000000e+00
 -2.226562500000000e-01 5.625000000000000e-01 0.000000000000000e+00
 2.187500000000000e-01 5.546875000000000e-01 0.000000000000000e+00
 2.226562500000000e-01 5.585937500000000e-01 0.000000000000000e+00
 2.226562500000000e-01 5.625000000000000e-01 0.000000000000000e+00
 -7.382812500000000e-01 6.523437500000000e-01 0.000000000000000e+00
 -6.640625000000000e-01 6.171875000000000e-01 0.000000000000000e+00
 -9.531250000000000e-01 7.343750000000000e-01 0.000000000000000e+00
 -9.531250000000000e-01 7.500000000000000e-01 0.000000000000000e+00
 9.531250000000000e-01 7.343750000000000e-01 0.000000000000000e+00
 9.531250000000000e-01 7.500000000000000e-01 0.000000000000000e+00
 6.640625000000000e-01 6.171875000000000e-01 0.000000000000000e+00
 7.382812500000000e-01 6.523437500000000e-01 0.000000000000000e+00
 -5.312500000000000e-01 6.562500000000000e-01 0.000000000000000e+00
 -5.312500000000000e-01 6.250000000000000e-01 0.000000000000000e+00
 -5.468750000000000e-01 6.093750000000000e-01 0.000000000000000e+00
 -5.468750000000000e-01 5.937500000000000e-01 0.000000000000000e+00
 -5.546875000000000e-01 5.859375000000000e-01 0.000000000000000e+00
 -5.546875000000000e-01 5.781250000000000e-01 0.000000000000000e+00
 5.312500000000000e-01 6.562500000000000e-01 0.000000000000000e+00
 5.312500000000000e-01 6.250000000000000e-01 0.000000000000000e+00
 5.468750000000000e-01 6.093750000000000e-01 0.000000000000000e+00
 5.468750000000000e-01 5.937500000000000e-01 0.000000000000000e+00
 5.546875000000000e-01 5.859375000000000e-01 0.000000000000000e+00
 5.546875000000000e-01 5.781250000000000e-01 0.000000000000000e+00
 -7.031250000000000e-01 6.328125000000000e-01 0.000000000000000e+00
 7.031250000000000e-01 6.328125000000000e-01 0.000000000000000e+00
 -7.421875000000000e-01 6.523437500000000e-01 0.000000000000000e+00
 7.421875000000000e-01 6.523437500000000e-01 0.000000000000000e+00
 -2.148437500000000e-01 5.585937500000000e-01 0.000000000000000e+00
 -2.148437500000000e-01 5.625000000000000e-01 0.000000000000000e+00
 2.148437500000000e-01 5.585937500000000e-01 0.000000000000000e+00
 2.148437500000000e-01 5.625000000000000e-01 0.000000000000000e+00
 -7.460937500000000e-01 6.601562500000000e-01 0.000000000000000e+00
 -7.460937500000000e-01 6.562500000000000e-01 0.000000000000000e+00
 7.460937500000000e-01 6.601562500000000e-01 0.000000000000000e+00
 7.460937500000000e-01 6.562500000000000e-01 0.000000000000000e+00
 -2.812500000000000e-01 5.585937500000000e-01 0.000000000000000e+00
 2.812500000000000e-01 5.585937500000000e-01 0.000000000000000e+00
 -7.500000000000000e-01 6.601562500000000e-01 0.000000000000000e+00
 7.500000000000000e-01 6.601562500000000e-01 0.000000000000000e+00
 -3.164062500000000e-01 5.507812500000000e-01 0.000000000000000e+00
 -3.164062500000000e-01 5.546875000000000e-01 0.000000000000000e+00
 3.164062500000000e-01 5.507812500000000e-01 0.000000000000000e+00
 3.164062500000000e-01 5.546875000000000e-01 0.000000000000000e+00
 -3.593750000000000e-01 5.507812500000000e-01 0.000000000000000e+00
 -9.140625000000000e-01 7.421875000000000e-01 0.000000000000000e+00
 9.140625000000000e-01 7.421875000000000e-01 0.000000000000000e+00
 3.593750000000000e-01 5.507812500000000e-01 0.000000000000000e+00
 -8.750000000000000e-01 7.031250000000000e-01 0.000000000000000e+00
 -8.671875000000000e-01 7.109375000000000e-01 0.000000000000000e+00
 -8.671875000000000e-01 7.187500000000000e-01 0.000000000000000e+00
 -8.632812500000000e-01 7.226562500000000e-01 0.000000000000000e+00
 8.750000000000000e-01 7.031250000000000e-01 0.000000000000000e+00
 8.671875000000000e-01 7.109375000000000e-01 0.000000000000000e+00
 8.671875000000000e-01 7.187500000000000e-01 0.000000000000000e+00
 8.632812500000000e-01 7.226562500000000e-01 0.000000000000000e+00
 -7.539062500000000e-01 6.679687500000000e-01 0.000000000000000e+00
 -7.539062500000000e-01 6.640625000000000e-01 0.000000000000000e+00
 7.539062500000000e-01 6.679687500000000e-01 0.000000000000000e+00
 7.539062500000000e-01 6.640625000000000e-01 0.000000000000000e+00
 -7.031250000000000e-01 6.718750000000000e-01 0.000000000000000e+00
 -7.031250000000000e-01 6.562500000000000e-01 0.000000000000000e+00
 -7.109375000000000e-01 6.484375000000000e-01 0.000000000000000e+00
 -7.109375000000000e-01 6.406250000000000e-01 0.000000000000000e+00
 -7.148437500000000e-01 6.367187500000000e-01 0.000000000000000e+00
 7.031250000000000e-01 6.718750000000000e-01 0.000000000000000e+00
 7.031250000000000e-01 6.562500000000000e-01 0.000000000000000e+00
 7.109375000000000e-01 6.484375000000000e-01 0.000000000000000e+00
 7.109375000000000e-01 6.406250000000000e-01 0.000000000000000e+00
 7.148437500000000e-01 6.367187500000000e-01 0.000000000000000e+00
 -7.578125000000000e-01 6.679687500000000e-01 0.000000000000000e+00
 -5.937500000000000e-01 5.859375000000000e-01 0.000000000000000e+00
 5.937500000000000e-01 5.859375000000000e-01 0.000000000000000e+00
 7.578125000000000e-01 6.679687500000000e-01 0.000000000000000e+00
 -7.617187500000000e-01 6.757812500000000e-01 0.000000000000000e+00
 -7.617187500000000e-01 6.718750000000000e-01 0.000000000000000e+00
 7.617187500000000e-01 6.757812500000000e-01 0.000000000000000e+00
 7.617187500000000e-01 6.718750000000000e-01 0.000000000000000e+00
 -7.656250000000000e-01 6.757812500000000e-01 0.000000000000000e+00
 7.656250000000000e-01 6.757812500000000e-01 0.000000000000000e+00
 -2.734375000000000e-01 5.585937500000000e-01 0.000000000000000e+00
 -6.718750000000000e-01 6.171875000000000e-01 0.000000000000000e+00
 6.718750000000000e-01 6.171875000000000e-01 0.000000000000000e+00
 2.734375000000000e-01 5.585937500000000e-01 0.000000000000000e+00
 -2.500000000000000e-01 4.375000000000000e-01 0.000000000000000e+00
 -2.812500000000000e-01 4.687500000000000e-01 0.000000000000000e+00
 -2.812500000000000e-01 5.000000000000000e-01 0.000000000000000e+00
 -2.968750000000000e-01 5.156250000000000e-01 0.000000000000000e+00
 -2.968750000000000e-01 5.312500000000000e-01 0.000000000000000e+00
 -3.046875000000000e-01 5.390625000000000e-01 0.000000000000000e+00
 -3.046875000000000e-01 5.468750000000000e-01 0.000000000000000e+00
 -3.085937500000000e-01 5.507812500000000e-01 0.000000000000000e+00
 -3.085937500000000e-01 5.546875000000000e-01 0.000000000000000e+00
 2.500000000000000e-01 4.375000000000000e-01 0.000000000000000e+00
 2.812500000000000e-01 4.687500000000000e-01 0.000000000000000e+00
 2.812500000000000e-01 5.000000000000000e-01 0.000000000000000e+00
 2.968750000000000e-01 5.156250000000000e-01 0.000000000000000e+00
 2.968750000000000e-01 5.312500000000000e-01 0.000000000000000e+00
 3.046875000000000e-01 5.390625000000000e-01 0.000000000000000e+00
 3.046875000000000e-01 5.468750000000000e-01 0.000000000000000e+00
 3.085937500000000e-01 5.507812500000000e-01 0.000000000000000e+00
 3.085937500000000e-01 5.546875000000000e-01 0.000000000000000e+00
 -7.695312500000000e-01 6.835937500000000e-01 0.000000000000000e+00
 -7.695312500000000e-01 6.796875000000000e-01 0.000000000000000e+00
 -6.171875000000000e-01 6.015625000000000e-01 0.000000000000000e+00
 -6.171875000000000e-01 5.937500000000000e-01 0.000000000000000e+00
 6.171875000000000e-01 6.015625000000000e-01 0.000000000000000e+00
 6.171875000000000e-01 5.937500000000000e-01 0.000000000000000e+00
 7.695312500000000e-01 6.835937500000000e-01 0.000000000000000e+00
 7.695312500000000e-01 6.796875000000000e-01 0.000000000000000e+00
 -3.515625000000000e-01 5.507812500000000e-01 0.000000000000000e+00
 3.515625000000000e-01 5.507812500000000e-01 0.000000000000000e+00
 -2.031250000000000e-01 5.546875000000000e-01 0.000000000000000e+00
 -2.070312500000000e-01 5.585937500000000e-01 0.000000000000000e+00
 -2.070312500000000e-01 5.625000000000000e-01 0.000000000000000e+00
 -7.734375000000000e-01 6.835937500000000e-01 0.000000000000000e+00
 -7.187500000000000e-01 6.484375000000000e-01 0.000000000000000e+00
 -7.226562500000000e-01 6.445312500000000e-01 0.000000000000000e+00
 7.187500000000000e-01 6.484375000000000e-01 0.000000000000000e+00
 7.226562500000000e-01 6.445312500000000e-01 0.000000000000000e+00
 7.734375000000000e-01 6.835937500000000e-01 0.000000000000000e+00
 2.031250000000000e-01 5.546875000000000e-01 0.000000000000000e+00
 2.070312500000000e-01 5.585937500000000e-01 0.000000000000000e+00
 2.070312500000000e-01 5.625000000000000e-01 0.000000000000000e+00
 -5.390625000000000e-01 5.859375000000000e-01 0.000000000000000e+00
 -5.390625000000000e-01 5.781250000000000e-01 0.000000000000000e+00
 5.390625000000000e-01 5.859375000000000e-01 0.000000000000000e+00
 5.390625000000000e-01 5.781250000000000e-01 0.000000000000000e+00
 -7.773437500000000e-01 6.914062500000000e-01 0.000000000000000e+00
 -7.773437500000000e-01 6.875000000000000e-01 0.000000000000000e+00
 7.773437500000000e-01 6.914062500000000e-01 0.000000000000000e+00
 7.773437500000000e-01 6.875000000000000e-01 0.000000000000000e+00
 -7.812500000000000e-01 6.914062500000000e-01 0.000000000000000e+00
 7.812500000000000e-01 6.914062500000000e-01 0.000000000000000e+00
 -1.992187500000000e-01 5.585937500000000e-01 0.000000000000000e+00
 -1.992187500000000e-01 5.625000000000000e-01 0.000000000000000e+00
 1.992187500000000e-01 5.585937500000000e-01 0.000000000000000e+00
 1.992187500000000e-01 5.625000000000000e-01 0.000000000000000e+00
 -2.656250000000000e-01 5.585937500000000e-01 0.000000000000000e+00
 2.656250000000000e-01 5.585937500000000e-01 0.000000000000000e+00
 -7.187500000000000e-01 6.718750000000000e-01 0.000000000000000e+00
 -7.265625000000000e-01 6.640625000000000e-01 0.000000000000000e+00
 -7.265625000000000e-01 6.562500000000000e-01 0.000000000000000e+00
 -7.304687500000000e-01 6.523437500000000e-01 0.000000000000000e+00
 -7.304687500000000e-01 6.484375000000000e-01 0.000000000000000e+00
 7.187500000000000e-01 6.718750000000000e-01 0.000000000000000e+00
 7.265625000000000e-01 6.640625000000000e-01 0.000000000000000e+00
 7.265625000000000e-01 6.562500000000000e-01 0.000000000000000e+00
 7.304687500000000e-01 6.523437500000000e-01 0.000000000000000e+00
 7.304687500000000e-01 6.484375000000000e-01 0.000000000000000e+00
 -3.007812500000000e-01 5.507812500000000e-01 0.000000000000000e+00
 -3.007812500000000e-01 5.546875000000000e-01 0.000000000000000e+00
 3.007812500000000e-01 5.507812500000000e-01 0.000000000000000e+00
 3.007812500000000e-01 5.546875000000000e-01 0.000000000000000e+00
 -1.000000000000000e+00 7.187500000000000e-01 0.000000000000000e+00
 1.000000000000000e+00 7.187500000000000e-01 0.000000000000000e+00
 -9.843750000000000e-01 7.343750000000000e-01 0.000000000000000e+00
 -9.843750000000000e-01 7.500000000000000e-01 0.000000000000000e+00
 9.843750000000000e-01 7.343750000000000e-01 0.000000000000000e+00
 9.843750000000000e-01 7.500000000000000e-01 0.000000000000000e+00
 -7.851562500000000e-01 6.992187500000000e-01 0.000000000000000e+00
 -7.851562500000000e-01 6.953125000000000e-01 0.000000000000000e+00
 7.851562500000000e-01 6.992187500000000e-01 0.000000000000000e+00
 7.851562500000000e-01 6.953125000000000e-01 0.000000000000000e+00
 -8.593750000000000e-01 7.109375000000000e-01 0.000000000000000e+00
 -8.554687500000000e-01 7.148437500000000e-01 0.000000000000000e+00
 -8.554687500000000e-01 7.187500000000000e-01 0.000000000000000e+00
 8.593750000000000e-01 7.109375000000000e-01 0.000000000000000e+00
 8.554687500000000e-01 7.148437500000000e-01 0.000000000000000e+00
 8.554687500000000e-01 7.187500000000000e-01 0.000000000000000e+00
 -3.437500000000000e-01 5.507812500000000e-01 0.000000000000000e+00
 3.437500000000000e-01 5.507812500000000e-01 0.000000000000000e+00
 -6.796875000000000e-01 6.328125000000000e-01 0.000000000000000e+00
 -6.796875000000000e-01 6.250000000000000e-01 0.000000000000000e+00
 6.796875000000000e-01 6.328125000000000e-01 0.000000000000000e+00
 6.796875000000000e-01 6.250000000000000e-01 0.000000000000000e+00
 -7.343750000000000e-01 6.523437500000000e-01 0.000000000000000e+00
 7.343750000000000e-01 6.523437500000000e-01 0.000000000000000e+00
 -5.351562500000000e-01 5.742187500000000e-01 0.000000000000000e+00
 5.351562500000000e-01 5.742187500000000e-01 0.000000000000000e+00
 -7.070312500000000e-01 6.367187500000000e-01 0.000000000000000e+00
 7.070312500000000e-01 6.367187500000000e-01 0.000000000000000e+00
 -6.250000000000000e-01 6.562500000000000e-01 0.000000000000000e+00
 -6.406250000000000e-01 6.406250000000000e-01 0.000000000000000e+00
 -6.406250000000000e-01 6.250000000000000e-01 0.000000000000000e+00
 -6.484375000000000e-01 6.171875000000000e-01 0.000000000000000e+00
 -6.484375000000000e-01 6.093750000000000e-01 0.000000000000000e+00
 6.250000000000000e-01 6.562500000000000e-01 0.000000000000000e+00
 6.406250000000000e-01 6.406250000000000e-01 0.000000000000000e+00
 6.406250000000000e-01 6.250000000000000e-01 0.000000000000000e+00
 6.484375000000000e-01 6.171875000000000e-01 0.000000000000000e+00
 6.484375000000000e-01 6.093750000000000e-01 0.000000000000000e+00
 -7.343750000000000e-01 6.640625000000000e-01 0.000000000000000e+00
 -7.382812500000000e-01 6.601562500000000e-01 0.000000000000000e+00
 -7.382812500000000e-01 6.562500000000000e-01 0.000000000000000e+00
 7.343750000000000e-01 6.640625000000000e-01 0.000000000000000e+00
 7.382812500000000e-01 6.601562500000000e-01 0.000000000000000e+00
 7.382812500000000e-01 6.562500000000000e-01 0.000000000000000e+00
 -2.578125000000000e-01 5.585937500000000e-01 0.000000000000000e+00
 2.578125000000000e-01 5.585937500000000e-01 0.000000000000000e+00
 -1.875000000000000e-01 5.546875000000000e-01 0.000000000000000e+00
 -1.914062500000000e-01 5.585937500000000e-01 0.000000000000000e+00
 -1.914062500000000e-01 5.625000000000000e-01 0.000000000000000e+00
 -5.781250000000000e-01 5.859375000000000e-01 0.000000000000000e+00
 5.781250000000000e-01 5.859375000000000e-01 0.000000000000000e+00
 1.875000000000000e-01 5.546875000000000e-01 0.000000000000000e+00
 1.914062500000000e-01 5.585937500000000e-01 0.000000000000000e+00
 1.914062500000000e-01 5.625000000000000e-01 0.000000000000000e+00
 -2.890625000000000e-01 5.390625000000000e-01 0.000000000000000e+00
 -2.890625000000000e-01 5.468750000000000e-01 0.000000000000000e+00
 -2.929687500000000e-01 5.507812500000000e-01 0.000000000000000e+00
 -2.929687500000000e-01 5.546875000000000e-01 0.000000000000000e+00
 2.890625000000000e-01 5.390625000000000e-01 0.000000000000000e+00
 2.890625000000000e-01 5.468750000000000e-01 0.000000000000000e+00
 2.929687500000000e-01 5.507812500000000e-01 0.000000000000000e+00
 2.929687500000000e-01 5.546875000000000e-01 0.000000000000000e+00
 -7.421875000000000e-01 6.601562500000000e-01 0.000000000000000e+00
 7.421875000000000e-01 6.601562500000000e-01 0.000000000000000e+00
 -9.375000000000000e-01 7.343750000000000e-01 0.000000000000000e+00
 -9.296875000000000e-01 7.421875000000000e-01 0.000000000000000e+00
 9.375000000000000e-01 7.343750000000000e-01 0.000000000000000e+00
 9.296875000000000e-01 7.421875000000000e-01 0.000000000000000e+00
 -3.359375000000000e-01 5.507812500000000e-01 0.000000000000000e+00
 3.359375000000000e-01 5.507812500000000e-01 0.000000000000000e+00
 -7.343750000000000e-01 7.031250000000000e-01 0.000000000000000e+00
 -7.343750000000000e-01 6.875000000000000e-01 0.000000000000000e+00
 -7.421875000000000e-01 6.796875000000000e-01 0.000000000000000e+00
 -7.421875000000000e-01 6.718750000000000e-01 0.000000000000000e+00
 -7.460937500000000e-01 6.679687500000000e-01 0.000000000000000e+00
 -7.460937500000000e-01 6.640625000000000e-01 0.000000000000000e+00
 7.343750000000000e-01 7.031250000000000e-01 0.000000000000000e+00
 7.343750000000000e-01 6.875000000000000e-01 0.000000000000000e+00
 7.421875000000000e-01 6.796875000000000e-01 0.000000000000000e+00
 7.421875000000000e-01 6.718750000000000e-01 0.000000000000000e+00
 7.460937500000000e-01 6.679687500000000e-01 0.000000000000000e+00
 7.460937500000000e-01 6.640625000000000e-01 0.000000000000000e+00
 -5.156250000000000e-01 6.093750000000000e-01 0.000000000000000e+00
 -5.156250000000000e-01 5.937500000000000e-01 0.000000000000000e+00
 -5.234375000000000e-01 5.859375000000000e-01 0.000000000000000e+00
 -5.234375000000000e-01 5.781250000000000e-01 0.000000000000000e+00
 -5.273437500000000e-01 5.742187500000000e-01 0.000000000000000e+00
 5.156250000000000e-01 6.093750000000000e-01 0.000000000000000e+00
 5.156250000000000e-01 5.937500000000000e-01 0.000000000000000e+00
 5.234375000000000e-01 5.859375000000000e-01 0.000000000000000e+00
 5.234375000000000e-01 5.781250000000000e-01 0.000000000000000e+00
 5.273437500000000e-01 5.742187500000000e-01 0.000000000000000e+00
 -1.835937500000000e-01 5.585937500000000e-01 0.000000000000000e+00
 -1.835937500000000e-01 5.625000000000000e-01 0.000000000000000e+00
 1.835937500000000e-01 5.585937500000000e-01 0.000000000000000e+00
 1.835937500000000e-01 5.625000000000000e-01 0.000000000000000e+00
 -8.515625000000000e-01 7.148437500000000e-01 0.000000000000000e+00
 8.515625000000000e-01 7.148437500000000e-01 0.000000000000000e+00
 -7.148437500000000e-01 6.445312500000000e-01 0.000000000000000e+00
 -7.148437500000000e-01 6.406250000000000e-01 0.000000000000000e+00
 7.148437500000000e-01 6.445312500000000e-01 0.000000000000000e+00
 7.148437500000000e-01 6.406250000000000e-01 0.000000000000000e+00
 -2.500000000000000e-01 5.585937500000000e-01 0.000000000000000e+00
 -6.875000000000000e-01 6.328125000000000e-01 0.000000000000000e+00
 -6.914062500000000e-01 6.289062500000000e-01 0.000000000000000e+00
 6.875000000000000e-01 6.328125000000000e-01 0.000000000000000e+00
 6.914062500000000e-01 6.289062500000000e-01 0.000000000000000e+00
 2.500000000000000e-01 5.585937500000000e-01 0.000000000000000e+00
 -6.250000000000000e-01 6.015625000000000e-01 0.000000000000000e+00
 -8.984375000000000e-01 7.265625000000000e-01 0.000000000000000e+00
 -8.984375000000000e-01 7.343750000000000e-01 0.000000000000000e+00
 8.984375000000000e-01 7.265625000000000e-01 0.000000000000000e+00
 8.984375000000000e-01 7.343750000000000e-01 0.000000000000000e+00
 6.250000000000000e-01 6.015625000000000e-01 0.000000000000000e+00
 -7.500000000000000e-01 6.679687500000000e-01 0.000000000000000e+00
 7.500000000000000e-01 6.679687500000000e-01 0.000000000000000e+00
 -2.851562500000000e-01 5.507812500000000e-01 0.000000000000000e+00
 -2.851562500000000e-01 5.546875000000000e-01 0.000000000000000e+00
 -5.937500000000000e-01 6.093750000000000e-01 0.000000000000000e+00
 -6.015625000000000e-01 6.015625000000000e-01 0.000000000000000e+00
 -6.015625000000000e-01 5.937500000000000e-01 0.000000000000000e+00
 5.937500000000000e-01 6.093750000000000e-01 0.000000000000000e+00
 6.015625000000000e-01 6.015625000000000e-01 0.000000000000000e+00
 6.015625000000000e-01 5.937500000000000e-01 0.000000000000000e+00
 2.851562500000000e-01 5.507812500000000e-01 0.000000000000000e+00
 2.851562500000000e-01 5.546875000000000e-01 0.000000000000000e+00
 -7.187500000000000e-01 6.445312500000000e-01 0.000000000000000e+00
 7.187500000000000e-01 6.445312500000000e-01 0.000000000000000e+00
 -7.500000000000000e-01 6.796875000000000e-01 0.000000000000000e+00
 -7.539062500000000e-01 6.757812500000000e-01 0.000000000000000e+00
 -7.539062500000000e-01 6.718750000000000e-01 0.000000000000000e+00
 7.500000000000000e-01 6.796875000000000e-01 0.000000000000000e+00
 7.539062500000000e-01 6.757812500000000e-01 0.000000000000000e+00
 7.539062500000000e-01 6.718750000000000e-01 0.000000000000000e+00
 -6.757812500000000e-01 6.210937500000000e-01 0.000000000000000e+00
 6.757812500000000e-01 6.210937500000000e-01 0.000000000000000e+00
 -5.195312500000000e-01 5.742187500000000e-01 0.000000000000000e+00
 5.195312500000000e-01 5.742187500000000e-01 0.000000000000000e+00
 -3.281250000000000e-01 5.507812500000000e-01 0.000000000000000e+00
 3.281250000000000e-01 5.507812500000000e-01 0.000000000000000e+00
 -6.562500000000000e-01 6.171875000000000e-01 0.000000000000000e+00
 6.562500000000000e-01 6.171875000000000e-01 0.000000000000000e+00
 -7.226562500000000e-01 6.523437500000000e-01 0.000000000000000e+00
 -7.226562500000000e-01 6.484375000000000e-01 0.000000000000000e+00
 7.226562500000000e-01 6.523437500000000e-01 0.000000000000000e+00
 7.226562500000000e-01 6.484375000000000e-01 0.000000000000000e+00
 -2.421875000000000e-01 5.585937500000000e-01 0.000000000000000e+00
 2.421875000000000e-01 5.585937500000000e-01 0.000000000000000e+00
 -7.578125000000000e-01 6.757812500000000e-01 0.000000000000000e+00
 7.578125000000000e-01 6.757812500000000e-01 0.000000000000000e+00
 -6.953125000000000e-01 6.484375000000000e-01 0.000000000000000e+00
 -6.953125000000000e-01 6.406250000000000e-01 0.000000000000000e+00
 -6.992187500000000e-01 6.367187500000000e-01 0.000000000000000e+00
 6.953125000000000e-01 6.484375000000000e-01 0.000000000000000e+00
 6.953125000000000e-01 6.406250000000000e-01 0.000000000000000e+00
 6.992187500000000e-01 6.367187500000000e-01 0.000000000000000e+00
 -2.656250000000000e-01 5.156250000000000e-01 0.000000000000000e+00
 -2.656250000000000e-01 5.312500000000000e-01 0.000000000000000e+00
 -2.734375000000000e-01 5.390625000000000e-01 0.000000000000000e+00
 -2.734375000000000e-01 5.468750000000000e-01 0.000000000000000e+00
 -2.773437500000000e-01 5.507812500000000e-01 0.000000000000000e+00
 -2.773437500000000e-01 5.546875000000000e-01 0.000000000000000e+00
 -1.718750000000000e-01 5.546875000000000e-01 0.000000000000000e+00
 -1.757812500000000e-01 5.585937500000000e-01 0.000000000000000e+00
 -1.757812500000000e-01 5.625000000000000e-01 0.000000000000000e+00
 1.718750000000000e-01 5.546875000000000e-01 0.000000000000000e+00
 1.757812500000000e-01 5.585937500000000e-01 0.000000000000000e+00
 1.757812500000000e-01 5.625000000000000e-01 0.000000000000000e+00
 2.656250000000000e-01 5.156250000000000e-01 0.000000000000000e+00
 2.656250000000000e-01 5.312500000000000e-01 0.000000000000000e+00
 2.734375000000000e-01 5.390625000000000e-01 0.000000000000000e+00
 2.734375000000000e-01 5.468750000000000e-01 0.000000000000000e+00
 2.773437500000000e-01 5.507812500000000e-01 0.000000000000000e+00
 2.773437500000000e-01 5.546875000000000e-01 0.000000000000000e+00
 -7.265625000000000e-01 6.523437500000000e-01 0.000000000000000e+00
 -8.710937500000000e-01 7.226562500000000e-01 0.000000000000000e+00
 8.710937500000000e-01 7.226562500000000e-01 0.000000000000000e+00
 7.265625000000000e-01 6.523437500000000e-01 0.000000000000000e+00
 -7.500000000000000e-01 7.031250000000000e-01 0.000000000000000e+00
 -7.578125000000000e-01 6.953125000000000e-01 0.000000000000000e+00
 -7.578125000000000e-01 6.875000000000000e-01 0.000000000000000e+00
 -7.617187500000000e-01 6.835937500000000e-01 0.000000000000000e+00
 -7.617187500000000e-01 6.796875000000000e-01 0.000000000000000e+00
 -9.453125000000000e-01 7.421875000000000e-01 0.000000000000000e+00
 -8.750000000000000e-01 6.562500000000000e-01 0.000000000000000e+00
 -8.593750000000000e-01 6.718750000000000e-01 0.000000000000000e+00
 -8.593750000000000e-01 6.875000000000000e-01 0.000000000000000e+00
 -8.515625000000000e-01 6.953125000000000e-01 0.000000000000000e+00
 -8.515625000000000e-01 7.031250000000000e-01 0.000000000000000e+00
 -8.476562500000000e-01 7.070312500000000e-01 0.000000000000000e+00
 -8.476562500000000e-01 7.109375000000000e-01 0.000000000000000e+00
 8.750000000000000e-01 6.562500000000000e-01 0.000000000000000e+00
 8.593750000000000e-01 6.718750000000000e-01 0.000000000000000e+00
 8.593750000000000e-01 6.875000000000000e-01 0.000000000000000e+00
 8.515625000000000e-01 6.953125000000000e-01 0.000000000000000e+00
 8.515625000000000e-01 7.031250000000000e-01 0.000000000000000e+00
 8.476562500000000e-01 7.070312500000000e-01 0.000000000000000e+00
 8.476562500000000e-01 7.109375000000000e-01 0.000000000000000e+00
 9.453125000000000e-01 7.421875000000000e-01 0.000000000000000e+00
 7.500000000000000e-01 7.031250000000000e-01 0.000000000000000e+00
 7.578125000000000e-01 6.953125000000000e-01 0.000000000000000e+00
 7.578125000000000e-01 6.875000000000000e-01 0.000000000000000e+00
 7.617187500000000e-01 6.835937500000000e-01 0.000000000000000e+00
 7.617187500000000e-01 6.796875000000000e-01 0.000000000000000e+00
 -3.203125000000000e-01 5.507812500000000e-01 0.000000000000000e+00
 -5.078125000000000e-01 5.859375000000000e-01 0.000000000000000e+00
 -5.078125000000000e-01 5.781250000000000e-01 0.000000000000000e+00
 -5.117187500000000e-01 5.742187500000000e-01 0.000000000000000e+00
 5.078125000000000e-01 5.859375000000000e-01 0.000000000000000e+00
 5.078125000000000e-01 5.781250000000000e-01 0.000000000000000e+00
 5.117187500000000e-01 5.742187500000000e-01 0.000000000000000e+00
 3.203125000000000e-01 5.507812500000000e-01 0.000000000000000e+00
 -5.625000000000000e-01 5.859375000000000e-01 0.000000000000000e+00
 5.625000000000000e-01 5.859375000000000e-01 0.000000000000000e+00
 -1.679687500000000e-01 5.585937500000000e-01 0.000000000000000e+00
 -1.679687500000000e-01 5.625000000000000e-01 0.000000000000000e+00
 1.679687500000000e-01 5.585937500000000e-01 0.000000000000000e+00
 1.679687500000000e-01 5.625000000000000e-01 0.000000000000000e+00
 -2.343750000000000e-01 5.585937500000000e-01 0.000000000000000e+00
 -7.031250000000000e-01 6.367187500000000e-01 0.000000000000000e+00
 7.031250000000000e-01 6.367187500000000e-01 0.000000000000000e+00
 2.343750000000000e-01 5.585937500000000e-01 0.000000000000000e+00
 -7.304687500000000e-01 6.601562500000000e-01 0.000000000000000e+00
 -7.304687500000000e-01 6.562500000000000e-01 0.000000000000000e+00
 7.304687500000000e-01 6.601562500000000e-01 0.000000000000000e+00
 7.304687500000000e-01 6.562500000000000e-01 0.000000000000000e+00
 -6.835937500000000e-01 6.289062500000000e-01 0.000000000000000e+00
 6.835937500000000e-01 6.289062500000000e-01 0.000000000000000e+00
 -2.695312500000000e-01 5.507812500000000e-01 0.000000000000000e+00
 -2.695312500000000e-01 5.546875000000000e-01 0.000000000000000e+00
 2.695312500000000e-01 5.507812500000000e-01 0.000000000000000e+00
 2.695312500000000e-01 5.546875000000000e-01 0.000000000000000e+00
 -8.906250000000000e-01 7.265625000000000e-01 0.000000000000000e+00
 8.906250000000000e-01 7.265625000000000e-01 0.000000000000000e+00
 -6.328125000000000e-01 6.171875000000000e-01 0.000000000000000e+00
 -6.328125000000000e-01 6.093750000000000e-01 0.000000000000000e+00
 6.328125000000000e-01 6.171875000000000e-01 0.000000000000000e+00
 6.328125000000000e-01 6.093750000000000e-01 0.000000000000000e+00
 -7.656250000000000e-01 6.835937500000000e-01 0.000000000000000e+00
 7.656250000000000e-01 6.835937500000000e-01 0.000000000000000e+00
 -7.031250000000000e-01 6.484375000000000e-01 0.000000000000000e+00
 -7.070312500000000e-01 6.445312500000000e-01 0.000000000000000e+00
 -7.070312500000000e-01 6.406250000000000e-01 0.000000000000000e+00
 7.031250000000000e-01 6.484375000000000e-01 0.000000000000000e+00
 7.070312500000000e-01 6.445312500000000e-01 0.000000000000000e+00
 7.070312500000000e-01 6.406250000000000e-01 0.000000000000000e+00
 -6.562500000000000e-01 6.406250000000000e-01 0.000000000000000e+00
 -6.640625000000000e-01 6.328125000000000e-01 0.000000000000000e+00
 -6.640625000000000e-01 6.250000000000000e-01 0.000000000000000e+00
 -6.679687500000000e-01 6.210937500000000e-01 0.000000000000000e+00
 6.562500000000000e-01 6.406250000000000e-01 0.000000000000000e+00
 6.640625000000000e-01 6.328125000000000e-01 0.000000000000000e+00
 6.640625000000000e-01 6.250000000000000e-01 0.000000000000000e+00
 6.679687500000000e-01 6.210937500000000e-01 0.000000000000000e+00
 -5.039062500000000e-01 5.742187500000000e-01 0.000000000000000e+00
 -5.039062500000000e-01 5.703125000000000e-01 0.000000000000000e+00
 -7.343750000000000e-01 6.601562500000000e-01 0.000000000000000e+00
 7.343750000000000e-01 6.601562500000000e-01 0.000000000000000e+00
 5.039062500000000e-01 5.742187500000000e-01 0.000000000000000e+00
 5.039062500000000e-01 5.703125000000000e-01 0.000000000000000e+00
 -6.523437500000000e-01 6.132812500000000e-01 0.000000000000000e+00
 6.523437500000000e-01 6.132812500000000e-01 0.000000000000000e+00
 -3.125000000000000e-01 5.507812500000000e-01 0.000000000000000e+00
 3.125000000000000e-01 5.507812500000000e-01 0.000000000000000e+00
 -2.265625000000000e-01 5.585937500000000e-01 0.000000000000000e+00
 -5.585937500000000e-01 5.820312500000000e-01 0.000000000000000e+00
 5.585937500000000e-01 5.820312500000000e-01 0.000000000000000e+00
 2.265625000000000e-01 5.585937500000000e-01 0.000000000000000e+00
 -5.859375000000000e-01 6.015625000000000e-01 0.000000000000000e+00
 -5.859375000000000e-01 5.937500000000000e-01 0.000000000000000e+00
 -5.898437500000000e-01 5.898437500000000e-01 0.000000000000000e+00
 -9.687500000000000e-01 7.343750000000000e-01 0.000000000000000e+00
 -9.609375000000000e-01 7.421875000000000e-01 0.000000000000000e+00
 9.687500000000000e-01 7.343750000000000e-01 0.000000000000000e+00
 9.609375000000000e-01 7.421875000000000e-01 0.000000000000000e+00
 5.859375000000000e-01 6.015625000000000e-01 0.000000000000000e+00
 5.859375000000000e-01 5.937500000000000e-01 0.000000000000000e+00
 5.898437500000000e-01 5.898437500000000e-01 0.000000000000000e+00
 -7.656250000000000e-01 6.953125000000000e-01 0.000000000000000e+00
 -7.695312500000000e-01 6.914062500000000e-01 0.000000000000000e+00
 -7.695312500000000e-01 6.875000000000000e-01 0.000000000000000e+00
 7.656250000000000e-01 6.953125000000000e-01 0.000000000000000e+00
 7.695312500000000e-01 6.914062500000000e-01 0.000000000000000e+00
 7.695312500000000e-01 6.875000000000000e-01 0.000000000000000e+00
 -6.093750000000000e-01 6.015625000000000e-01 0.000000000000000e+00
 -6.132812500000000e-01 5.976562500000000e-01 0.000000000000000e+00
 -7.109375000000000e-01 6.445312500000000e-01 0.000000000000000e+00
 7.109375000000000e-01 6.445312500000000e-01 0.000000000000000e+00
 6.093750000000000e-01 6.015625000000000e-01 0.000000000000000e+00
 6.132812500000000e-01 5.976562500000000e-01 0.000000000000000e+00
 -7.382812500000000e-01 6.679687500000000e-01 0.000000000000000e+00
 -7.382812500000000e-01 6.640625000000000e-01 0.000000000000000e+00
 7.382812500000000e-01 6.679687500000000e-01 0.000000000000000e+00
 7.382812500000000e-01 6.640625000000000e-01 0.000000000000000e+00
 -2.578125000000000e-01 5.390625000000000e-01 0.000000000000000e+00
 -2.578125000000000e-01 5.468750000000000e-01 0.000000000000000e+00
 -2.617187500000000e-01 5.507812500000000e-01 0.000000000000000e+00
 -2.617187500000000e-01 5.546875000000000e-01 0.000000000000000e+00
 2.578125000000000e-01 5.390625000000000e-01 0.000000000000000e+00
 2.578125000000000e-01 5.468750000000000e-01 0.000000000000000e+00
 2.617187500000000e-01 5.507812500000000e-01 0.000000000000000e+00
 2.617187500000000e-01 5.546875000000000e-01 0.000000000000000e+00
 -6.914062500000000e-01 6.367187500000000e-01 0.000000000000000e+00
 -6.914062500000000e-01 6.328125000000000e-01 0.000000000000000e+00
 6.914062500000000e-01 6.367187500000000e-01 0.000000000000000e+00
 6.914062500000000e-01 6.328125000000000e-01 0.000000000000000e+00
 -4.687500000000000e-01 6.562500000000000e-01 0.000000000000000e+00
 -4.687500000000000e-01 6.250000000000000e-01 0.000000000000000e+00
 -4.843750000000000e-01 6.093750000000000e-01 0.000000000000000e+00
 -4.843750000000000e-01 5.937500000000000e-01 0.000000000000000e+00
 -4.921875000000000e-01 5.859375000000000e-01 0.000000000000000e+00
 -4.921875000000000e-01 5.781250000000000e-01 0.000000000000000e+00
 -4.960937500000000e-01 5.742187500000000e-01 0.000000000000000e+00
 -4.960937500000000e-01 5.703125000000000e-01 0.000000000000000e+00
 4.687500000000000e-01 6.562500000000000e-01 0.000000000000000e+00
 4.687500000000000e-01 6.250000000000000e-01 0.000000000000000e+00
 4.843750000000000e-01 6.093750000000000e-01 0.000000000000000e+00
 4.843750000000000e-01 5.937500000000000e-01 0.000000000000000e+00
 4.921875000000000e-01 5.859375000000000e-01 0.000000000000000e+00
 4.921875000000000e-01 5.781250000000000e-01 0.000000000000000e+00
 4.960937500000000e-01 5.742187500000000e-01 0.000000000000000e+00
 4.960937500000000e-01 5.703125000000000e-01 0.000000000000000e+00
 -7.109375000000000e-01 6.640625000000000e-01 0.000000000000000e+00
 -7.109375000000000e-01 6.562500000000000e-01 0.000000000000000e+00
 -7.148437500000000e-01 6.523437500000000e-01 0.000000000000000e+00
 -7.148437500000000e-01 6.484375000000000e-01 0.000000000000000e+00
 7.109375000000000e-01 6.640625000000000e-01 0.000000000000000e+00
 7.109375000000000e-01 6.562500000000000e-01 0.000000000000000e+00
 7.148437500000000e-01 6.523437500000000e-01 0.000000000000000e+00
 7.148437500000000e-01 6.484375000000000e-01 0.000000000000000e+00
 -1.562500000000000e-01 5.546875000000000e-01 0.000000000000000e+00
 -1.601562500000000e-01 5.585937500000000e-01 0.000000000000000e+00
 -1.601562500000000e-01 5.625000000000000e-01 0.000000000000000e+00
 1.562500000000000e-01 5.546875000000000e-01 0.000000000000000e+00
 1.601562500000000e-01 5.585937500000000e-01 0.000000000000000e+00
 1.601562500000000e-01 5.625000000000000e-01 0.000000000000000e+00
 -9.218750000000000e-01 7.031250000000000e-01 0.000000000000000e+00
 -9.218750000000000e-01 7.187500000000000e-01 0.000000000000000e+00
 -9.140625000000000e-01 7.265625000000000e-01 0.000000000000000e+00
 -9.140625000000000e-01 7.343750000000000e-01 0.000000000000000e+00
 9.218750000000000e-01 7.031250000000000e-01 0.000000000000000e+00
 9.218750000000000e-01 7.187500000000000e-01 0.000000000000000e+00
 9.140625000000000e-01 7.265625000000000e-01 0.000000000000000e+00
 9.140625000000000e-01 7.343750000000000e-01 0.000000000000000e+00
 -3.046875000000000e-01 5.507812500000000e-01 0.000000000000000e+00
 -7.421875000000000e-01 6.679687500000000e-01 0.000000000000000e+00
 7.421875000000000e-01 6.679687500000000e-01 0.000000000000000e+00
 3.046875000000000e-01 5.507812500000000e-01 0.000000000000000e+00
 -9.765625000000000e-01 7.421875000000000e-01 0.000000000000000e+00
 -9.375000000000000e-01 7.421875000000000e-01 0.000000000000000e+00
 9.375000000000000e-01 7.421875000000000e-01 0.000000000000000e+00
 9.765625000000000e-01 7.421875000000000e-01 0.000000000000000e+00
 -2.187500000000000e-01 5.585937500000000e-01 0.000000000000000e+00
 -6.289062500000000e-01 6.054687500000000e-01 0.000000000000000e+00
 6.289062500000000e-01 6.054687500000000e-01 0.000000000000000e+00
 2.187500000000000e-01 5.585937500000000e-01 0.000000000000000e+00
 -8.437500000000000e-01 7.070312500000000e-01 0.000000000000000e+00
 8.437500000000000e-01 7.070312500000000e-01 0.000000000000000e+00
 -8.632812500000000e-01 7.148437500000000e-01 0.000000000000000e+00
 -8.632812500000000e-01 7.187500000000000e-01 0.000000000000000e+00
 8.632812500000000e-01 7.148437500000000e-01 0.000000000000000e+00
 8.632812500000000e-01 7.187500000000000e-01 0.000000000000000e+00
 -7.734375000000000e-01 6.914062500000000e-01 0.000000000000000e+00
 -6.718750000000000e-01 6.328125000000000e-01 0.000000000000000e+00
 -6.757812500000000e-01 6.289062500000000e-01 0.000000000000000e+00
 -6.757812500000000e-01 6.250000000000000e-01 0.000000000000000e+00
 6.718750000000000e-01 6.328125000000000e-01 0.000000000000000e+00
 6.757812500000000e-01 6.289062500000000e-01 0.000000000000000e+00
 6.757812500000000e-01 6.250000000000000e-01 0.000000000000000e+00
 7.734375000000000e-01 6.914062500000000e-01 0.000000000000000e+00
 -6.953125000000000e-01 6.367187500000000e-01 0.000000000000000e+00
 6.953125000000000e-01 6.367187500000000e-01 0.000000000000000e+00
 -2.539062500000000e-01 5.507812500000000e-01 0.000000000000000e+00
 -2.539062500000000e-01 5.546875000000000e-01 0.000000000000000e+00
 -5.468750000000000e-01 5.859375000000000e-01 0.000000000000000e+00
 -5.507812500000000e-01 5.820312500000000e-01 0.000000000000000e+00
 5.468750000000000e-01 5.859375000000000e-01 0.000000000000000e+00
 5.507812500000000e-01 5.820312500000000e-01 0.000000000000000e+00
 2.539062500000000e-01 5.507812500000000e-01 0.000000000000000e+00
 2.539062500000000e-01 5.546875000000000e-01 0.000000000000000e+00
 -4.882812500000000e-01 5.742187500000000e-01 0.000000000000000e+00
 -4.882812500000000e-01 5.703125000000000e-01 0.000000000000000e+00
 -5.820312500000000e-01 5.898437500000000e-01 0.000000000000000e+00
 5.820312500000000e-01 5.898437500000000e-01 0.000000000000000e+00
 4.882812500000000e-01 5.742187500000000e-01 0.000000000000000e+00
 4.882812500000000e-01 5.703125000000000e-01 0.000000000000000e+00
 -7.187500000000000e-01 6.523437500000000e-01 0.000000000000000e+00
 -6.406250000000000e-01 6.171875000000000e-01 0.000000000000000e+00
 -6.445312500000000e-01 6.132812500000000e-01 0.000000000000000e+00
 -6.601562500000000e-01 6.210937500000000e-01 0.000000000000000e+00
 -1.000000000000000e+00 7.343750000000000e-01 0.000000000000000e+00
 1.000000000000000e+00 7.343750000000000e-01 0.000000000000000e+00
 -9.921875000000000e-01 7.421875000000000e-01 0.000000000000000e+00
 -8.945312500000000e-01 7.304687500000000e-01 0.000000000000000e+00
 8.945312500000000e-01 7.304687500000000e-01 0.000000000000000e+00
 9.921875000000000e-01 7.421875000000000e-01 0.000000000000000e+00
 6.601562500000000e-01 6.210937500000000e-01 0.000000000000000e+00
 6.406250000000000e-01 6.171875000000000e-01 0.000000000000000e+00
 6.445312500000000e-01 6.132812500000000e-01 0.000000000000000e+00
 7.187500000000000e-01 6.523437500000000e-01 0.000000000000000e+00
 -6.054687500000000e-01 5.976562500000000e-01 0.000000000000000e+00
 -7.460937500000000e-01 6.757812500000000e-01 0.000000000000000e+00
 -7.460937500000000e-01 6.718750000000000e-01 0.000000000000000e+00
 7.460937500000000e-01 6.757812500000000e-01 0.000000000000000e+00
 7.460937500000000e-01 6.718750000000000e-01 0.000000000000000e+00
 6.054687500000000e-01 5.976562500000000e-01 0.000000000000000e+00
 -1.523437500000000e-01 5.585937500000000e-01 0.000000000000000e+00
 -1.523437500000000e-01 5.625000000000000e-01 0.000000000000000e+00
 -8.828125000000000e-01 7.109375000000000e-01 0.000000000000000e+00
 -8.828125000000000e-01 7.187500000000000e-01 0.000000000000000e+00
 -8.789062500000000e-01 7.226562500000000e-01 0.000000000000000e+00
 8.828125000000000e-01 7.109375000000000e-01 0.000000000000000e+00
 8.828125000000000e-01 7.187500000000000e-01 0.000000000000000e+00
 8.789062500000000e-01 7.226562500000000e-01 0.000000000000000e+00
 1.523437500000000e-01 5.585937500000000e-01 0.000000000000000e+00
 1.523437500000000e-01 5.625000000000000e-01 0.000000000000000e+00
 -6.992187500000000e-01 6.445312500000000e-01 0.000000000000000e+00
 -6.992187500000000e-01 6.406250000000000e-01 0.000000000000000e+00
 6.992187500000000e-01 6.445312500000000e-01 0.000000000000000e+00
 6.992187500000000e-01 6.406250000000000e-01 0.000000000000000e+00
 -6.796875000000000e-01 6.289062500000000e-01 0.000000000000000e+00
 6.796875000000000e-01 6.289062500000000e-01 0.000000000000000e+00
 -2.968750000000000e-01 5.507812500000000e-01 0.000000000000000e+00
 -7.187500000000000e-01 6.640625000000000e-01 0.000000000000000e+00
 -7.226562500000000e-01 6.601562500000000e-01 0.000000000000000e+00
 -7.226562500000000e-01 6.562500000000000e-01 0.000000000000000e+00
 7.187500000000000e-01 6.640625000000000e-01 0.000000000000000e+00
 7.226562500000000e-01 6.601562500000000e-01 0.000000000000000e+00
 7.226562500000000e-01 6.562500000000000e-01 0.000000000000000e+00
 2.968750000000000e-01 5.507812500000000e-01 0.000000000000000e+00
 -2.109375000000000e-01 5.585937500000000e-01 0.000000000000000e+00
 2.109375000000000e-01 5.585937500000000e-01 0.000000000000000e+00
 -5.429687500000000e-01 5.820312500000000e-01 0.000000000000000e+00
 -5.234375000000000e-01 5.742187500000000e-01 0.000000000000000e+00
 5.234375000000000e-01 5.742187500000000e-01 0.000000000000000e+00
 5.429687500000000e-01 5.820312500000000e-01 0.000000000000000e+00
 -4.765625000000000e-01 5.859375000000000e-01 0.000000000000000e+00
 -4.765625000000000e-01 5.781250000000000e-01 0.000000000000000e+00
 -4.804687500000000e-01 5.742187500000000e-01 0.000000000000000e+00
 -4.804687500000000e-01 5.703125000000000e-01 0.000000000000000e+00
 4.765625000000000e-01 5.859375000000000e-01 0.000000000000000e+00
 4.765625000000000e-01 5.781250000000000e-01 0.000000000000000e+00
 4.804687500000000e-01 5.742187500000000e-01 0.000000000000000e+00
 4.804687500000000e-01 5.703125000000000e-01 0.000000000000000e+00
 -7.500000000000000e-01 6.757812500000000e-01 0.000000000000000e+00
 -6.640625000000000e-01 6.210937500000000e-01 0.000000000000000e+00
 6.640625000000000e-01 6.210937500000000e-01 0.000000000000000e+00
 7.500000000000000e-01 6.757812500000000e-01 0.000000000000000e+00
 -2.187500000000000e-01 4.687500000000000e-01 0.000000000000000e+00
 -2.187500000000000e-01 5.000000000000000e-01 0.000000000000000e+00
 -2.343750000000000e-01 5.156250000000000e-01 0.000000000000000e+00
 -2.343750000000000e-01 5.312500000000000e-01 0.000000000000000e+00
 -2.421875000000000e-01 5.390625000000000e-01 0.000000000000000e+00
 -2.421875000000000e-01 5.468750000000000e-01 0.000000000000000e+00
 -2.460937500000000e-01 5.507812500000000e-01 0.000000000000000e+00
 -2.460937500000000e-01 5.546875000000000e-01 0.000000000000000e+00
 2.187500000000000e-01 4.687500000000000e-01 0.000000000000000e+00
 2.187500000000000e-01 5.000000000000000e-01 0.000000000000000e+00
 2.343750000000000e-01 5.156250000000000e-01 0.000000000000000e+00
 2.343750000000000e-01 5.312500000000000e-01 0.000000000000000e+00
 2.421875000000000e-01 5.390625000000000e-01 0.000000000000000e+00
 2.421875000000000e-01 5.468750000000000e-01 0.000000000000000e+00
 2.460937500000000e-01 5.507812500000000e-01 0.000000000000000e+00
 2.460937500000000e-01 5.546875000000000e-01 0.000000000000000e+00
 -9.531250000000000e-01 7.421875000000000e-01 0.000000000000000e+00
 9.531250000000000e-01 7.421875000000000e-01 0.000000000000000e+00
 -6.093750000000000e-01 6.406250000000000e-01 0.000000000000000e+00
 -6.093750000000000e-01 6.250000000000000e-01 0.000000000000000e+00
 -6.171875000000000e-01 6.171875000000000e-01 0.000000000000000e+00
 -6.171875000000000e-01 6.093750000000000e-01 0.000000000000000e+00
 -6.210937500000000e-01 6.054687500000000e-01 0.000000000000000e+00
 6.093750000000000e-01 6.406250000000000e-01 0.000000000000000e+00
 6.093750000000000e-01 6.250000000000000e-01 0.000000000000000e+00
 6.171875000000000e-01 6.171875000000000e-01 0.000000000000000e+00
 6.171875000000000e-01 6.093750000000000e-01 0.000000000000000e+00
 6.210937500000000e-01 6.054687500000000e-01 0.000000000000000e+00
 -5.625000000000000e-01 6.093750000000000e-01 0.000000000000000e+00
 -5.703125000000000e-01 6.015625000000000e-01 0.000000000000000e+00
 -5.703125000000000e-01 5.937500000000000e-01 0.000000000000000e+00
 -5.742187500000000e-01 5.898437500000000e-01 0.000000000000000e+00
 5.625000000000000e-01 6.093750000000000e-01 0.000000000000000e+00
 5.703125000000000e-01 6.015625000000000e-01 0.000000000000000e+00
 5.703125000000000e-01 5.937500000000000e-01 0.000000000000000e+00
 5.742187500000000e-01 5.898437500000000e-01 0.000000000000000e+00
 -7.031250000000000e-01 6.445312500000000e-01 0.000000000000000e+00
 -6.562500000000000e-01 7.187500000000000e-01 0.000000000000000e+00
 -6.562500000000000e-01 6.875000000000000e-01 0.000000000000000e+00
 -6.718750000000000e-01 6.718750000000000e-01 0.000000000000000e+00
 -6.718750000000000e-01 6.562500000000000e-01 0.000000000000000e+00
 -6.796875000000000e-01 6.484375000000000e-01 0.000000000000000e+00
 -6.796875000000000e-01 6.406250000000000e-01 0.000000000000000e+00
 -6.835937500000000e-01 6.367187500000000e-01 0.000000000000000e+00
 -6.835937500000000e-01 6.328125000000000e-01 0.000000000000000e+00
 6.562500000000000e-01 7.187500000000000e-01 0.000000000000000e+00
 6.562500000000000e-01 6.875000000000000e-01 0.000000000000000e+00
 6.718750000000000e-01 6.718750000000000e-01 0.000000000000000e+00
 6.718750000000000e-01 6.562500000000000e-01 0.000000000000000e+00
 6.796875000000000e-01 6.484375000000000e-01 0.000000000000000e+00
 6.796875000000000e-01 6.406250000000000e-01 0.000000000000000e+00
 6.835937500000000e-01 6.367187500000000e-01 0.000000000000000e+00
 6.835937500000000e-01 6.328125000000000e-01 0.000000000000000e+00
 7.031250000000000e-01 6.445312500000000e-01 0.000000000000000e+00
 -8.593750000000000e-01 7.148437500000000e-01 0.000000000000000e+00
 8.593750000000000e-01 7.148437500000000e-01 0.000000000000000e+00
 -7.265625000000000e-01 6.601562500000000e-01 0.000000000000000e+00
 7.265625000000000e-01 6.601562500000000e-01 0.000000000000000e+00
 -4.726562500000000e-01 5.742187500000000e-01 0.000000000000000e+00
 -4.726562500000000e-01 5.703125000000000e-01 0.000000000000000e+00
 -8.437500000000000e-01 6.953125000000000e-01 0.000000000000000e+00
 -8.398437500000000e-01 6.992187500000000e-01 0.000000000000000e+00
 -8.398437500000000e-01 7.031250000000000e-01 0.000000000000000e+00
 8.437500000000000e-01 6.953125000000000e-01 0.000000000000000e+00
 8.398437500000000e-01 6.992187500000000e-01 0.000000000000000e+00
 8.398437500000000e-01 7.031250000000000e-01 0.000000000000000e+00
 4.726562500000000e-01 5.742187500000000e-01 0.000000000000000e+00
 4.726562500000000e-01 5.703125000000000e-01 0.000000000000000e+00
 -5.937500000000000e-01 6.015625000000000e-01 0.000000000000000e+00
 -5.976562500000000e-01 5.976562500000000e-01 0.000000000000000e+00
 5.937500000000000e-01 6.015625000000000e-01 0.000000000000000e+00
 5.976562500000000e-01 5.976562500000000e-01 0.000000000000000e+00
 -2.890625000000000e-01 5.507812500000000e-01 0.000000000000000e+00
 -6.367187500000000e-01 6.132812500000000e-01 0.000000000000000e+00
 -8.750000000000000e-01 7.226562500000000e-01 0.000000000000000e+00
 8.750000000000000e-01 7.226562500000000e-01 0.000000000000000e+00
 6.367187500000000e-01 6.132812500000000e-01 0.000000000000000e+00
 2.890625000000000e-01 5.507812500000000e-01 0.000000000000000e+00
 -6.679687500000000e-01 6.289062500000000e-01 0.000000000000000e+00
 -6.679687500000000e-01 6.250000000000000e-01 0.000000000000000e+00
 -9.062500000000000e-01 7.265625000000000e-01 0.000000000000000e+00
 -9.023437500000000e-01 7.304687500000000e-01 0.000000000000000e+00
 9.062500000000000e-01 7.265625000000000e-01 0.000000000000000e+00
 9.023437500000000e-01 7.304687500000000e-01 0.000000000000000e+00
 6.679687500000000e-01 6.289062500000000e-01 0.000000000000000e+00
 6.679687500000000e-01 6.250000000000000e-01 0.000000000000000e+00
 -9.296875000000000e-01 7.265625000000000e-01 0.000000000000000e+00
 -9.296875000000000e-01 7.343750000000000e-01 0.000000000000000e+00
 9.296875000000000e-01 7.265625000000000e-01 0.000000000000000e+00
 9.296875000000000e-01 7.343750000000000e-01 0.000000000000000e+00
 -6.484375000000000e-01 6.328125000000000e-01 0.000000000000000e+00
 -6.484375000000000e-01 6.250000000000000e-01 0.000000000000000e+00
 -6.523437500000000e-01 6.210937500000000e-01 0.000000000000000e+00
 -6.523437500000000e-01 6.171875000000000e-01 0.000000000000000e+00
 6.484375000000000e-01 6.328125000000000e-01 0.000000000000000e+00
 6.484375000000000e-01 6.250000000000000e-01 0.000000000000000e+00
 6.523437500000000e-01 6.210937500000000e-01 0.000000000000000e+00
 6.523437500000000e-01 6.171875000000000e-01 0.000000000000000e+00
 -2.031250000000000e-01 5.585937500000000e-01 0.000000000000000e+00
 2.031250000000000e-01 5.585937500000000e-01 0.000000000000000e+00
 -7.070312500000000e-01 6.523437500000000e-01 0.000000000000000e+00
 -7.070312500000000e-01 6.484375000000000e-01 0.000000000000000e+00
 7.070312500000000e-01 6.523437500000000e-01 0.000000000000000e+00
 7.070312500000000e-01 6.484375000000000e-01 0.000000000000000e+00
 -5.156250000000000e-01 5.742187500000000e-01 0.000000000000000e+00
 5.156250000000000e-01 5.742187500000000e-01 0.000000000000000e+00
 -7.539062500000000e-01 6.835937500000000e-01 0.000000000000000e+00
 -7.539062500000000e-01 6.796875000000000e-01 0.000000000000000e+00
 7.539062500000000e-01 6.835937500000000e-01 0.000000000000000e+00
 7.539062500000000e-01 6.796875000000000e-01 0.000000000000000e+00
 -2.382812500000000e-01 5.507812500000000e-01 0.000000000000000e+00
 -2.382812500000000e-01 5.546875000000000e-01 0.000000000000000e+00
 2.382812500000000e-01 5.507812500000000e-01 0.000000000000000e+00
 2.382812500000000e-01 5.546875000000000e-01 0.000000000000000e+00
 -9.687500000000000e-01 7.421875000000000e-01 0.000000000000000e+00
 9.687500000000000e-01 7.421875000000000e-01 0.000000000000000e+00
 -5.312500000000000e-01 5.859375000000000e-01 0.000000000000000e+00
 -5.351562500000000e-01 5.820312500000000e-01 0.000000000000000e+00
 -5.351562500000000e-01 5.781250000000000e-01 0.000000000000000e+00
 5.312500000000000e-01 5.859375000000000e-01 0.000000000000000e+00
 5.351562500000000e-01 5.820312500000000e-01 0.000000000000000e+00
 5.351562500000000e-01 5.781250000000000e-01 0.000000000000000e+00
 -6.875000000000000e-01 6.367187500000000e-01 0.000000000000000e+00
 -7.265625000000000e-01 6.796875000000000e-01 0.000000000000000e+00
 -7.265625000000000e-01 6.718750000000000e-01 0.000000000000000e+00
 -7.304687500000000e-01 6.679687500000000e-01 0.000000000000000e+00
 -7.304687500000000e-01 6.640625000000000e-01 0.000000000000000e+00
 7.265625000000000e-01 6.796875000000000e-01 0.000000000000000e+00
 7.265625000000000e-01 6.718750000000000e-01 0.000000000000000e+00
 7.304687500000000e-01 6.679687500000000e-01 0.000000000000000e+00
 7.304687500000000e-01 6.640625000000000e-01 0.000000000000000e+00
 6.875000000000000e-01 6.367187500000000e-01 0.000000000000000e+00
 -1.406250000000000e-01 5.546875000000000e-01 0.000000000000000e+00
 -1.445312500000000e-01 5.585937500000000e-01 0.000000000000000e+00
 -1.445312500000000e-01 5.625000000000000e-01 0.000000000000000e+00
 1.406250000000000e-01 5.546875000000000e-01 0.000000000000000e+00
 1.445312500000000e-01 5.585937500000000e-01 0.000000000000000e+00
 1.445312500000000e-01 5.625000000000000e-01 0.000000000000000e+00
 -8.867187500000000e-01 7.226562500000000e-01 0.000000000000000e+00
 8.867187500000000e-01 7.226562500000000e-01 0.000000000000000e+00
 -4.531250000000000e-01 6.093750000000000e-01 0.000000000000000e+00
 -4.531250000000000e-01 5.937500000000000e-01 0.000000000000000e+00
 -4.609375000000000e-01 5.859375000000000e-01 0.000000000000000e+00
 -4.609375000000000e-01 5.781250000000000e-01 0.000000000000000e+00
 -4.648437500000000e-01 5.742187500000000e-01 0.000000000000000e+00
 -4.648437500000000e-01 5.703125000000000e-01 0.000000000000000e+00
 -5.664062500000000e-01 5.898437500000000e-01 0.000000000000000e+00
 5.664062500000000e-01 5.898437500000000e-01 0.000000000000000e+00
 4.531250000000000e-01 6.093750000000000e-01 0.000000000000000e+00
 4.531250000000000e-01 5.937500000000000e-01 0.000000000000000e+00
 4.609375000000000e-01 5.859375000000000e-01 0.000000000000000e+00
 4.609375000000000e-01 5.781250000000000e-01 0.000000000000000e+00
 4.648437500000000e-01 5.742187500000000e-01 0.000000000000000e+00
 4.648437500000000e-01 5.703125000000000e-01 0.000000000000000e+00
 -6.132812500000000e-01 6.054687500000000e-01 0.000000000000000e+00
 -6.132812500000000e-01 6.015625000000000e-01 0.000000000000000e+00
 -6.718750000000000e-01 6.289062500000000e-01 0.000000000000000e+00
 6.718750000000000e-01 6.289062500000000e-01 0.000000000000000e+00
 6.132812500000000e-01 6.054687500000000e-01 0.000000000000000e+00
 6.132812500000000e-01 6.015625000000000e-01 0.000000000000000e+00
 -9.843750000000000e-01 7.421875000000000e-01 0.000000000000000e+00
 9.843750000000000e-01 7.421875000000000e-01 0.000000000000000e+00
 -6.406250000000000e-01 6.132812500000000e-01 0.000000000000000e+00
 -8.554687500000000e-01 7.070312500000000e-01 0.000000000000000e+00
 -8.554687500000000e-01 7.109375000000000e-01 0.000000000000000e+00
 8.554687500000000e-01 7.070312500000000e-01 0.000000000000000e+00
 8.554687500000000e-01 7.109375000000000e-01 0.000000000000000e+00
 6.406250000000000e-01 6.132812500000000e-01 0.000000000000000e+00
 -7.109375000000000e-01 6.523437500000000e-01 0.000000000000000e+00
 7.109375000000000e-01 6.523437500000000e-01 0.000000000000000e+00
 -6.875000000000000e-01 6.484375000000000e-01 0.000000000000000e+00
 -6.914062500000000e-01 6.445312500000000e-01 0.000000000000000e+00
 -6.914062500000000e-01 6.406250000000000e-01 0.000000000000000e+00
 -8.750000000000000e-01 7.109375000000000e-01 0.000000000000000e+00
 -8.710937500000000e-01 7.148437500000000e-01 0.000000000000000e+00
 -8.710937500000000e-01 7.187500000000000e-01 0.000000000000000e+00
 8.750000000000000e-01 7.109375000000000e-01 0.000000000000000e+00
 8.710937500000000e-01 7.148437500000000e-01 0.000000000000000e+00
 8.710937500000000e-01 7.187500000000000e-01 0.000000000000000e+00
 6.875000000000000e-01 6.484375000000000e-01 0.000000000000000e+00
 6.914062500000000e-01 6.445312500000000e-01 0.000000000000000e+00
 6.914062500000000e-01 6.406250000000000e-01 0.000000000000000e+00
 -6.562500000000000e-01 6.210937500000000e-01 0.000000000000000e+00
 6.562500000000000e-01 6.210937500000000e-01 0.000000000000000e+00
 -2.812500000000000e-01 5.507812500000000e-01 0.000000000000000e+00
 -5.078125000000000e-01 5.742187500000000e-01 0.000000000000000e+00
 5.078125000000000e-01 5.742187500000000e-01 0.000000000000000e+00
 2.812500000000000e-01 5.507812500000000e-01 0.000000000000000e+00
 -5.898437500000000e-01 5.976562500000000e-01 0.000000000000000e+00
 -5.898437500000000e-01 5.937500000000000e-01 0.000000000000000e+00
 -1.000000000000000e+00 7.421875000000000e-01 0.000000000000000e+00
 1.000000000000000e+00 7.421875000000000e-01 0.000000000000000e+00
 5.898437500000000e-01 5.976562500000000e-01 0.000000000000000e+00
 5.898437500000000e-01 5.937500000000000e-01 0.000000000000000e+00
 -1.367187500000000e-01 5.585937500000000e-01 0.000000000000000e+00
 -1.367187500000000e-01 5.625000000000000e-01 0.000000000000000e+00
 1.367187500000000e-01 5.585937500000000e-01 0.000000000000000e+00
 1.367187500000000e-01 5.625000000000000e-01 0.000000000000000e+00
 -9.101562500000000e-01 7.304687500000000e-01 0.000000000000000e+00
 9.101562500000000e-01 7.304687500000000e-01 0.000000000000000e+00
 -6.015625000000000e-01 5.976562500000000e-01 0.000000000000000e+00
 6.015625000000000e-01 5.976562500000000e-01 0.000000000000000e+00
 -5.781250000000000e-01 5.898437500000000e-01 0.000000000000000e+00
 -5.273437500000000e-01 5.820312500000000e-01 0.000000000000000e+00
 -5.273437500000000e-01 5.781250000000000e-01 0.000000000000000e+00
 5.273437500000000e-01 5.820312500000000e-01 0.000000000000000e+00
 5.273437500000000e-01 5.781250000000000e-01 0.000000000000000e+00
 5.781250000000000e-01 5.898437500000000e-01 0.000000000000000e+00
 -1.953125000000000e-01 5.585937500000000e-01 0.000000000000000e+00
 -4.570312500000000e-01 5.742187500000000e-01 0.000000000000000e+00
 -4.570312500000000e-01 5.703125000000000e-01 0.000000000000000e+00
 4.570312500000000e-01 5.742187500000000e-01 0.000000000000000e+00
 4.570312500000000e-01 5.703125000000000e-01 0.000000000000000e+00
 1.953125000000000e-01 5.585937500000000e-01 0.000000000000000e+00
 -7.343750000000000e-01 6.679687500000000e-01 0.000000000000000e+00
 7.343750000000000e-01 6.679687500000000e-01 0.000000000000000e+00
 -2.265625000000000e-01 5.390625000000000e-01 0.000000000000000e+00
 -2.265625000000000e-01 5.468750000000000e-01 0.000000000000000e+00
 -2.304687500000000e-01 5.507812500000000e-01 0.000000000000000e+00
 -2.304687500000000e-01 5.546875000000000e-01 0.000000000000000e+00
 -7.578125000000000e-01 6.835937500000000e-01 0.000000000000000e+00
 -6.250000000000000e-01 6.171875000000000e-01 0.000000000000000e+00
 -6.289062500000000e-01 6.132812500000000e-01 0.000000000000000e+00
 -6.289062500000000e-01 6.093750000000000e-01 0.000000000000000e+00
 6.250000000000000e-01 6.171875000000000e-01 0.000000000000000e+00
 6.289062500000000e-01 6.132812500000000e-01 0.000000000000000e+00
 6.289062500000000e-01 6.093750000000000e-01 0.000000000000000e+00
 7.578125000000000e-01 6.835937500000000e-01 0.000000000000000e+00
 2.265625000000000e-01 5.390625000000000e-01 0.000000000000000e+00
 2.265625000000000e-01 5.468750000000000e-01 0.000000000000000e+00
 2.304687500000000e-01 5.507812500000000e-01 0.000000000000000e+00
 2.304687500000000e-01 5.546875000000000e-01 0.000000000000000e+00
 -5.468750000000000e-01 5.820312500000000e-01 0.000000000000000e+00
 5.468750000000000e-01 5.820312500000000e-01 0.000000000000000e+00
 -6.757812500000000e-01 6.367187500000000e-01 0.000000000000000e+00
 -6.757812500000000e-01 6.328125000000000e-01 0.000000000000000e+00
 6.757812500000000e-01 6.367187500000000e-01 0.000000000000000e+00
 6.757812500000000e-01 6.328125000000000e-01 0.000000000000000e+00
 -9.687500000000000e-01 6.562500000000000e-01 0.000000000000000e+00
 -9.687500000000000e-01 6.875000000000000e-01 0.000000000000000e+00
 -9.531250000000000e-01 7.031250000000000e-01 0.000000000000000e+00
 -9.531250000000000e-01 7.187500000000000e-01 0.000000000000000e+00
 -9.453125000000000e-01 7.265625000000000e-01 0.000000000000000e+00
 -9.453125000000000e-01 7.343750000000000e-01 0.000000000000000e+00
 -9.414062500000000e-01 7.382812500000000e-01 0.000000000000000e+00
 9.687500000000000e-01 6.562500000000000e-01 0.000000000000000e+00
 9.687500000000000e-01 6.875000000000000e-01 0.000000000000000e+00
 9.531250000000000e-01 7.031250000000000e-01 0.000000000000000e+00
 9.531250000000000e-01 7.187500000000000e-01 0.000000000000000e+00
 9.453125000000000e-01 7.265625000000000e-01 0.000000000000000e+00
 9.453125000000000e-01 7.343750000000000e-01 0.000000000000000e+00
 9.414062500000000e-01 7.382812500000000e-01 0.000000000000000e+00
 -7.148437500000000e-01 6.601562500000000e-01 0.000000000000000e+00
 -7.148437500000000e-01 6.562500000000000e-01 0.000000000000000e+00
 7.148437500000000e-01 6.601562500000000e-01 0.000000000000000e+00
 7.148437500000000e-01 6.562500000000000e-01 0.000000000000000e+00
 -6.445312500000000e-01 6.210937500000000e-01 0.000000000000000e+00
 -6.445312500000000e-01 6.171875000000000e-01 0.000000000000000e+00
 6.445312500000000e-01 6.210937500000000e-01 0.000000000000000e+00
 6.445312500000000e-01 6.171875000000000e-01 0.000000000000000e+00
 -6.562500000000000e-01 6.328125000000000e-01 0.000000000000000e+00
 -6.601562500000000e-01 6.289062500000000e-01 0.000000000000000e+00
 -6.601562500000000e-01 6.250000000000000e-01 0.000000000000000e+00
 6.562500000000000e-01 6.328125000000000e-01 0.000000000000000e+00
 6.601562500000000e-01 6.289062500000000e-01 0.000000000000000e+00
 6.601562500000000e-01 6.250000000000000e-01 0.000000000000000e+00
 -5.546875000000000e-01 6.015625000000000e-01 0.000000000000000e+00
 -5.546875000000000e-01 5.937500000000000e-01 0.000000000000000e+00
 -5.585937500000000e-01 5.898437500000000e-01 0.000000000000000e+00
 -5.585937500000000e-01 5.859375000000000e-01 0.000000000000000e+00
 5.546875000000000e-01 6.015625000000000e-01 0.000000000000000e+00
 5.546875000000000e-01 5.937500000000000e-01 0.000000000000000e+00
 5.585937500000000e-01 5.898437500000000e-01 0.000000000000000e+00
 5.585937500000000e-01 5.859375000000000e-01 0.000000000000000e+00
 -6.953125000000000e-01 6.445312500000000e-01 0.000000000000000e+00
 6.953125000000000e-01 6.445312500000000e-01 0.000000000000000e+00
 -8.828125000000000e-01 7.226562500000000e-01 0.000000000000000e+00
 8.828125000000000e-01 7.226562500000000e-01 0.000000000000000e+00
 -6.171875000000000e-01 6.054687500000000e-01 0.000000000000000e+00
 6.171875000000000e-01 6.054687500000000e-01 0.000000000000000e+00
 -4.453125000000000e-01 5.859375000000000e-01 0.000000000000000e+00
 -4.453125000000000e-01 5.781250000000000e-01 0.000000000000000e+00
 -4.492187500000000e-01 5.742187500000000e-01 0.000000000000000e+00
 -4.492187500000000e-01 5.703125000000000e-01 0.000000000000000e+00
 4.453125000000000e-01 5.859375000000000e-01 0.000000000000000e+00
 4.453125000000000e-01 5.781250000000000e-01 0.000000000000000e+00
 4.492187500000000e-01 5.742187500000000e-01 0.000000000000000e+00
 4.492187500000000e-01 5.703125000000000e-01 0.000000000000000e+00
 -5.000000000000000e-01 5.742187500000000e-01 0.000000000000000e+00
 5.000000000000000e-01 5.742187500000000e-01 0.000000000000000e+00
 -9.492187500000000e-01 7.382812500000000e-01 0.000000000000000e+00
 9.492187500000000e-01 7.382812500000000e-01 0.000000000000000e+00
 -2.734375000000000e-01 5.507812500000000e-01 0.000000000000000e+00
 2.734375000000000e-01 5.507812500000000e-01 0.000000000000000e+00
 -6.015625000000000e-01 6.171875000000000e-01 0.000000000000000e+00
 -6.015625000000000e-01 6.093750000000000e-01 0.000000000000000e+00
 -6.054687500000000e-01 6.054687500000000e-01 0.000000000000000e+00
 -6.054687500000000e-01 6.015625000000000e-01 0.000000000000000e+00
 6.015625000000000e-01 6.171875000000000e-01 0.000000000000000e+00
 6.015625000000000e-01 6.093750000000000e-01 0.000000000000000e+00
 6.054687500000000e-01 6.054687500000000e-01 0.000000000000000e+00
 6.054687500000000e-01 6.015625000000000e-01 0.000000000000000e+00
 -9.062500000000000e-01 7.031250000000000e-01 0.000000000000000e+00
 -8.984375000000000e-01 7.109375000000000e-01 0.000000000000000e+00
 -8.984375000000000e-01 7.187500000000000e-01 0.000000000000000e+00
 -8.945312500000000e-01 7.226562500000000e-01 0.000000000000000e+00
 -8.945312500000000e-01 7.265625000000000e-01 0.000000000000000e+00
 9.062500000000000e-01 7.031250000000000e-01 0.000000000000000e+00
 8.984375000000000e-01 7.109375000000000e-01 0.000000000000000e+00
 8.984375000000000e-01 7.187500000000000e-01 0.000000000000000e+00
 8.945312500000000e-01 7.226562500000000e-01 0.000000000000000e+00
 8.945312500000000e-01 7.265625000000000e-01 0.000000000000000e+00
 -7.343750000000000e-01 6.796875000000000e-01 0.000000000000000e+00
 -7.382812500000000e-01 6.757812500000000e-01 0.000000000000000e+00
 -7.382812500000000e-01 6.718750000000000e-01 0.000000000000000e+00
 -8.359375000000000e-01 6.992187500000000e-01 0.000000000000000e+00
 -9.218750000000000e-01 7.265625000000000e-01 0.000000000000000e+00
 -9.179687500000000e-01 7.304687500000000e-01 0.000000000000000e+00
 9.218750000000000e-01 7.265625000000000e-01 0.000000000000000e+00
 9.179687500000000e-01 7.304687500000000e-01 0.000000000000000e+00
 8.359375000000000e-01 6.992187500000000e-01 0.000000000000000e+00
 7.343750000000000e-01 6.796875000000000e-01 0.000000000000000e+00
 7.382812500000000e-01 6.757812500000000e-01 0.000000000000000e+00
 7.382812500000000e-01 6.718750000000000e-01 0.000000000000000e+00
 -1.875000000000000e-01 5.585937500000000e-01 0.000000000000000e+00
 1.875000000000000e-01 5.585937500000000e-01 0.000000000000000e+00
 -5.156250000000000e-01 5.859375000000000e-01 0.000000000000000e+00
 -5.195312500000000e-01 5.820312500000000e-01 0.000000000000000e+00
 -5.195312500000000e-01 5.781250000000000e-01 0.000000000000000e+00
 5.156250000000000e-01 5.859375000000000e-01 0.000000000000000e+00
 5.195312500000000e-01 5.820312500000000e-01 0.000000000000000e+00
 5.195312500000000e-01 5.781250000000000e-01 0.000000000000000e+00
 -6.796875000000000e-01 6.367187500000000e-01 0.000000000000000e+00
 6.796875000000000e-01 6.367187500000000e-01 0.000000000000000e+00
 -5.703125000000000e-01 5.898437500000000e-01 0.000000000000000e+00
 -5.781250000000000e-01 6.015625000000000e-01 0.000000000000000e+00
 -5.820312500000000e-01 5.976562500000000e-01 0.000000000000000e+00
 -5.820312500000000e-01 5.937500000000000e-01 0.000000000000000e+00
 5.781250000000000e-01 6.015625000000000e-01 0.000000000000000e+00
 5.820312500000000e-01 5.976562500000000e-01 0.000000000000000e+00
 5.820312500000000e-01 5.937500000000000e-01 0.000000000000000e+00
 5.703125000000000e-01 5.898437500000000e-01 0.000000000000000e+00
 -4.414062500000000e-01 5.742187500000000e-01 0.000000000000000e+00
 -4.414062500000000e-01 5.703125000000000e-01 0.000000000000000e+00
 4.414062500000000e-01 5.742187500000000e-01 0.000000000000000e+00
 4.414062500000000e-01 5.703125000000000e-01 0.000000000000000e+00
 -2.226562500000000e-01 5.507812500000000e-01 0.000000000000000e+00
 -2.226562500000000e-01 5.546875000000000e-01 0.000000000000000e+00
 2.226562500000000e-01 5.507812500000000e-01 0.000000000000000e+00
 2.226562500000000e-01 5.546875000000000e-01 0.000000000000000e+00
 -5.937500000000000e-01 5.976562500000000e-01 0.000000000000000e+00
 -6.328125000000000e-01 6.132812500000000e-01 0.000000000000000e+00
 -8.671875000000000e-01 7.148437500000000e-01 0.000000000000000e+00
 8.671875000000000e-01 7.148437500000000e-01 0.000000000000000e+00
 6.328125000000000e-01 6.132812500000000e-01 0.000000000000000e+00
 5.937500000000000e-01 5.976562500000000e-01 0.000000000000000e+00
 -6.875000000000000e-01 6.718750000000000e-01 0.000000000000000e+00
 -6.953125000000000e-01 6.640625000000000e-01 0.000000000000000e+00
 -6.953125000000000e-01 6.562500000000000e-01 0.000000000000000e+00
 -6.992187500000000e-01 6.523437500000000e-01 0.000000000000000e+00
 -6.992187500000000e-01 6.484375000000000e-01 0.000000000000000e+00
 6.875000000000000e-01 6.718750000000000e-01 0.000000000000000e+00
 6.953125000000000e-01 6.640625000000000e-01 0.000000000000000e+00
 6.953125000000000e-01 6.562500000000000e-01 0.000000000000000e+00
 6.992187500000000e-01 6.523437500000000e-01 0.000000000000000e+00
 6.992187500000000e-01 6.484375000000000e-01 0.000000000000000e+00
 -5.390625000000000e-01 5.820312500000000e-01 0.000000000000000e+00
 5.390625000000000e-01 5.820312500000000e-01 0.000000000000000e+00
 -7.187500000000000e-01 6.601562500000000e-01 0.000000000000000e+00
 -9.609375000000000e-01 7.265625000000000e-01 0.000000000000000e+00
 -9.609375000000000e-01 7.343750000000000e-01 0.000000000000000e+00
 -9.570312500000000e-01 7.382812500000000e-01 0.000000000000000e+00
 9.609375000000000e-01 7.265625000000000e-01 0.000000000000000e+00
 9.609375000000000e-01 7.343750000000000e-01 0.000000000000000e+00
 9.570312500000000e-01 7.382812500000000e-01 0.000000000000000e+00
 7.187500000000000e-01 6.601562500000000e-01 0.000000000000000e+00
 -8.515625000000000e-01 7.070312500000000e-01 0.000000000000000e+00
 8.515625000000000e-01 7.070312500000000e-01 0.000000000000000e+00
 -6.640625000000000e-01 6.289062500000000e-01 0.000000000000000e+00
 -6.484375000000000e-01 6.210937500000000e-01 0.000000000000000e+00
 6.484375000000000e-01 6.210937500000000e-01 0.000000000000000e+00
 6.640625000000000e-01 6.289062500000000e-01 0.000000000000000e+00
 -1.250000000000000e-01 5.546875000000000e-01 0.000000000000000e+00
 -1.289062500000000e-01 5.585937500000000e-01 0.000000000000000e+00
 -1.289062500000000e-01 5.625000000000000e-01 0.000000000000000e+00
 1.250000000000000e-01 5.546875000000000e-01 0.000000000000000e+00
 1.289062500000000e-01 5.585937500000000e-01 0.000000000000000e+00
 1.289062500000000e-01 5.625000000000000e-01 0.000000000000000e+00
 -6.210937500000000e-01 6.132812500000000e-01 0.000000000000000e+00
 -6.210937500000000e-01 6.093750000000000e-01 0.000000000000000e+00
 6.210937500000000e-01 6.132812500000000e-01 0.000000000000000e+00
 6.210937500000000e-01 6.093750000000000e-01 0.000000000000000e+00
 -4.921875000000000e-01 5.742187500000000e-01 0.000000000000000e+00
 4.921875000000000e-01 5.742187500000000e-01 0.000000000000000e+00
 -5.507812500000000e-01 5.898437500000000e-01 0.000000000000000e+00
 -5.507812500000000e-01 5.859375000000000e-01 0.000000000000000e+00
 5.507812500000000e-01 5.898437500000000e-01 0.000000000000000e+00
 5.507812500000000e-01 5.859375000000000e-01 0.000000000000000e+00
 -9.648437500000000e-01 7.382812500000000e-01 0.000000000000000e+00
 9.648437500000000e-01 7.382812500000000e-01 0.000000000000000e+00
 -8.789062500000000e-01 7.148437500000000e-01 0.000000000000000e+00
 -8.789062500000000e-01 7.187500000000000e-01 0.000000000000000e+00
 8.789062500000000e-01 7.148437500000000e-01 0.000000000000000e+00
 8.789062500000000e-01 7.187500000000000e-01 0.000000000000000e+00
 -4.218750000000000e-01 6.093750000000000e-01 0.000000000000000e+00
 -4.218750000000000e-01 5.937500000000000e-01 0.000000000000000e+00
 -4.296875000000000e-01 5.859375000000000e-01 0.000000000000000e+00
 -4.296875000000000e-01 5.781250000000000e-01 0.000000000000000e+00
 -4.335937500000000e-01 5.742187500000000e-01 0.000000000000000e+00
 -4.335937500000000e-01 5.703125000000000e-01 0.000000000000000e+00
 -9.257812500000000e-01 7.304687500000000e-01 0.000000000000000e+00
 9.257812500000000e-01 7.304687500000000e-01 0.000000000000000e+00
 4.218750000000000e-01 6.093750000000000e-01 0.000000000000000e+00
 4.218750000000000e-01 5.937500000000000e-01 0.000000000000000e+00
 4.296875000000000e-01 5.859375000000000e-01 0.000000000000000e+00
 4.296875000000000e-01 5.781250000000000e-01 0.000000000000000e+00
 4.335937500000000e-01 5.742187500000000e-01 0.000000000000000e+00
 4.335937500000000e-01 5.703125000000000e-01 0.000000000000000e+00
 -6.835937500000000e-01 6.445312500000000e-01 0.000000000000000e+00
 -6.835937500000000e-01 6.406250000000000e-01 0.000000000000000e+00
 6.835937500000000e-01 6.445312500000000e-01 0.000000000000000e+00
 6.835937500000000e-01 6.406250000000000e-01 0.000000000000000e+00
 -5.117187500000000e-01 5.820312500000000e-01 0.000000000000000e+00
 -5.117187500000000e-01 5.781250000000000e-01 0.000000000000000e+00
 5.117187500000000e-01 5.820312500000000e-01 0.000000000000000e+00
 5.117187500000000e-01 5.781250000000000e-01 0.000000000000000e+00
 -7.617187500000000e-01 6.914062500000000e-01 0.000000000000000e+00
 -7.617187500000000e-01 6.875000000000000e-01 0.000000000000000e+00
 7.617187500000000e-01 6.914062500000000e-01 0.000000000000000e+00
 7.617187500000000e-01 6.875000000000000e-01 0.000000000000000e+00
 -6.250000000000000e-01 6.406250000000000e-01 0.000000000000000e+00
 -6.328125000000000e-01 6.328125000000000e-01 0.000000000000000e+00
 -6.328125000000000e-01 6.250000000000000e-01 0.000000000000000e+00
 -6.367187500000000e-01 6.210937500000000e-01 0.000000000000000e+00
 -6.367187500000000e-01 6.171875000000000e-01 0.000000000000000e+00
 -8.164062500000000e-01 6.835937500000000e-01 0.000000000000000e+00
 -8.164062500000000e-01 6.875000000000000e-01 0.000000000000000e+00
 -9.843750000000000e-01 7.031250000000000e-01 0.000000000000000e+00
 -9.843750000000000e-01 7.187500000000000e-01 0.000000000000000e+00
 -9.765625000000000e-01 7.265625000000000e-01 0.000000000000000e+00
 -9.765625000000000e-01 7.343750000000000e-01 0.000000000000000e+00
 -9.726562500000000e-01 7.382812500000000e-01 0.000000000000000e+00
 9.843750000000000e-01 7.031250000000000e-01 0.000000000000000e+00
 9.843750000000000e-01 7.187500000000000e-01 0.000000000000000e+00
 9.765625000000000e-01 7.265625000000000e-01 0.000000000000000e+00
 9.765625000000000e-01 7.343750000000000e-01 0.000000000000000e+00
 9.726562500000000e-01 7.382812500000000e-01 0.000000000000000e+00
 8.164062500000000e-01 6.835937500000000e-01 0.000000000000000e+00
 8.164062500000000e-01 6.875000000000000e-01 0.000000000000000e+00
 6.250000000000000e-01 6.406250000000000e-01 0.000000000000000e+00
 6.328125000000000e-01 6.328125000000000e-01 0.000000000000000e+00
 6.328125000000000e-01 6.250000000000000e-01 0.000000000000000e+00
 6.367187500000000e-01 6.210937500000000e-01 0.000000000000000e+00
 6.367187500000000e-01 6.171875000000000e-01 0.000000000000000e+00
 -1.210937500000000e-01 5.585937500000000e-01 0.000000000000000e+00
 -1.210937500000000e-01 5.625000000000000e-01 0.000000000000000e+00
 1.210937500000000e-01 5.585937500000000e-01 0.000000000000000e+00
 1.210937500000000e-01 5.625000000000000e-01 0.000000000000000e+00
 -2.656250000000000e-01 5.507812500000000e-01 0.000000000000000e+00
 2.656250000000000e-01 5.507812500000000e-01 0.000000000000000e+00
 -4.257812500000000e-01 5.742187500000000e-01 0.000000000000000e+00
 -4.257812500000000e-01 5.703125000000000e-01 0.000000000000000e+00
 -6.093750000000000e-01 6.054687500000000e-01 0.000000000000000e+00
 -6.640625000000000e-01 6.484375000000000e-01 0.000000000000000e+00
 -6.640625000000000e-01 6.406250000000000e-01 0.000000000000000e+00
 -6.679687500000000e-01 6.367187500000000e-01 0.000000000000000e+00
 -6.679687500000000e-01 6.328125000000000e-01 0.000000000000000e+00
 6.640625000000000e-01 6.484375000000000e-01 0.000000000000000e+00
 6.640625000000000e-01 6.406250000000000e-01 0.000000000000000e+00
 6.679687500000000e-01 6.367187500000000e-01 0.000000000000000e+00
 6.679687500000000e-01 6.328125000000000e-01 0.000000000000000e+00
 6.093750000000000e-01 6.054687500000000e-01 0.000000000000000e+00
 4.257812500000000e-01 5.742187500000000e-01 0.000000000000000e+00
 4.257812500000000e-01 5.703125000000000e-01 0.000000000000000e+00
 -1.796875000000000e-01 5.585937500000000e-01 0.000000000000000e+00
 1.796875000000000e-01 5.585937500000000e-01 0.000000000000000e+00
 -6.523437500000000e-01 6.289062500000000e-01 0.000000000000000e+00
 -6.523437500000000e-01 6.250000000000000e-01 0.000000000000000e+00
 -9.804687500000000e-01 7.382812500000000e-01 0.000000000000000e+00
 9.804687500000000e-01 7.382812500000000e-01 0.000000000000000e+00
 6.523437500000000e-01 6.289062500000000e-01 0.000000000000000e+00
 6.523437500000000e-01 6.250000000000000e-01 0.000000000000000e+00
 -5.976562500000000e-01 6.054687500000000e-01 0.000000000000000e+00
 -5.976562500000000e-01 6.015625000000000e-01 0.000000000000000e+00
 -9.023437500000000e-01 7.226562500000000e-01 0.000000000000000e+00
 -9.023437500000000e-01 7.265625000000000e-01 0.000000000000000e+00
 9.023437500000000e-01 7.226562500000000e-01 0.000000000000000e+00
 9.023437500000000e-01 7.265625000000000e-01 0.000000000000000e+00
 5.976562500000000e-01 6.054687500000000e-01 0.000000000000000e+00
 5.976562500000000e-01 6.015625000000000e-01 0.000000000000000e+00
 -6.250000000000000e-02 5.664062500000000e-01 0.000000000000000e+00
 6.250000000000000e-02 5.664062500000000e-01 0.000000000000000e+00
 -5.742187500000000e-01 5.976562500000000e-01 0.000000000000000e+00
 -5.742187500000000e-01 5.937500000000000e-01 0.000000000000000e+00
 5.742187500000000e-01 5.976562500000000e-01 0.000000000000000e+00
 5.742187500000000e-01 5.937500000000000e-01 0.000000000000000e+00
 -5.312500000000000e-01 5.820312500000000e-01 0.000000000000000e+00
 -7.031250000000000e-01 6.523437500000000e-01 0.000000000000000e+00
 -7.226562500000000e-01 6.679687500000000e-01 0.000000000000000e+00
 -7.226562500000000e-01 6.640625000000000e-01 0.000000000000000e+00
 -9.140625000000000e-01 7.304687500000000e-01 0.000000000000000e+00
 9.140625000000000e-01 7.304687500000000e-01 0.000000000000000e+00
 7.226562500000000e-01 6.679687500000000e-01 0.000000000000000e+00
 7.226562500000000e-01 6.640625000000000e-01 0.000000000000000e+00
 7.031250000000000e-01 6.523437500000000e-01 0.000000000000000e+00
 5.312500000000000e-01 5.820312500000000e-01 0.000000000000000e+00
 -5.625000000000000e-01 5.898437500000000e-01 0.000000000000000e+00
 5.625000000000000e-01 5.898437500000000e-01 0.000000000000000e+00
 -8.906250000000000e-01 7.226562500000000e-01 0.000000000000000e+00
 8.906250000000000e-01 7.226562500000000e-01 0.000000000000000e+00
 -2.031250000000000e-01 5.156250000000000e-01 0.000000000000000e+00
 -2.031250000000000e-01 5.312500000000000e-01 0.000000000000000e+00
 -2.109375000000000e-01 5.390625000000000e-01 0.000000000000000e+00
 -2.109375000000000e-01 5.468750000000000e-01 0.000000000000000e+00
 -2.148437500000000e-01 5.507812500000000e-01 0.000000000000000e+00
 -2.148437500000000e-01 5.546875000000000e-01 0.000000000000000e+00
 -7.421875000000000e-01 6.757812500000000e-01 0.000000000000000e+00
 -9.921875000000000e-01 7.265625000000000e-01 0.000000000000000e+00
 -9.921875000000000e-01 7.343750000000000e-01 0.000000000000000e+00
 -9.882812500000000e-01 7.382812500000000e-01 0.000000000000000e+00
 9.921875000000000e-01 7.265625000000000e-01 0.000000000000000e+00
 9.921875000000000e-01 7.343750000000000e-01 0.000000000000000e+00
 9.882812500000000e-01 7.382812500000000e-01 0.000000000000000e+00
 7.421875000000000e-01 6.757812500000000e-01 0.000000000000000e+00
 2.031250000000000e-01 5.156250000000000e-01 0.000000000000000e+00
 2.031250000000000e-01 5.312500000000000e-01 0.000000000000000e+00
 2.109375000000000e-01 5.390625000000000e-01 0.000000000000000e+00
 2.109375000000000e-01 5.468750000000000e-01 0.000000000000000e+00
 2.148437500000000e-01 5.507812500000000e-01 0.000000000000000e+00
 2.148437500000000e-01 5.546875000000000e-01 0.000000000000000e+00
 -9.960937500000000e-01 7.382812500000000e-01 0.000000000000000e+00
 -8.671875000000000e-01 6.953125000000000e-01 0.000000000000000e+00
 -8.671875000000000e-01 7.031250000000000e-01 0.000000000000000e+00
 -8.632812500000000e-01 7.070312500000000e-01 0.000000000000000e+00
 -8.632812500000000e-01 7.109375000000000e-01 0.000000000000000e+00
 8.671875000000000e-01 6.953125000000000e-01 0.000000000000000e+00
 8.671875000000000e-01 7.031250000000000e-01 0.000000000000000e+00
 8.632812500000000e-01 7.070312500000000e-01 0.000000000000000e+00
 8.632812500000000e-01 7.109375000000000e-01 0.000000000000000e+00
 9.960937500000000e-01 7.382812500000000e-01 0.000000000000000e+00
 -5.859375000000000e-01 5.976562500000000e-01 0.000000000000000e+00
 5.859375000000000e-01 5.976562500000000e-01 0.000000000000000e+00
 -4.843750000000000e-01 5.742187500000000e-01 0.000000000000000e+00
 4.843750000000000e-01 5.742187500000000e-01 0.000000000000000e+00
 -9.375000000000000e-01 7.265625000000000e-01 0.000000000000000e+00
 -9.335937500000000e-01 7.304687500000000e-01 0.000000000000000e+00
 9.375000000000000e-01 7.265625000000000e-01 0.000000000000000e+00
 9.335937500000000e-01 7.304687500000000e-01 0.000000000000000e+00
 -4.140625000000000e-01 5.859375000000000e-01 0.000000000000000e+00
 -4.140625000000000e-01 5.781250000000000e-01 0.000000000000000e+00
 -4.179687500000000e-01 5.742187500000000e-01 0.000000000000000e+00
 -4.179687500000000e-01 5.703125000000000e-01 0.000000000000000e+00
 4.140625000000000e-01 5.859375000000000e-01 0.000000000000000e+00
 4.140625000000000e-01 5.781250000000000e-01 0.000000000000000e+00
 4.179687500000000e-01 5.742187500000000e-01 0.000000000000000e+00
 4.179687500000000e-01 5.703125000000000e-01 0.000000000000000e+00
 -6.250000000000000e-01 6.132812500000000e-01 0.000000000000000e+00
 6.250000000000000e-01 6.132812500000000e-01 0.000000000000000e+00
 -4.101562500000000e-01 5.742187500000000e-01 0.000000000000000e+00
 -4.101562500000000e-01 5.703125000000000e-01 0.000000000000000e+00
 -5.312500000000000e-01 6.093750000000000e-01 0.000000000000000e+00
 -5.390625000000000e-01 6.015625000000000e-01 0.000000000000000e+00
 -5.390625000000000e-01 5.937500000000000e-01 0.000000000000000e+00
 -5.429687500000000e-01 5.898437500000000e-01 0.000000000000000e+00
 -5.429687500000000e-01 5.859375000000000e-01 0.000000000000000e+00
 5.312500000000000e-01 6.093750000000000e-01 0.000000000000000e+00
 5.390625000000000e-01 6.015625000000000e-01 0.000000000000000e+00
 5.390625000000000e-01 5.937500000000000e-01 0.000000000000000e+00
 5.429687500000000e-01 5.898437500000000e-01 0.000000000000000e+00
 5.429687500000000e-01 5.859375000000000e-01 0.000000000000000e+00
 4.101562500000000e-01 5.742187500000000e-01 0.000000000000000e+00
 4.101562500000000e-01 5.703125000000000e-01 0.000000000000000e+00
 -5.468750000000000e-02 5.664062500000000e-01 0.000000000000000e+00
 5.468750000000000e-02 5.664062500000000e-01 0.000000000000000e+00
 -6.875000000000000e-01 6.445312500000000e-01 0.000000000000000e+00
 6.875000000000000e-01 6.445312500000000e-01 0.000000000000000e+00
 -3.984375000000000e-01 5.859375000000000e-01 0.000000000000000e+00
 -3.984375000000000e-01 5.781250000000000e-01 0.000000000000000e+00
 -3.945312500000000e-01 5.742187500000000e-01 0.000000000000000e+00
 -3.945312500000000e-01 5.703125000000000e-01 0.000000000000000e+00
 -8.476562500000000e-01 6.992187500000000e-01 0.000000000000000e+00
 -8.476562500000000e-01 7.031250000000000e-01 0.000000000000000e+00
 8.476562500000000e-01 6.992187500000000e-01 0.000000000000000e+00
 8.476562500000000e-01 7.031250000000000e-01 0.000000000000000e+00
 3.984375000000000e-01 5.859375000000000e-01 0.000000000000000e+00
 3.984375000000000e-01 5.781250000000000e-01 0.000000000000000e+00
 3.945312500000000e-01 5.742187500000000e-01 0.000000000000000e+00
 3.945312500000000e-01 5.703125000000000e-01 0.000000000000000e+00
 -4.023437500000000e-01 5.742187500000000e-01 0.000000000000000e+00
 -4.023437500000000e-01 5.703125000000000e-01 0.000000000000000e+00
 4.023437500000000e-01 5.742187500000000e-01 0.000000000000000e+00
 4.023437500000000e-01 5.703125000000000e-01 0.000000000000000e+00
 -8.437500000000000e-01 6.718750000000000e-01 0.000000000000000e+00
 -8.359375000000000e-01 6.796875000000000e-01 0.000000000000000e+00
 -8.359375000000000e-01 6.875000000000000e-01 0.000000000000000e+00
 -8.320312500000000e-01 6.914062500000000e-01 0.000000000000000e+00
 -8.320312500000000e-01 6.953125000000000e-01 0.000000000000000e+00
 8.437500000000000e-01 6.718750000000000e-01 0.000000000000000e+00
 8.359375000000000e-01 6.796875000000000e-01 0.000000000000000e+00
 8.359375000000000e-01 6.875000000000000e-01 0.000000000000000e+00
 8.320312500000000e-01 6.914062500000000e-01 0.000000000000000e+00
 8.320312500000000e-01 6.953125000000000e-01 0.000000000000000e+00
 -5.000000000000000e-01 5.859375000000000e-01 0.000000000000000e+00
 -5.039062500000000e-01 5.820312500000000e-01 0.000000000000000e+00
 -5.039062500000000e-01 5.781250000000000e-01 0.000000000000000e+00
 5.000000000000000e-01 5.859375000000000e-01 0.000000000000000e+00
 5.039062500000000e-01 5.820312500000000e-01 0.000000000000000e+00
 5.039062500000000e-01 5.781250000000000e-01 0.000000000000000e+00
 -6.093750000000000e-01 6.171875000000000e-01 0.000000000000000e+00
 -6.132812500000000e-01 6.132812500000000e-01 0.000000000000000e+00
 -6.132812500000000e-01 6.093750000000000e-01 0.000000000000000e+00
 6.093750000000000e-01 6.171875000000000e-01 0.000000000000000e+00
 6.132812500000000e-01 6.132812500000000e-01 0.000000000000000e+00
 6.132812500000000e-01 6.093750000000000e-01 0.000000000000000e+00
 -6.406250000000000e-01 6.210937500000000e-01 0.000000000000000e+00
 6.406250000000000e-01 6.210937500000000e-01 0.000000000000000e+00
 -1.718750000000000e-01 5.585937500000000e-01 0.000000000000000e+00
 -9.218750000000000e-01 7.304687500000000e-01 0.000000000000000e+00
 -9.414062500000000e-01 7.304687500000000e-01 0.000000000000000e+00
 -9.414062500000000e-01 7.343750000000000e-01 0.000000000000000e+00
 9.414062500000000e-01 7.304687500000000e-01 0.000000000000000e+00
 9.414062500000000e-01 7.343750000000000e-01 0.000000000000000e+00
 9.218750000000000e-01 7.304687500000000e-01 0.000000000000000e+00
 1.718750000000000e-01 5.585937500000000e-01 0.000000000000000e+00
 -7.031250000000000e-01 6.640625000000000e-01 0.000000000000000e+00
 -7.070312500000000e-01 6.601562500000000e-01 0.000000000000000e+00
 -7.070312500000000e-01 6.562500000000000e-01 0.000000000000000e+00
 -6.718750000000000e-01 6.367187500000000e-01 0.000000000000000e+00
 6.718750000000000e-01 6.367187500000000e-01 0.000000000000000e+00
 7.031250000000000e-01 6.640625000000000e-01 0.000000000000000e+00
 7.070312500000000e-01 6.601562500000000e-01 0.000000000000000e+00
 7.070312500000000e-01 6.562500000000000e-01 0.000000000000000e+00
 -2.578125000000000e-01 5.507812500000000e-01 0.000000000000000e+00
 -6.562500000000000e-01 6.289062500000000e-01 0.000000000000000e+00
 6.562500000000000e-01 6.289062500000000e-01 0.000000000000000e+00
 2.578125000000000e-01 5.507812500000000e-01 0.000000000000000e+00
 -8.750000000000000e-01 7.148437500000000e-01 0.000000000000000e+00
 8.750000000000000e-01 7.148437500000000e-01 0.000000000000000e+00
 -4.765625000000000e-01 5.742187500000000e-01 0.000000000000000e+00
 -9.140625000000000e-01 7.109375000000000e-01 0.000000000000000e+00
 -9.140625000000000e-01 7.187500000000000e-01 0.000000000000000e+00
 -9.101562500000000e-01 7.226562500000000e-01 0.000000000000000e+00
 -9.101562500000000e-01 7.265625000000000e-01 0.000000000000000e+00
 9.140625000000000e-01 7.109375000000000e-01 0.000000000000000e+00
 9.140625000000000e-01 7.187500000000000e-01 0.000000000000000e+00
 9.101562500000000e-01 7.226562500000000e-01 0.000000000000000e+00
 9.101562500000000e-01 7.265625000000000e-01 0.000000000000000e+00
 4.765625000000000e-01 5.742187500000000e-01 0.000000000000000e+00
 -5.234375000000000e-01 5.820312500000000e-01 0.000000000000000e+00
 5.234375000000000e-01 5.820312500000000e-01 0.000000000000000e+00
 -2.070312500000000e-01 5.507812500000000e-01 0.000000000000000e+00
 -2.070312500000000e-01 5.546875000000000e-01 0.000000000000000e+00
 2.070312500000000e-01 5.507812500000000e-01 0.000000000000000e+00
 2.070312500000000e-01 5.546875000000000e-01 0.000000000000000e+00
 -1.093750000000000e-01 5.546875000000000e-01 0.000000000000000e+00
 -1.132812500000000e-01 5.585937500000000e-01 0.000000000000000e+00
 -1.132812500000000e-01 5.625000000000000e-01 0.000000000000000e+00
 -8.906250000000000e-01 7.109375000000000e-01 0.000000000000000e+00
 -8.867187500000000e-01 7.148437500000000e-01 0.000000000000000e+00
 -8.867187500000000e-01 7.187500000000000e-01 0.000000000000000e+00
 8.906250000000000e-01 7.109375000000000e-01 0.000000000000000e+00
 8.867187500000000e-01 7.148437500000000e-01 0.000000000000000e+00
 8.867187500000000e-01 7.187500000000000e-01 0.000000000000000e+00
 1.093750000000000e-01 5.546875000000000e-01 0.000000000000000e+00
 1.132812500000000e-01 5.585937500000000e-01 0.000000000000000e+00
 1.132812500000000e-01 5.625000000000000e-01 0.000000000000000e+00
 -5.546875000000000e-01 5.898437500000000e-01 0.000000000000000e+00
 5.546875000000000e-01 5.898437500000000e-01 0.000000000000000e+00
 -4.687500000000000e-02 5.664062500000000e-01 0.000000000000000e+00
 -6.015625000000000e-01 6.054687500000000e-01 0.000000000000000e+00
 6.015625000000000e-01 6.054687500000000e-01 0.000000000000000e+00
 4.687500000000000e-02 5.664062500000000e-01 0.000000000000000e+00
 -5.625000000000000e-01 6.562500000000000e-01 0.000000000000000e+00
 -5.781250000000000e-01 6.406250000000000e-01 0.000000000000000e+00
 -5.781250000000000e-01 6.250000000000000e-01 0.000000000000000e+00
 -5.859375000000000e-01 6.171875000000000e-01 0.000000000000000e+00
 -5.859375000000000e-01 6.093750000000000e-01 0.000000000000000e+00
 -5.898437500000000e-01 6.054687500000000e-01 0.000000000000000e+00
 -5.898437500000000e-01 6.015625000000000e-01 0.000000000000000e+00
 -5.625000000000000e-01 6.015625000000000e-01 0.000000000000000e+00
 -5.664062500000000e-01 5.976562500000000e-01 0.000000000000000e+00
 -5.664062500000000e-01 5.937500000000000e-01 0.000000000000000e+00
 -7.265625000000000e-01 6.679687500000000e-01 0.000000000000000e+00
 7.265625000000000e-01 6.679687500000000e-01 0.000000000000000e+00
 5.625000000000000e-01 6.015625000000000e-01 0.000000000000000e+00
 5.664062500000000e-01 5.976562500000000e-01 0.000000000000000e+00
 5.664062500000000e-01 5.937500000000000e-01 0.000000000000000e+00
 5.625000000000000e-01 6.562500000000000e-01 0.000000000000000e+00
 5.781250000000000e-01 6.406250000000000e-01 0.000000000000000e+00
 5.781250000000000e-01 6.250000000000000e-01 0.000000000000000e+00
 5.859375000000000e-01 6.171875000000000e-01 0.000000000000000e+00
 5.859375000000000e-01 6.093750000000000e-01 0.000000000000000e+00
 5.898437500000000e-01 6.054687500000000e-01 0.000000000000000e+00
 5.898437500000000e-01 6.015625000000000e-01 0.000000000000000e+00
 -8.984375000000000e-01 7.226562500000000e-01 0.000000000000000e+00
 8.984375000000000e-01 7.226562500000000e-01 0.000000000000000e+00
 -6.289062500000000e-01 6.210937500000000e-01 0.000000000000000e+00
 -6.289062500000000e-01 6.171875000000000e-01 0.000000000000000e+00
 6.289062500000000e-01 6.210937500000000e-01 0.000000000000000e+00
 6.289062500000000e-01 6.171875000000000e-01 0.000000000000000e+00
 -6.914062500000000e-01 6.523437500000000e-01 0.000000000000000e+00
 -6.914062500000000e-01 6.484375000000000e-01 0.000000000000000e+00
 6.914062500000000e-01 6.523437500000000e-01 0.000000000000000e+00
 6.914062500000000e-01 6.484375000000000e-01 0.000000000000000e+00
 -4.960937500000000e-01 5.820312500000000e-01 0.000000000000000e+00
 -4.960937500000000e-01 5.781250000000000e-01 0.000000000000000e+00
 4.960937500000000e-01 5.820312500000000e-01 0.000000000000000e+00
 4.960937500000000e-01 5.781250000000000e-01 0.000000000000000e+00
 -5.781250000000000e-01 5.976562500000000e-01 0.000000000000000e+00
 -9.531250000000000e-01 7.265625000000000e-01 0.000000000000000e+00
 -9.492187500000000e-01 7.304687500000000e-01 0.000000000000000e+00
 -9.492187500000000e-01 7.343750000000000e-01 0.000000000000000e+00
 9.531250000000000e-01 7.265625000000000e-01 0.000000000000000e+00
 9.492187500000000e-01 7.304687500000000e-01 0.000000000000000e+00
 9.492187500000000e-01 7.343750000000000e-01 0.000000000000000e+00
 5.781250000000000e-01 5.976562500000000e-01 0.000000000000000e+00
 -5.351562500000000e-01 5.898437500000000e-01 0.000000000000000e+00
 -5.351562500000000e-01 5.859375000000000e-01 0.000000000000000e+00
 5.351562500000000e-01 5.898437500000000e-01 0.000000000000000e+00
 5.351562500000000e-01 5.859375000000000e-01 0.000000000000000e+00
 -7.421875000000000e-01 6.953125000000000e-01 0.000000000000000e+00
 -7.421875000000000e-01 6.875000000000000e-01 0.000000000000000e+00
 -7.460937500000000e-01 6.835937500000000e-01 0.000000000000000e+00
 -7.460937500000000e-01 6.796875000000000e-01 0.000000000000000e+00
 7.421875000000000e-01 6.953125000000000e-01 0.000000000000000e+00
 7.421875000000000e-01 6.875000000000000e-01 0.000000000000000e+00
 7.460937500000000e-01 6.835937500000000e-01 0.000000000000000e+00
 7.460937500000000e-01 6.796875000000000e-01 0.000000000000000e+00
 -3.906250000000000e-02 5.664062500000000e-01 0.000000000000000e+00
 3.906250000000000e-02 5.664062500000000e-01 0.000000000000000e+00
 -9.296875000000000e-01 7.304687500000000e-01 0.000000000000000e+00
 9.296875000000000e-01 7.304687500000000e-01 0.000000000000000e+00
 -1.054687500000000e-01 5.585937500000000e-01 0.000000000000000e+00
 -1.054687500000000e-01 5.625000000000000e-01 0.000000000000000e+00
 1.054687500000000e-01 5.585937500000000e-01 0.000000000000000e+00
 1.054687500000000e-01 5.625000000000000e-01 0.000000000000000e+00
 -6.406250000000000e-01 6.328125000000000e-01 0.000000000000000e+00
 -6.445312500000000e-01 6.289062500000000e-01 0.000000000000000e+00
 -6.445312500000000e-01 6.250000000000000e-01 0.000000000000000e+00
 6.406250000000000e-01 6.328125000000000e-01 0.000000000000000e+00
 6.445312500000000e-01 6.289062500000000e-01 0.000000000000000e+00
 6.445312500000000e-01 6.250000000000000e-01 0.000000000000000e+00
 -6.718750000000000e-01 6.484375000000000e-01 0.000000000000000e+00
 -6.757812500000000e-01 6.445312500000000e-01 0.000000000000000e+00
 -6.757812500000000e-01 6.406250000000000e-01 0.000000000000000e+00
 6.718750000000000e-01 6.484375000000000e-01 0.000000000000000e+00
 6.757812500000000e-01 6.445312500000000e-01 0.000000000000000e+00
 6.757812500000000e-01 6.406250000000000e-01 0.000000000000000e+00
 -6.601562500000000e-01 6.367187500000000e-01 0.000000000000000e+00
 -6.601562500000000e-01 6.328125000000000e-01 0.000000000000000e+00
 6.601562500000000e-01 6.367187500000000e-01 0.000000000000000e+00
 6.601562500000000e-01 6.328125000000000e-01 0.000000000000000e+00
 -4.687500000000000e-01 5.742187500000000e-01 0.000000000000000e+00
 4.687500000000000e-01 5.742187500000000e-01 0.000000000000000e+00
 -9.570312500000000e-01 7.304687500000000e-01 0.000000000000000e+00
 -9.570312500000000e-01 7.343750000000000e-01 0.000000000000000e+00
 9.570312500000000e-01 7.304687500000000e-01 0.000000000000000e+00
 9.570312500000000e-01 7.343750000000000e-01 0.000000000000000e+00
 -8.593750000000000e-01 7.070312500000000e-01 0.000000000000000e+00
 8.593750000000000e-01 7.070312500000000e-01 0.000000000000000e+00
 -9.179687500000000e-01 7.226562500000000e-01 0.000000000000000e+00
 -9.179687500000000e-01 7.265625000000000e-01 0.000000000000000e+00
 9.179687500000000e-01 7.226562500000000e-01 0.000000000000000e+00
 9.179687500000000e-01 7.265625000000000e-01 0.000000000000000e+00
 -6.171875000000000e-01 6.132812500000000e-01 0.000000000000000e+00
 6.171875000000000e-01 6.132812500000000e-01 0.000000000000000e+00
 -3.125000000000000e-02 5.664062500000000e-01 0.000000000000000e+00
 -1.640625000000000e-01 5.585937500000000e-01 0.000000000000000e+00
 -5.156250000000000e-01 5.820312500000000e-01 0.000000000000000e+00
 5.156250000000000e-01 5.820312500000000e-01 0.000000000000000e+00
 1.640625000000000e-01 5.585937500000000e-01 0.000000000000000e+00
 3.125000000000000e-02 5.664062500000000e-01 0.000000000000000e+00
 -2.343750000000000e-02 5.664062500000000e-01 0.000000000000000e+00
 2.343750000000000e-02 5.664062500000000e-01 0.000000000000000e+00
 -7.109375000000000e-01 6.601562500000000e-01 0.000000000000000e+00
 7.109375000000000e-01 6.601562500000000e-01 0.000000000000000e+00
 -6.054687500000000e-01 6.132812500000000e-01 0.000000000000000e+00
 -6.054687500000000e-01 6.093750000000000e-01 0.000000000000000e+00
 6.054687500000000e-01 6.132812500000000e-01 0.000000000000000e+00
 6.054687500000000e-01 6.093750000000000e-01 0.000000000000000e+00
 -8.710937500000000e-01 7.070312500000000e-01 0.000000000000000e+00
 -8.710937500000000e-01 7.109375000000000e-01 0.000000000000000e+00
 8.710937500000000e-01 7.070312500000000e-01 0.000000000000000e+00
 8.710937500000000e-01 7.109375000000000e-01 0.000000000000000e+00
 -9.687500000000000e-01 7.265625000000000e-01 0.000000000000000e+00
 -9.648437500000000e-01 7.304687500000000e-01 0.000000000000000e+00
 -9.648437500000000e-01 7.343750000000000e-01 0.000000000000000e+00
 9.687500000000000e-01 7.265625000000000e-01 0.000000000000000e+00
 9.648437500000000e-01 7.304687500000000e-01 0.000000000000000e+00
 9.648437500000000e-01 7.343750000000000e-01 0.000000000000000e+00
 -5.468750000000000e-01 5.898437500000000e-01 0.000000000000000e+00
 -9.375000000000000e-01 7.304687500000000e-01 0.000000000000000e+00
 9.375000000000000e-01 7.304687500000000e-01 0.000000000000000e+00
 5.468750000000000e-01 5.898437500000000e-01 0.000000000000000e+00
 -7.812500000000000e-03 5.664062500000000e-01 0.000000000000000e+00
 7.812500000000000e-03 5.664062500000000e-01 0.000000000000000e+00
 -5.585937500000000e-01 5.976562500000000e-01 0.000000000000000e+00
 -5.585937500000000e-01 5.937500000000000e-01 0.000000000000000e+00
 5.585937500000000e-01 5.976562500000000e-01 0.000000000000000e+00
 5.585937500000000e-01 5.937500000000000e-01 0.000000000000000e+00
 -1.562500000000000e-02 5.664062500000000e-01 0.000000000000000e+00
 -1.953125000000000e-01 5.390625000000000e-01 0.000000000000000e+00
 -1.953125000000000e-01 5.468750000000000e-01 0.000000000000000e+00
 -1.992187500000000e-01 5.507812500000000e-01 0.000000000000000e+00
 -1.992187500000000e-01 5.546875000000000e-01 0.000000000000000e+00
 1.953125000000000e-01 5.390625000000000e-01 0.000000000000000e+00
 1.953125000000000e-01 5.468750000000000e-01 0.000000000000000e+00
 1.992187500000000e-01 5.507812500000000e-01 0.000000000000000e+00
 1.992187500000000e-01 5.546875000000000e-01 0.000000000000000e+00
 1.562500000000000e-02 5.664062500000000e-01 0.000000000000000e+00
 -4.843750000000000e-01 5.859375000000000e-01 0.000000000000000e+00
 -4.882812500000000e-01 5.820312500000000e-01 0.000000000000000e+00
 -4.882812500000000e-01 5.781250000000000e-01 0.000000000000000e+00
 -8.945312500000000e-01 7.148437500000000e-01 0.000000000000000e+00
 -8.945312500000000e-01 7.187500000000000e-01 0.000000000000000e+00
 8.945312500000000e-01 7.148437500000000e-01 0.000000000000000e+00
 8.945312500000000e-01 7.187500000000000e-01 0.000000000000000e+00
 4.843750000000000e-01 5.859375000000000e-01 0.000000000000000e+00
 4.882812500000000e-01 5.820312500000000e-01 0.000000000000000e+00
 4.882812500000000e-01 5.781250000000000e-01 0.000000000000000e+00
 -2.500000000000000e-01 5.507812500000000e-01 0.000000000000000e+00
 -6.328125000000000e-01 6.210937500000000e-01 0.000000000000000e+00
 6.328125000000000e-01 6.210937500000000e-01 0.000000000000000e+00
 2.500000000000000e-01 5.507812500000000e-01 0.000000000000000e+00
 0.000000000000000e+00 5.664062500000000e-01 0.000000000000000e+00
 -9.062500000000000e-01 7.226562500000000e-01 0.000000000000000e+00
 -9.726562500000000e-01 7.304687500000000e-01 0.000000000000000e+00
 -9.726562500000000e-01 7.343750000000000e-01 0.000000000000000e+00
 9.726562500000000e-01 7.304687500000000e-01 0.000000000000000e+00
 9.726562500000000e-01 7.343750000000000e-01 0.000000000000000e+00
 9.062500000000000e-01 7.226562500000000e-01 0.000000000000000e+00
 -4.609375000000000e-01 5.742187500000000e-01 0.000000000000000e+00
 4.609375000000000e-01 5.742187500000000e-01 0.000000000000000e+00
 -5.820312500000000e-01 6.054687500000000e-01 0.000000000000000e+00
 -5.820312500000000e-01 6.015625000000000e-01 0.000000000000000e+00
 5.820312500000000e-01 6.054687500000000e-01 0.000000000000000e+00
 5.820312500000000e-01 6.015625000000000e-01 0.000000000000000e+00
 -5.234375000000000e-01 6.015625000000000e-01 0.000000000000000e+00
 -5.234375000000000e-01 5.937500000000000e-01 0.000000000000000e+00
 -5.273437500000000e-01 5.898437500000000e-01 0.000000000000000e+00
 -5.273437500000000e-01 5.859375000000000e-01 0.000000000000000e+00
 5.234375000000000e-01 6.015625000000000e-01 0.000000000000000e+00
 5.234375000000000e-01 5.937500000000000e-01 0.000000000000000e+00
 5.273437500000000e-01 5.898437500000000e-01 0.000000000000000e+00
 5.273437500000000e-01 5.859375000000000e-01 0.000000000000000e+00
 -5.937500000000000e-01 6.054687500000000e-01 0.000000000000000e+00
 -6.953125000000000e-01 6.523437500000000e-01 0.000000000000000e+00
 -8.828125000000000e-01 7.148437500000000e-01 0.000000000000000e+00
 8.828125000000000e-01 7.148437500000000e-01 0.000000000000000e+00
 6.953125000000000e-01 6.523437500000000e-01 0.000000000000000e+00
 5.937500000000000e-01 6.054687500000000e-01 0.000000000000000e+00
 -8.437500000000000e-01 6.992187500000000e-01 0.000000000000000e+00
 8.437500000000000e-01 6.992187500000000e-01 0.000000000000000e+00
 -9.375000000000000e-01 7.031250000000000e-01 0.000000000000000e+00
 -9.296875000000000e-01 7.109375000000000e-01 0.000000000000000e+00
 -9.296875000000000e-01 7.187500000000000e-01 0.000000000000000e+00
 -9.257812500000000e-01 7.226562500000000e-01 0.000000000000000e+00
 -9.257812500000000e-01 7.265625000000000e-01 0.000000000000000e+00
 9.375000000000000e-01 7.031250000000000e-01 0.000000000000000e+00
 9.296875000000000e-01 7.109375000000000e-01 0.000000000000000e+00
 9.296875000000000e-01 7.187500000000000e-01 0.000000000000000e+00
 9.257812500000000e-01 7.226562500000000e-01 0.000000000000000e+00
 9.257812500000000e-01 7.265625000000000e-01 0.000000000000000e+00
 -5.703125000000000e-01 5.976562500000000e-01 0.000000000000000e+00
 5.703125000000000e-01 5.976562500000000e-01 0.000000000000000e+00
 -7.304687500000000e-01 6.757812500000000e-01 0.000000000000000e+00
 -7.304687500000000e-01 6.718750000000000e-01 0.000000000000000e+00
 -9.843750000000000e-01 7.265625000000000e-01 0.000000000000000e+00
 -9.804687500000000e-01 7.304687500000000e-01 0.000000000000000e+00
 -9.804687500000000e-01 7.343750000000000e-01 0.000000000000000e+00
 9.843750000000000e-01 7.265625000000000e-01 0.000000000000000e+00
 9.804687500000000e-01 7.304687500000000e-01 0.000000000000000e+00
 9.804687500000000e-01 7.343750000000000e-01 0.000000000000000e+00
 7.304687500000000e-01 6.757812500000000e-01 0.000000000000000e+00
 7.304687500000000e-01 6.718750000000000e-01 0.000000000000000e+00
 -6.484375000000000e-01 6.289062500000000e-01 0.000000000000000e+00
 6.484375000000000e-01 6.289062500000000e-01 0.000000000000000e+00
 -9.882812500000000e-01 7.304687500000000e-01 0.000000000000000e+00
 -9.882812500000000e-01 7.343750000000000e-01 0.000000000000000e+00
 9.882812500000000e-01 7.304687500000000e-01 0.000000000000000e+00
 9.882812500000000e-01 7.343750000000000e-01 0.000000000000000e+00
 -6.171875000000000e-01 6.328125000000000e-01 0.000000000000000e+00
 -6.171875000000000e-01 6.250000000000000e-01 0.000000000000000e+00
 -6.210937500000000e-01 6.210937500000000e-01 0.000000000000000e+00
 -6.210937500000000e-01 6.171875000000000e-01 0.000000000000000e+00
 6.171875000000000e-01 6.328125000000000e-01 0.000000000000000e+00
 6.171875000000000e-01 6.250000000000000e-01 0.000000000000000e+00
 6.210937500000000e-01 6.210937500000000e-01 0.000000000000000e+00
 6.210937500000000e-01 6.171875000000000e-01 0.000000000000000e+00
 -9.375000000000000e-02 5.546875000000000e-01 0.000000000000000e+00
 -9.765625000000000e-02 5.585937500000000e-01 0.000000000000000e+00
 -9.765625000000000e-02 5.625000000000000e-01 0.000000000000000e+00
 -9.453125000000000e-01 7.304687500000000e-01 0.000000000000000e+00
 9.453125000000000e-01 7.304687500000000e-01 0.000000000000000e+00
 9.375000000000000e-02 5.546875000000000e-01 0.000000000000000e+00
 9.765625000000000e-02 5.585937500000000e-01 0.000000000000000e+00
 9.765625000000000e-02 5.625000000000000e-01 0.000000000000000e+00
 -6.796875000000000e-01 6.445312500000000e-01 0.000000000000000e+00
 6.796875000000000e-01 6.445312500000000e-01 0.000000000000000e+00
 -6.640625000000000e-01 6.367187500000000e-01 0.000000000000000e+00
 6.640625000000000e-01 6.367187500000000e-01 0.000000000000000e+00
 -1.000000000000000e+00 7.265625000000000e-01 0.000000000000000e+00
 1.000000000000000e+00 7.265625000000000e-01 0.000000000000000e+00
 -9.960937500000000e-01 7.304687500000000e-01 0.000000000000000e+00
 -9.960937500000000e-01 7.343750000000000e-01 0.000000000000000e+00
 9.960937500000000e-01 7.304687500000000e-01 0.000000000000000e+00
 9.960937500000000e-01 7.343750000000000e-01 0.000000000000000e+00
 -5.078125000000000e-01 5.820312500000000e-01 0.000000000000000e+00
 5.078125000000000e-01 5.820312500000000e-01 0.000000000000000e+00
 -8.984375000000000e-02 5.585937500000000e-01 0.000000000000000e+00
 -8.984375000000000e-02 5.625000000000000e-01 0.000000000000000e+00
 -4.804687500000000e-01 5.820312500000000e-01 0.000000000000000e+00
 -4.804687500000000e-01 5.781250000000000e-01 0.000000000000000e+00
 4.804687500000000e-01 5.820312500000000e-01 0.000000000000000e+00
 4.804687500000000e-01 5.781250000000000e-01 0.000000000000000e+00
 8.984375000000000e-02 5.585937500000000e-01 0.000000000000000e+00
 8.984375000000000e-02 5.625000000000000e-01 0.000000000000000e+00
 -1.562500000000000e-01 5.585937500000000e-01 0.000000000000000e+00
 1.562500000000000e-01 5.585937500000000e-01 0.000000000000000e+00
 -4.531250000000000e-01 5.742187500000000e-01 0.000000000000000e+00
 4.531250000000000e-01 5.742187500000000e-01 0.000000000000000e+00
 -8.593750000000000e-01 6.953125000000000e-01 0.000000000000000e+00
 -8.554687500000000e-01 6.992187500000000e-01 0.000000000000000e+00
 -8.554687500000000e-01 7.031250000000000e-01 0.000000000000000e+00
 -9.531250000000000e-01 7.304687500000000e-01 0.000000000000000e+00
 9.531250000000000e-01 7.304687500000000e-01 0.000000000000000e+00
 8.593750000000000e-01 6.953125000000000e-01 0.000000000000000e+00
 8.554687500000000e-01 6.992187500000000e-01 0.000000000000000e+00
 8.554687500000000e-01 7.031250000000000e-01 0.000000000000000e+00
 -5.390625000000000e-01 5.898437500000000e-01 0.000000000000000e+00
 -9.335937500000000e-01 7.226562500000000e-01 0.000000000000000e+00
 -9.335937500000000e-01 7.265625000000000e-01 0.000000000000000e+00
 9.335937500000000e-01 7.226562500000000e-01 0.000000000000000e+00
 9.335937500000000e-01 7.265625000000000e-01 0.000000000000000e+00
 5.390625000000000e-01 5.898437500000000e-01 0.000000000000000e+00
 -6.875000000000000e-01 7.187500000000000e-01 0.000000000000000e+00
 -7.031250000000000e-01 7.031250000000000e-01 0.000000000000000e+00
 -7.031250000000000e-01 6.875000000000000e-01 0.000000000000000e+00
 -7.109375000000000e-01 6.796875000000000e-01 0.000000000000000e+00
 -7.109375000000000e-01 6.718750000000000e-01 0.000000000000000e+00
 -7.148437500000000e-01 6.679687500000000e-01 0.000000000000000e+00
 -7.148437500000000e-01 6.640625000000000e-01 0.000000000000000e+00
 -6.367187500000000e-01 6.289062500000000e-01 0.000000000000000e+00
 -6.367187500000000e-01 6.250000000000000e-01 0.000000000000000e+00
 -9.140625000000000e-01 7.226562500000000e-01 0.000000000000000e+00
 9.140625000000000e-01 7.226562500000000e-01 0.000000000000000e+00
 6.367187500000000e-01 6.289062500000000e-01 0.000000000000000e+00
 6.367187500000000e-01 6.250000000000000e-01 0.000000000000000e+00
 6.875000000000000e-01 7.187500000000000e-01 0.000000000000000e+00
 7.031250000000000e-01 7.031250000000000e-01 0.000000000000000e+00
 7.031250000000000e-01 6.875000000000000e-01 0.000000000000000e+00
 7.109375000000000e-01 6.796875000000000e-01 0.000000000000000e+00
 7.109375000000000e-01 6.718750000000000e-01 0.000000000000000e+00
 7.148437500000000e-01 6.679687500000000e-01 0.000000000000000e+00
 7.148437500000000e-01 6.640625000000000e-01 0.000000000000000e+00
 -6.093750000000000e-01 6.132812500000000e-01 0.000000000000000e+00
 6.093750000000000e-01 6.132812500000000e-01 0.000000000000000e+00
 -8.281250000000000e-01 6.914062500000000e-01 0.000000000000000e+00
 8.281250000000000e-01 6.914062500000000e-01 0.000000000000000e+00
 -5.195312500000000e-01 5.898437500000000e-01 0.000000000000000e+00
 -5.195312500000000e-01 5.859375000000000e-01 0.000000000000000e+00
 5.195312500000000e-01 5.898437500000000e-01 0.000000000000000e+00
 5.195312500000000e-01 5.859375000000000e-01 0.000000000000000e+00
 -5.468750000000000e-01 6.015625000000000e-01 0.000000000000000e+00
 -5.507812500000000e-01 5.976562500000000e-01 0.000000000000000e+00
 -5.507812500000000e-01 5.937500000000000e-01 0.000000000000000e+00
 5.468750000000000e-01 6.015625000000000e-01 0.000000000000000e+00
 5.507812500000000e-01 5.976562500000000e-01 0.000000000000000e+00
 5.507812500000000e-01 5.937500000000000e-01 0.000000000000000e+00
 -9.062500000000000e-01 7.109375000000000e-01 0.000000000000000e+00
 -9.023437500000000e-01 7.148437500000000e-01 0.000000000000000e+00
 -9.023437500000000e-01 7.187500000000000e-01 0.000000000000000e+00
 9.062500000000000e-01 7.109375000000000e-01 0.000000000000000e+00
 9.023437500000000e-01 7.148437500000000e-01 0.000000000000000e+00
 9.023437500000000e-01 7.187500000000000e-01 0.000000000000000e+00
 -1.914062500000000e-01 5.507812500000000e-01 0.000000000000000e+00
 -1.914062500000000e-01 5.546875000000000e-01 0.000000000000000e+00
 1.914062500000000e-01 5.507812500000000e-01 0.000000000000000e+00
 1.914062500000000e-01 5.546875000000000e-01 0.000000000000000e+00
 -5.937500000000000e-01 6.171875000000000e-01 0.000000000000000e+00
 -5.976562500000000e-01 6.132812500000000e-01 0.000000000000000e+00
 -5.976562500000000e-01 6.093750000000000e-01 0.000000000000000e+00
 5.937500000000000e-01 6.171875000000000e-01 0.000000000000000e+00
 5.976562500000000e-01 6.132812500000000e-01 0.000000000000000e+00
 5.976562500000000e-01 6.093750000000000e-01 0.000000000000000e+00
 -6.406250000000000e-01 6.718750000000000e-01 0.000000000000000e+00
 -6.406250000000000e-01 6.562500000000000e-01 0.000000000000000e+00
 -6.484375000000000e-01 6.484375000000000e-01 0.000000000000000e+00
 -6.484375000000000e-01 6.406250000000000e-01 0.000000000000000e+00
 -6.523437500000000e-01 6.367187500000000e-01 0.000000000000000e+00
 -6.523437500000000e-01 6.328125000000000e-01 0.000000000000000e+00
 6.406250000000000e-01 6.718750000000000e-01 0.000000000000000e+00
 6.406250000000000e-01 6.562500000000000e-01 0.000000000000000e+00
 6.484375000000000e-01 6.484375000000000e-01 0.000000000000000e+00
 6.484375000000000e-01 6.406250000000000e-01 0.000000000000000e+00
 6.523437500000000e-01 6.367187500000000e-01 0.000000000000000e+00
 6.523437500000000e-01 6.328125000000000e-01 0.000000000000000e+00
 -9.609375000000000e-01 7.304687500000000e-01 0.000000000000000e+00
 9.609375000000000e-01 7.304687500000000e-01 0.000000000000000e+00
 -6.992187500000000e-01 6.601562500000000e-01 0.000000000000000e+00
 -6.992187500000000e-01 6.562500000000000e-01 0.000000000000000e+00
 6.992187500000000e-01 6.601562500000000e-01 0.000000000000000e+00
 6.992187500000000e-01 6.562500000000000e-01 0.000000000000000e+00
 -7.812500000000000e-02 5.546875000000000e-01 0.000000000000000e+00
 -8.203125000000000e-02 5.585937500000000e-01 0.000000000000000e+00
 -8.203125000000000e-02 5.625000000000000e-01 0.000000000000000e+00
 -5.703125000000000e-01 6.171875000000000e-01 0.000000000000000e+00
 -5.703125000000000e-01 6.093750000000000e-01 0.000000000000000e+00
 -5.742187500000000e-01 6.054687500000000e-01 0.000000000000000e+00
 -5.742187500000000e-01 6.015625000000000e-01 0.000000000000000e+00
 -8.906250000000000e-01 6.718750000000000e-01 0.000000000000000e+00
 -8.906250000000000e-01 6.875000000000000e-01 0.000000000000000e+00
 -8.828125000000000e-01 6.953125000000000e-01 0.000000000000000e+00
 -8.828125000000000e-01 7.031250000000000e-01 0.000000000000000e+00
 -8.789062500000000e-01 7.070312500000000e-01 0.000000000000000e+00
 -8.789062500000000e-01 7.109375000000000e-01 0.000000000000000e+00
 8.906250000000000e-01 6.718750000000000e-01 0.000000000000000e+00
 8.906250000000000e-01 6.875000000000000e-01 0.000000000000000e+00
 8.828125000000000e-01 6.953125000000000e-01 0.000000000000000e+00
 8.828125000000000e-01 7.031250000000000e-01 0.000000000000000e+00
 8.789062500000000e-01 7.070312500000000e-01 0.000000000000000e+00
 8.789062500000000e-01 7.109375000000000e-01 0.000000000000000e+00
 5.703125000000000e-01 6.171875000000000e-01 0.000000000000000e+00
 5.703125000000000e-01 6.093750000000000e-01 0.000000000000000e+00
 5.742187500000000e-01 6.054687500000000e-01 0.000000000000000e+00
 5.742187500000000e-01 6.015625000000000e-01 0.000000000000000e+00
 7.812500000000000e-02 5.546875000000000e-01 0.000000000000000e+00
 8.203125000000000e-02 5.585937500000000e-01 0.000000000000000e+00
 8.203125000000000e-02 5.625000000000000e-01 0.000000000000000e+00
 -8.671875000000000e-01 7.070312500000000e-01 0.000000000000000e+00
 8.671875000000000e-01 7.070312500000000e-01 0.000000000000000e+00
 -6.679687500000000e-01 6.445312500000000e-01 0.000000000000000e+00
 -6.679687500000000e-01 6.406250000000000e-01 0.000000000000000e+00
 6.679687500000000e-01 6.445312500000000e-01 0.000000000000000e+00
 6.679687500000000e-01 6.406250000000000e-01 0.000000000000000e+00
 -5.000000000000000e-01 5.820312500000000e-01 0.000000000000000e+00
 -6.796875000000000e-01 6.640625000000000e-01 0.000000000000000e+00
 -6.796875000000000e-01 6.562500000000000e-01 0.000000000000000e+00
 -6.835937500000000e-01 6.523437500000000e-01 0.000000000000000e+00
 -6.835937500000000e-01 6.484375000000000e-01 0.000000000000000e+00
 6.796875000000000e-01 6.640625000000000e-01 0.000000000000000e+00
 6.796875000000000e-01 6.562500000000000e-01 0.000000000000000e+00
 6.835937500000000e-01 6.523437500000000e-01 0.000000000000000e+00
 6.835937500000000e-01 6.484375000000000e-01 0.000000000000000e+00
 5.000000000000000e-01 5.820312500000000e-01 0.000000000000000e+00
 -4.453125000000000e-01 5.742187500000000e-01 0.000000000000000e+00
 -5.625000000000000e-01 5.976562500000000e-01 0.000000000000000e+00
 -9.453125000000000e-01 7.109375000000000e-01 0.000000000000000e+00
 -9.453125000000000e-01 7.187500000000000e-01 0.000000000000000e+00
 -9.414062500000000e-01 7.226562500000000e-01 0.000000000000000e+00
 -9.414062500000000e-01 7.265625000000000e-01 0.000000000000000e+00
 -8.906250000000000e-01 7.148437500000000e-01 0.000000000000000e+00
 8.906250000000000e-01 7.148437500000000e-01 0.000000000000000e+00
 9.453125000000000e-01 7.109375000000000e-01 0.000000000000000e+00
 9.453125000000000e-01 7.187500000000000e-01 0.000000000000000e+00
 9.414062500000000e-01 7.226562500000000e-01 0.000000000000000e+00
 9.414062500000000e-01 7.265625000000000e-01 0.000000000000000e+00
 5.625000000000000e-01 5.976562500000000e-01 0.000000000000000e+00
 4.453125000000000e-01 5.742187500000000e-01 0.000000000000000e+00
 -5.859375000000000e-01 6.054687500000000e-01 0.000000000000000e+00
 5.859375000000000e-01 6.054687500000000e-01 0.000000000000000e+00
 -7.421875000000000e-02 5.585937500000000e-01 0.000000000000000e+00
 -7.421875000000000e-02 5.625000000000000e-01 0.000000000000000e+00
 -9.687500000000000e-01 7.304687500000000e-01 0.000000000000000e+00
 9.687500000000000e-01 7.304687500000000e-01 0.000000000000000e+00
 7.421875000000000e-02 5.585937500000000e-01 0.000000000000000e+00
 7.421875000000000e-02 5.625000000000000e-01 0.000000000000000e+00
 -1.484375000000000e-01 5.585937500000000e-01 0.000000000000000e+00
 1.484375000000000e-01 5.585937500000000e-01 0.000000000000000e+00
 -8.125000000000000e-01 6.835937500000000e-01 0.000000000000000e+00
 8.125000000000000e-01 6.835937500000000e-01 0.000000000000000e+00
 -4.687500000000000e-01 5.859375000000000e-01 0.000000000000000e+00
 -4.726562500000000e-01 5.820312500000000e-01 0.000000000000000e+00
 -4.726562500000000e-01 5.781250000000000e-01 0.000000000000000e+00
 4.687500000000000e-01 5.859375000000000e-01 0.000000000000000e+00
 4.726562500000000e-01 5.820312500000000e-01 0.000000000000000e+00
 4.726562500000000e-01 5.781250000000000e-01 0.000000000000000e+00
 -2.421875000000000e-01 5.507812500000000e-01 0.000000000000000e+00
 2.421875000000000e-01 5.507812500000000e-01 0.000000000000000e+00
 -6.250000000000000e-01 6.210937500000000e-01 0.000000000000000e+00
 6.250000000000000e-01 6.210937500000000e-01 0.000000000000000e+00
 -9.218750000000000e-01 7.226562500000000e-01 0.000000000000000e+00
 9.218750000000000e-01 7.226562500000000e-01 0.000000000000000e+00
 -9.765625000000000e-01 7.304687500000000e-01 0.000000000000000e+00
 9.765625000000000e-01 7.304687500000000e-01 0.000000000000000e+00
 -8.398437500000000e-01 6.914062500000000e-01 0.000000000000000e+00
 -8.398437500000000e-01 6.953125000000000e-01 0.000000000000000e+00
 8.398437500000000e-01 6.914062500000000e-01 0.000000000000000e+00
 8.398437500000000e-01 6.953125000000000e-01 0.000000000000000e+00
 -9.492187500000000e-01 7.226562500000000e-01 0.000000000000000e+00
 -9.492187500000000e-01 7.265625000000000e-01 0.000000000000000e+00
 9.492187500000000e-01 7.226562500000000e-01 0.000000000000000e+00
 9.492187500000000e-01 7.265625000000000e-01 0.000000000000000e+00
 -6.132812500000000e-01 6.210937500000000e-01 0.000000000000000e+00
 -6.132812500000000e-01 6.171875000000000e-01 0.000000000000000e+00
 -5.312500000000000e-01 5.898437500000000e-01 0.000000000000000e+00
 -9.843750000000000e-01 7.304687500000000e-01 0.000000000000000e+00
 9.843750000000000e-01 7.304687500000000e-01 0.000000000000000e+00
 5.312500000000000e-01 5.898437500000000e-01 0.000000000000000e+00
 6.132812500000000e-01 6.210937500000000e-01 0.000000000000000e+00
 6.132812500000000e-01 6.171875000000000e-01 0.000000000000000e+00
 -9.101562500000000e-01 7.148437500000000e-01 0.000000000000000e+00
 -9.101562500000000e-01 7.187500000000000e-01 0.000000000000000e+00
 9.101562500000000e-01 7.148437500000000e-01 0.000000000000000e+00
 9.101562500000000e-01 7.187500000000000e-01 0.000000000000000e+00
 -5.000000000000000e-01 6.093750000000000e-01 0.000000000000000e+00
 -5.078125000000000e-01 6.015625000000000e-01 0.000000000000000e+00
 -5.078125000000000e-01 5.937500000000000e-01 0.000000000000000e+00
 -5.117187500000000e-01 5.898437500000000e-01 0.000000000000000e+00
 -5.117187500000000e-01 5.859375000000000e-01 0.000000000000000e+00
 5.000000000000000e-01 6.093750000000000e-01 0.000000000000000e+00
 5.078125000000000e-01 6.015625000000000e-01 0.000000000000000e+00
 5.078125000000000e-01 5.937500000000000e-01 0.000000000000000e+00
 5.117187500000000e-01 5.898437500000000e-01 0.000000000000000e+00
 5.117187500000000e-01 5.859375000000000e-01 0.000000000000000e+00
 -1.000000000000000e+00 7.304687500000000e-01 0.000000000000000e+00
 1.000000000000000e+00 7.304687500000000e-01 0.000000000000000e+00
 -9.921875000000000e-01 7.304687500000000e-01 0.000000000000000e+00
 9.921875000000000e-01 7.304687500000000e-01 0.000000000000000e+00
 -4.375000000000000e-01 5.742187500000000e-01 0.000000000000000e+00
 -6.406250000000000e-01 6.289062500000000e-01 0.000000000000000e+00
 6.406250000000000e-01 6.289062500000000e-01 0.000000000000000e+00
 4.375000000000000e-01 5.742187500000000e-01 0.000000000000000e+00
 -5.429687500000000e-01 5.976562500000000e-01 0.000000000000000e+00
 -5.429687500000000e-01 5.937500000000000e-01 0.000000000000000e+00
 5.429687500000000e-01 5.976562500000000e-01 0.000000000000000e+00
 5.429687500000000e-01 5.937500000000000e-01 0.000000000000000e+00
 -6.250000000000000e-02 5.546875000000000e-01 0.000000000000000e+00
 -6.640625000000000e-02 5.585937500000000e-01 0.000000000000000e+00
 -6.640625000000000e-02 5.625000000000000e-01 0.000000000000000e+00
 6.250000000000000e-02 5.546875000000000e-01 0.000000000000000e+00
 6.640625000000000e-02 5.585937500000000e-01 0.000000000000000e+00
 6.640625000000000e-02 5.625000000000000e-01 0.000000000000000e+00
 -4.648437500000000e-01 5.820312500000000e-01 0.000000000000000e+00
 -4.648437500000000e-01 5.781250000000000e-01 0.000000000000000e+00
 4.648437500000000e-01 5.820312500000000e-01 0.000000000000000e+00
 4.648437500000000e-01 5.781250000000000e-01 0.000000000000000e+00
 -5.859375000000000e-02 5.585937500000000e-01 0.000000000000000e+00
 -5.859375000000000e-02 5.625000000000000e-01 0.000000000000000e+00
 -1.250000000000000e-01 4.375000000000000e-01 0.000000000000000e+00
 -1.562500000000000e-01 4.687500000000000e-01 0.000000000000000e+00
 -1.562500000000000e-01 5.000000000000000e-01 0.000000000000000e+00
 -1.718750000000000e-01 5.156250000000000e-01 0.000000000000000e+00
 -1.718750000000000e-01 5.312500000000000e-01 0.000000000000000e+00
 -1.796875000000000e-01 5.390625000000000e-01 0.000000000000000e+00
 -1.796875000000000e-01 5.468750000000000e-01 0.000000000000000e+00
 -1.835937500000000e-01 5.507812500000000e-01 0.000000000000000e+00
 -1.835937500000000e-01 5.546875000000000e-01 0.000000000000000e+00
 1.250000000000000e-01 4.375000000000000e-01 0.000000000000000e+00
 1.562500000000000e-01 4.687500000000000e-01 0.000000000000000e+00
 1.562500000000000e-01 5.000000000000000e-01 0.000000000000000e+00
 1.718750000000000e-01 5.156250000000000e-01 0.000000000000000e+00
 1.718750000000000e-01 5.312500000000000e-01 0.000000000000000e+00
 1.796875000000000e-01 5.390625000000000e-01 0.000000000000000e+00
 1.796875000000000e-01 5.468750000000000e-01 0.000000000000000e+00
 1.835937500000000e-01 5.507812500000000e-01 0.000000000000000e+00
 1.835937500000000e-01 5.546875000000000e-01 0.000000000000000e+00
 5.859375000000000e-02 5.585937500000000e-01 0.000000000000000e+00
 5.859375000000000e-02 5.625000000000000e-01 0.000000000000000e+00
 -1.406250000000000e-01 5.585937500000000e-01 0.000000000000000e+00
 1.406250000000000e-01 5.585937500000000e-01 0.000000000000000e+00
 -4.921875000000000e-01 5.820312500000000e-01 0.000000000000000e+00
 4.921875000000000e-01 5.820312500000000e-01 0.000000000000000e+00
 -9.687500000000000e-01 7.031250000000000e-01 0.000000000000000e+00
 -9.609375000000000e-01 7.109375000000000e-01 0.000000000000000e+00
 -9.609375000000000e-01 7.187500000000000e-01 0.000000000000000e+00
 -9.570312500000000e-01 7.226562500000000e-01 0.000000000000000e+00
 -9.570312500000000e-01 7.265625000000000e-01 0.000000000000000e+00
 9.687500000000000e-01 7.031250000000000e-01 0.000000000000000e+00
 9.609375000000000e-01 7.109375000000000e-01 0.000000000000000e+00
 9.609375000000000e-01 7.187500000000000e-01 0.000000000000000e+00
 9.570312500000000e-01 7.226562500000000e-01 0.000000000000000e+00
 9.570312500000000e-01 7.265625000000000e-01 0.000000000000000e+00
 -9.296875000000000e-01 7.226562500000000e-01 0.000000000000000e+00
 9.296875000000000e-01 7.226562500000000e-01 0.000000000000000e+00
 -6.015625000000000e-01 6.132812500000000e-01 0.000000000000000e+00
 6.015625000000000e-01 6.132812500000000e-01 0.000000000000000e+00
 -5.898437500000000e-01 6.132812500000000e-01 0.000000000000000e+00
 -5.898437500000000e-01 6.093750000000000e-01 0.000000000000000e+00
 5.898437500000000e-01 6.132812500000000e-01 0.000000000000000e+00
 5.898437500000000e-01 6.093750000000000e-01 0.000000000000000e+00
 -6.562500000000000e-01 6.367187500000000e-01 0.000000000000000e+00
 6.562500000000000e-01 6.367187500000000e-01 0.000000000000000e+00
 -5.664062500000000e-01 6.054687500000000e-01 0.000000000000000e+00
 -5.664062500000000e-01 6.015625000000000e-01 0.000000000000000e+00
 5.664062500000000e-01 6.054687500000000e-01 0.000000000000000e+00
 5.664062500000000e-01 6.015625000000000e-01 0.000000000000000e+00
 -8.984375000000000e-01 7.148437500000000e-01 0.000000000000000e+00
 8.984375000000000e-01 7.148437500000000e-01 0.000000000000000e+00
 -5.546875000000000e-01 5.976562500000000e-01 0.000000000000000e+00
 -9.648437500000000e-01 7.226562500000000e-01 0.000000000000000e+00
 -9.648437500000000e-01 7.265625000000000e-01 0.000000000000000e+00
 9.648437500000000e-01 7.226562500000000e-01 0.000000000000000e+00
 9.648437500000000e-01 7.265625000000000e-01 0.000000000000000e+00
 5.546875000000000e-01 5.976562500000000e-01 0.000000000000000e+00
 -6.250000000000000e-01 6.328125000000000e-01 0.000000000000000e+00
 -6.289062500000000e-01 6.289062500000000e-01 0.000000000000000e+00
 -6.289062500000000e-01 6.250000000000000e-01 0.000000000000000e+00
 6.250000000000000e-01 6.328125000000000e-01 0.000000000000000e+00
 6.289062500000000e-01 6.289062500000000e-01 0.000000000000000e+00
 6.289062500000000e-01 6.250000000000000e-01 0.000000000000000e+00
 -4.296875000000000e-01 5.742187500000000e-01 0.000000000000000e+00
 4.296875000000000e-01 5.742187500000000e-01 0.000000000000000e+00
 -8.867187500000000e-01 7.070312500000000e-01 0.000000000000000e+00
 -8.867187500000000e-01 7.109375000000000e-01 0.000000000000000e+00
 8.867187500000000e-01 7.070312500000000e-01 0.000000000000000e+00
 8.867187500000000e-01 7.109375000000000e-01 0.000000000000000e+00
 -6.718750000000000e-01 6.445312500000000e-01 0.000000000000000e+00
 6.718750000000000e-01 6.445312500000000e-01 0.000000000000000e+00
 -5.781250000000000e-01 6.054687500000000e-01 0.000000000000000e+00
 -8.632812500000000e-01 6.992187500000000e-01 0.000000000000000e+00
 -8.632812500000000e-01 7.031250000000000e-01 0.000000000000000e+00
 8.632812500000000e-01 6.992187500000000e-01 0.000000000000000e+00
 8.632812500000000e-01 7.031250000000000e-01 0.000000000000000e+00
 5.781250000000000e-01 6.054687500000000e-01 0.000000000000000e+00
 -4.687500000000000e-02 5.546875000000000e-01 0.000000000000000e+00
 -5.078125000000000e-02 5.585937500000000e-01 0.000000000000000e+00
 -5.078125000000000e-02 5.625000000000000e-01 0.000000000000000e+00
 -8.515625000000000e-01 6.992187500000000e-01 0.000000000000000e+00
 8.515625000000000e-01 6.992187500000000e-01 0.000000000000000e+00
 4.687500000000000e-02 5.546875000000000e-01 0.000000000000000e+00
 5.078125000000000e-02 5.585937500000000e-01 0.000000000000000e+00
 5.078125000000000e-02 5.625000000000000e-01 0.000000000000000e+00
 -4.296875000000000e-02 5.585937500000000e-01 0.000000000000000e+00
 -4.296875000000000e-02 5.625000000000000e-01 0.000000000000000e+00
 4.296875000000000e-02 5.585937500000000e-01 0.000000000000000e+00
 4.296875000000000e-02 5.625000000000000e-01 0.000000000000000e+00
 -9.218750000000000e-01 7.109375000000000e-01 0.000000000000000e+00
 -9.179687500000000e-01 7.148437500000000e-01 0.000000000000000e+00
 -9.179687500000000e-01 7.187500000000000e-01 0.000000000000000e+00
 9.218750000000000e-01 7.109375000000000e-01 0.000000000000000e+00
 9.179687500000000e-01 7.148437500000000e-01 0.000000000000000e+00
 9.179687500000000e-01 7.187500000000000e-01 0.000000000000000e+00
 -9.765625000000000e-01 7.109375000000000e-01 0.000000000000000e+00
 -9.765625000000000e-01 7.187500000000000e-01 0.000000000000000e+00
 -9.726562500000000e-01 7.226562500000000e-01 0.000000000000000e+00
 -9.726562500000000e-01 7.265625000000000e-01 0.000000000000000e+00
 9.765625000000000e-01 7.109375000000000e-01 0.000000000000000e+00
 9.765625000000000e-01 7.187500000000000e-01 0.000000000000000e+00
 9.726562500000000e-01 7.226562500000000e-01 0.000000000000000e+00
 9.726562500000000e-01 7.265625000000000e-01 0.000000000000000e+00
 -5.234375000000000e-01 5.898437500000000e-01 0.000000000000000e+00
 -5.039062500000000e-01 5.898437500000000e-01 0.000000000000000e+00
 -5.039062500000000e-01 5.859375000000000e-01 0.000000000000000e+00
 5.039062500000000e-01 5.898437500000000e-01 0.000000000000000e+00
 5.039062500000000e-01 5.859375000000000e-01 0.000000000000000e+00
 5.234375000000000e-01 5.898437500000000e-01 0.000000000000000e+00
 -7.343750000000000e-01 6.757812500000000e-01 0.000000000000000e+00
 7.343750000000000e-01 6.757812500000000e-01 0.000000000000000e+00
 -9.375000000000000e-01 7.226562500000000e-01 0.000000000000000e+00
 9.375000000000000e-01 7.226562500000000e-01 0.000000000000000e+00
 -1.328125000000000e-01 5.585937500000000e-01 0.000000000000000e+00
 -6.875000000000000e-01 6.523437500000000e-01 0.000000000000000e+00
 -7.031250000000000e-01 6.601562500000000e-01 0.000000000000000e+00
 7.031250000000000e-01 6.601562500000000e-01 0.000000000000000e+00
 6.875000000000000e-01 6.523437500000000e-01 0.000000000000000e+00
 1.328125000000000e-01 5.585937500000000e-01 0.000000000000000e+00
 -4.531250000000000e-01 5.859375000000000e-01 0.000000000000000e+00
 -4.570312500000000e-01 5.820312500000000e-01 0.000000000000000e+00
 -4.570312500000000e-01 5.781250000000000e-01 0.000000000000000e+00
 -8.750000000000000e-01 7.070312500000000e-01 0.000000000000000e+00
 8.750000000000000e-01 7.070312500000000e-01 0.000000000000000e+00
 4.531250000000000e-01 5.859375000000000e-01 0.000000000000000e+00
 4.570312500000000e-01 5.820312500000000e-01 0.000000000000000e+00
 4.570312500000000e-01 5.781250000000000e-01 0.000000000000000e+00
 -9.804687500000000e-01 7.226562500000000e-01 0.000000000000000e+00
 -9.804687500000000e-01 7.265625000000000e-01 0.000000000000000e+00
 9.804687500000000e-01 7.226562500000000e-01 0.000000000000000e+00
 9.804687500000000e-01 7.265625000000000e-01 0.000000000000000e+00
 -1.757812500000000e-01 5.507812500000000e-01 0.000000000000000e+00
 -1.757812500000000e-01 5.546875000000000e-01 0.000000000000000e+00
 -4.843750000000000e-01 5.820312500000000e-01 0.000000000000000e+00
 -7.187500000000000e-01 6.679687500000000e-01 0.000000000000000e+00
 7.187500000000000e-01 6.679687500000000e-01 0.000000000000000e+00
 4.843750000000000e-01 5.820312500000000e-01 0.000000000000000e+00
 1.757812500000000e-01 5.507812500000000e-01 0.000000000000000e+00
 1.757812500000000e-01 5.546875000000000e-01 0.000000000000000e+00
 -8.281250000000000e-01 6.796875000000000e-01 0.000000000000000e+00
 -8.242187500000000e-01 6.835937500000000e-01 0.000000000000000e+00
 -8.242187500000000e-01 6.875000000000000e-01 0.000000000000000e+00
 8.281250000000000e-01 6.796875000000000e-01 0.000000000000000e+00
 8.242187500000000e-01 6.835937500000000e-01 0.000000000000000e+00
 8.242187500000000e-01 6.875000000000000e-01 0.000000000000000e+00
 -6.445312500000000e-01 6.367187500000000e-01 0.000000000000000e+00
 -6.445312500000000e-01 6.328125000000000e-01 0.000000000000000e+00
 6.445312500000000e-01 6.367187500000000e-01 0.000000000000000e+00
 6.445312500000000e-01 6.328125000000000e-01 0.000000000000000e+00
 -1.000000000000000e+00 7.031250000000000e-01 0.000000000000000e+00
 1.000000000000000e+00 7.031250000000000e-01 0.000000000000000e+00
 -9.921875000000000e-01 7.109375000000000e-01 0.000000000000000e+00
 -9.921875000000000e-01 7.187500000000000e-01 0.000000000000000e+00
 -9.882812500000000e-01 7.226562500000000e-01 0.000000000000000e+00
 -9.882812500000000e-01 7.265625000000000e-01 0.000000000000000e+00
 9.921875000000000e-01 7.109375000000000e-01 0.000000000000000e+00
 9.921875000000000e-01 7.187500000000000e-01 0.000000000000000e+00
 9.882812500000000e-01 7.226562500000000e-01 0.000000000000000e+00
 9.882812500000000e-01 7.265625000000000e-01 0.000000000000000e+00
 -5.312500000000000e-01 6.015625000000000e-01 0.000000000000000e+00
 -5.351562500000000e-01 5.976562500000000e-01 0.000000000000000e+00
 -5.351562500000000e-01 5.937500000000000e-01 0.000000000000000e+00
 -6.171875000000000e-01 6.210937500000000e-01 0.000000000000000e+00
 6.171875000000000e-01 6.210937500000000e-01 0.000000000000000e+00
 5.312500000000000e-01 6.015625000000000e-01 0.000000000000000e+00
 5.351562500000000e-01 5.976562500000000e-01 0.000000000000000e+00
 5.351562500000000e-01 5.937500000000000e-01 0.000000000000000e+00
 -3.125000000000000e-02 5.546875000000000e-01 0.000000000000000e+00
 -3.515625000000000e-02 5.585937500000000e-01 0.000000000000000e+00
 -3.515625000000000e-02 5.625000000000000e-01 0.000000000000000e+00
 3.125000000000000e-02 5.546875000000000e-01 0.000000000000000e+00
 3.515625000000000e-02 5.585937500000000e-01 0.000000000000000e+00
 3.515625000000000e-02 5.625000000000000e-01 0.000000000000000e+00
 -2.734375000000000e-02 5.585937500000000e-01 0.000000000000000e+00
 -2.734375000000000e-02 5.625000000000000e-01 0.000000000000000e+00
 -9.960937500000000e-01 7.226562500000000e-01 0.000000000000000e+00
 -9.960937500000000e-01 7.265625000000000e-01 0.000000000000000e+00
 9.960937500000000e-01 7.226562500000000e-01 0.000000000000000e+00
 9.960937500000000e-01 7.265625000000000e-01 0.000000000000000e+00
 2.734375000000000e-02 5.585937500000000e-01 0.000000000000000e+00
 2.734375000000000e-02 5.625000000000000e-01 0.000000000000000e+00
 -4.218750000000000e-01 5.742187500000000e-01 0.000000000000000e+00
 4.218750000000000e-01 5.742187500000000e-01 0.000000000000000e+00
 -2.343750000000000e-01 5.507812500000000e-01 0.000000000000000e+00
 2.343750000000000e-01 5.507812500000000e-01 0.000000000000000e+00
 -7.500000000000000e-01 6.835937500000000e-01 0.000000000000000e+00
 7.500000000000000e-01 6.835937500000000e-01 0.000000000000000e+00
 -5.937500000000000e-01 6.406250000000000e-01 0.000000000000000e+00
 -6.015625000000000e-01 6.328125000000000e-01 0.000000000000000e+00
 -6.015625000000000e-01 6.250000000000000e-01 0.000000000000000e+00
 -6.054687500000000e-01 6.210937500000000e-01 0.000000000000000e+00
 -6.054687500000000e-01 6.171875000000000e-01 0.000000000000000e+00
 5.937500000000000e-01 6.406250000000000e-01 0.000000000000000e+00
 6.015625000000000e-01 6.328125000000000e-01 0.000000000000000e+00
 6.015625000000000e-01 6.250000000000000e-01 0.000000000000000e+00
 6.054687500000000e-01 6.210937500000000e-01 0.000000000000000e+00
 6.054687500000000e-01 6.171875000000000e-01 0.000000000000000e+00
 -9.453125000000000e-01 7.226562500000000e-01 0.000000000000000e+00
 9.453125000000000e-01 7.226562500000000e-01 0.000000000000000e+00
 -9.257812500000000e-01 7.148437500000000e-01 0.000000000000000e+00
 -9.257812500000000e-01 7.187500000000000e-01 0.000000000000000e+00
 9.257812500000000e-01 7.148437500000000e-01 0.000000000000000e+00
 9.257812500000000e-01 7.187500000000000e-01 0.000000000000000e+00
 -1.562500000000000e-02 5.546875000000000e-01 0.000000000000000e+00
 -1.953125000000000e-02 5.585937500000000e-01 0.000000000000000e+00
 -1.953125000000000e-02 5.625000000000000e-01 0.000000000000000e+00
 1.562500000000000e-02 5.546875000000000e-01 0.000000000000000e+00
 1.953125000000000e-02 5.585937500000000e-01 0.000000000000000e+00
 1.953125000000000e-02 5.625000000000000e-01 0.000000000000000e+00
 -1.171875000000000e-02 5.585937500000000e-01 0.000000000000000e+00
 -1.171875000000000e-02 5.625000000000000e-01 0.000000000000000e+00
 1.171875000000000e-02 5.585937500000000e-01 0.000000000000000e+00
 1.171875000000000e-02 5.625000000000000e-01 0.000000000000000e+00
 -9.062500000000000e-01 7.148437500000000e-01 0.000000000000000e+00
 9.062500000000000e-01 7.148437500000000e-01 0.000000000000000e+00
 0.000000000000000e+00 5.546875000000000e-01 0.000000000000000e+00
 -3.906250000000000e-03 5.585937500000000e-01 0.000000000000000e+00
 -3.906250000000000e-03 5.625000000000000e-01 0.000000000000000e+00
 -4.492187500000000e-01 5.820312500000000e-01 0.000000000000000e+00
 -4.492187500000000e-01 5.781250000000000e-01 0.000000000000000e+00
 4.492187500000000e-01 5.820312500000000e-01 0.000000000000000e+00
 4.492187500000000e-01 5.781250000000000e-01 0.000000000000000e+00
 3.906250000000000e-03 5.585937500000000e-01 0.000000000000000e+00
 3.906250000000000e-03 5.625000000000000e-01 0.000000000000000e+00
 -6.562500000000000e-01 6.484375000000000e-01 0.000000000000000e+00
 -6.601562500000000e-01 6.445312500000000e-01 0.000000000000000e+00
 -6.601562500000000e-01 6.406250000000000e-01 0.000000000000000e+00
 6.562500000000000e-01 6.484375000000000e-01 0.000000000000000e+00
 6.601562500000000e-01 6.445312500000000e-01 0.000000000000000e+00
 6.601562500000000e-01 6.406250000000000e-01 0.000000000000000e+00
 -1.250000000000000e-01 5.585937500000000e-01 0.000000000000000e+00
 1.250000000000000e-01 5.585937500000000e-01 0.000000000000000e+00
 -5.468750000000000e-01 5.976562500000000e-01 0.000000000000000e+00
 5.468750000000000e-01 5.976562500000000e-01 0.000000000000000e+00
 -5.468750000000000e-01 6.406250000000000e-01 0.000000000000000e+00
 -5.468750000000000e-01 6.250000000000000e-01 0.000000000000000e+00
 -5.546875000000000e-01 6.171875000000000e-01 0.000000000000000e+00
 -5.546875000000000e-01 6.093750000000000e-01 0.000000000000000e+00
 -5.585937500000000e-01 6.054687500000000e-01 0.000000000000000e+00
 -5.585937500000000e-01 6.015625000000000e-01 0.000000000000000e+00
 5.468750000000000e-01 6.406250000000000e-01 0.000000000000000e+00
 5.468750000000000e-01 6.250000000000000e-01 0.000000000000000e+00
 5.546875000000000e-01 6.171875000000000e-01 0.000000000000000e+00
 5.546875000000000e-01 6.093750000000000e-01 0.000000000000000e+00
 5.585937500000000e-01 6.054687500000000e-01 0.000000000000000e+00
 5.585937500000000e-01 6.015625000000000e-01 0.000000000000000e+00
 -8.984375000000000e-01 6.953125000000000e-01 0.000000000000000e+00
 -8.984375000000000e-01 7.031250000000000e-01 0.000000000000000e+00
 -8.945312500000000e-01 7.070312500000000e-01 0.000000000000000e+00
 -8.945312500000000e-01 7.109375000000000e-01 0.000000000000000e+00
 8.984375000000000e-01 6.953125000000000e-01 0.000000000000000e+00
 8.984375000000000e-01 7.031250000000000e-01 0.000000000000000e+00
 8.945312500000000e-01 7.070312500000000e-01 0.000000000000000e+00
 8.945312500000000e-01 7.109375000000000e-01 0.000000000000000e+00
 -4.140625000000000e-01 5.742187500000000e-01 0.000000000000000e+00
 4.140625000000000e-01 5.742187500000000e-01 0.000000000000000e+00
 -4.921875000000000e-01 6.015625000000000e-01 0.000000000000000e+00
 -4.921875000000000e-01 5.937500000000000e-01 0.000000000000000e+00
 -4.960937500000000e-01 5.898437500000000e-01 0.000000000000000e+00
 -4.960937500000000e-01 5.859375000000000e-01 0.000000000000000e+00
 4.921875000000000e-01 6.015625000000000e-01 0.000000000000000e+00
 4.921875000000000e-01 5.937500000000000e-01 0.000000000000000e+00
 4.960937500000000e-01 5.898437500000000e-01 0.000000000000000e+00
 4.960937500000000e-01 5.859375000000000e-01 0.000000000000000e+00
 -5.937500000000000e-01 6.132812500000000e-01 0.000000000000000e+00
 5.937500000000000e-01 6.132812500000000e-01 0.000000000000000e+00
 -5.781250000000000e-01 6.171875000000000e-01 0.000000000000000e+00
 -5.820312500000000e-01 6.132812500000000e-01 0.000000000000000e+00
 -5.820312500000000e-01 6.093750000000000e-01 0.000000000000000e+00
 5.781250000000000e-01 6.171875000000000e-01 0.000000000000000e+00
 5.820312500000000e-01 6.132812500000000e-01 0.000000000000000e+00
 5.820312500000000e-01 6.093750000000000e-01 0.000000000000000e+00
 -5.156250000000000e-01 5.898437500000000e-01 0.000000000000000e+00
 -9.531250000000000e-01 7.226562500000000e-01 0.000000000000000e+00
 9.531250000000000e-01 7.226562500000000e-01 0.000000000000000e+00
 5.156250000000000e-01 5.898437500000000e-01 0.000000000000000e+00
 -4.765625000000000e-01 5.820312500000000e-01 0.000000000000000e+00
 -6.328125000000000e-01 6.289062500000000e-01 0.000000000000000e+00
 6.328125000000000e-01 6.289062500000000e-01 0.000000000000000e+00
 4.765625000000000e-01 5.820312500000000e-01 0.000000000000000e+00
 -6.757812500000000e-01 6.523437500000000e-01 0.000000000000000e+00
 -6.757812500000000e-01 6.484375000000000e-01 0.000000000000000e+00
 6.757812500000000e-01 6.523437500000000e-01 0.000000000000000e+00
 6.757812500000000e-01 6.484375000000000e-01 0.000000000000000e+00
 -5.703125000000000e-01 6.054687500000000e-01 0.000000000000000e+00
 5.703125000000000e-01 6.054687500000000e-01 0.000000000000000e+00
 -8.359375000000000e-01 6.914062500000000e-01 0.000000000000000e+00
 -9.375000000000000e-01 7.109375000000000e-01 0.000000000000000e+00
 -9.335937500000000e-01 7.148437500000000e-01 0.000000000000000e+00
 -9.335937500000000e-01 7.187500000000000e-01 0.000000000000000e+00
 9.375000000000000e-01 7.109375000000000e-01 0.000000000000000e+00
 9.335937500000000e-01 7.148437500000000e-01 0.000000000000000e+00
 9.335937500000000e-01 7.187500000000000e-01 0.000000000000000e+00
 8.359375000000000e-01 6.914062500000000e-01 0.000000000000000e+00
 -1.640625000000000e-01 5.390625000000000e-01 0.000000000000000e+00
 -1.640625000000000e-01 5.468750000000000e-01 0.000000000000000e+00
 -1.679687500000000e-01 5.507812500000000e-01 0.000000000000000e+00
 -1.679687500000000e-01 5.546875000000000e-01 0.000000000000000e+00
 1.640625000000000e-01 5.390625000000000e-01 0.000000000000000e+00
 1.640625000000000e-01 5.468750000000000e-01 0.000000000000000e+00
 1.679687500000000e-01 5.507812500000000e-01 0.000000000000000e+00
 1.679687500000000e-01 5.546875000000000e-01 0.000000000000000e+00
 -5.273437500000000e-01 5.976562500000000e-01 0.000000000000000e+00
 -5.273437500000000e-01 5.937500000000000e-01 0.000000000000000e+00
 5.273437500000000e-01 5.976562500000000e-01 0.000000000000000e+00
 5.273437500000000e-01 5.937500000000000e-01 0.000000000000000e+00
 -9.609375000000000e-01 7.226562500000000e-01 0.000000000000000e+00
 9.609375000000000e-01 7.226562500000000e-01 0.000000000000000e+00
 -8.515625000000000e-01 6.796875000000000e-01 0.000000000000000e+00
 -8.515625000000000e-01 6.875000000000000e-01 0.000000000000000e+00
 -8.476562500000000e-01 6.914062500000000e-01 0.000000000000000e+00
 -8.476562500000000e-01 6.953125000000000e-01 0.000000000000000e+00
 8.515625000000000e-01 6.796875000000000e-01 0.000000000000000e+00
 8.515625000000000e-01 6.875000000000000e-01 0.000000000000000e+00
 8.476562500000000e-01 6.914062500000000e-01 0.000000000000000e+00
 8.476562500000000e-01 6.953125000000000e-01 0.000000000000000e+00
 -6.210937500000000e-01 6.289062500000000e-01 0.000000000000000e+00
 -6.210937500000000e-01 6.250000000000000e-01 0.000000000000000e+00
 6.210937500000000e-01 6.289062500000000e-01 0.000000000000000e+00
 6.210937500000000e-01 6.250000000000000e-01 0.000000000000000e+00
 -8.828125000000000e-01 7.070312500000000e-01 0.000000000000000e+00
 8.828125000000000e-01 7.070312500000000e-01 0.000000000000000e+00
 -1.171875000000000e-01 5.585937500000000e-01 0.000000000000000e+00
 1.171875000000000e-01 5.585937500000000e-01 0.000000000000000e+00
 -8.750000000000000e-01 6.953125000000000e-01 0.000000000000000e+00
 -8.710937500000000e-01 6.992187500000000e-01 0.000000000000000e+00
 -8.710937500000000e-01 7.031250000000000e-01 0.000000000000000e+00
 -9.140625000000000e-01 7.148437500000000e-01 0.000000000000000e+00
 9.140625000000000e-01 7.148437500000000e-01 0.000000000000000e+00
 8.750000000000000e-01 6.953125000000000e-01 0.000000000000000e+00
 8.710937500000000e-01 6.992187500000000e-01 0.000000000000000e+00
 8.710937500000000e-01 7.031250000000000e-01 0.000000000000000e+00
 -6.875000000000000e-01 6.640625000000000e-01 0.000000000000000e+00
 -6.914062500000000e-01 6.601562500000000e-01 0.000000000000000e+00
 -6.914062500000000e-01 6.562500000000000e-01 0.000000000000000e+00
 6.875000000000000e-01 6.640625000000000e-01 0.000000000000000e+00
 6.914062500000000e-01 6.601562500000000e-01 0.000000000000000e+00
 6.914062500000000e-01 6.562500000000000e-01 0.000000000000000e+00
 -4.062500000000000e-01 5.742187500000000e-01 0.000000000000000e+00
 4.062500000000000e-01 5.742187500000000e-01 0.000000000000000e+00
 -4.375000000000000e-01 5.859375000000000e-01 0.000000000000000e+00
 -4.414062500000000e-01 5.820312500000000e-01 0.000000000000000e+00
 -4.414062500000000e-01 5.781250000000000e-01 0.000000000000000e+00
 4.375000000000000e-01 5.859375000000000e-01 0.000000000000000e+00
 4.414062500000000e-01 5.820312500000000e-01 0.000000000000000e+00
 4.414062500000000e-01 5.781250000000000e-01 0.000000000000000e+00
 -6.484375000000000e-01 6.367187500000000e-01 0.000000000000000e+00
 6.484375000000000e-01 6.367187500000000e-01 0.000000000000000e+00
 -8.085937500000000e-01 6.757812500000000e-01 0.000000000000000e+00
 -8.085937500000000e-01 6.796875000000000e-01 0.000000000000000e+00
 8.085937500000000e-01 6.757812500000000e-01 0.000000000000000e+00
 8.085937500000000e-01 6.796875000000000e-01 0.000000000000000e+00
 -9.687500000000000e-01 7.226562500000000e-01 0.000000000000000e+00
 9.687500000000000e-01 7.226562500000000e-01 0.000000000000000e+00
 -8.593750000000000e-01 6.992187500000000e-01 0.000000000000000e+00
 -9.414062500000000e-01 7.148437500000000e-01 0.000000000000000e+00
 -9.414062500000000e-01 7.187500000000000e-01 0.000000000000000e+00
 9.414062500000000e-01 7.148437500000000e-01 0.000000000000000e+00
 9.414062500000000e-01 7.187500000000000e-01 0.000000000000000e+00
 8.593750000000000e-01 6.992187500000000e-01 0.000000000000000e+00
 -4.882812500000000e-01 5.898437500000000e-01 0.000000000000000e+00
 -4.882812500000000e-01 5.859375000000000e-01 0.000000000000000e+00
 4.882812500000000e-01 5.898437500000000e-01 0.000000000000000e+00
 4.882812500000000e-01 5.859375000000000e-01 0.000000000000000e+00
 -9.023437500000000e-01 7.070312500000000e-01 0.000000000000000e+00
 -9.023437500000000e-01 7.109375000000000e-01 0.000000000000000e+00
 9.023437500000000e-01 7.070312500000000e-01 0.000000000000000e+00
 9.023437500000000e-01 7.109375000000000e-01 0.000000000000000e+00
 -4.687500000000000e-01 5.820312500000000e-01 0.000000000000000e+00
 4.687500000000000e-01 5.820312500000000e-01 0.000000000000000e+00
 -7.070312500000000e-01 6.679687500000000e-01 0.000000000000000e+00
 -7.070312500000000e-01 6.640625000000000e-01 0.000000000000000e+00
 7.070312500000000e-01 6.679687500000000e-01 0.000000000000000e+00
 7.070312500000000e-01 6.640625000000000e-01 0.000000000000000e+00
 -1.093750000000000e-01 5.585937500000000e-01 0.000000000000000e+00
 1.093750000000000e-01 5.585937500000000e-01 0.000000000000000e+00
 -9.765625000000000e-01 7.226562500000000e-01 0.000000000000000e+00
 9.765625000000000e-01 7.226562500000000e-01 0.000000000000000e+00
 -5.390625000000000e-01 5.976562500000000e-01 0.000000000000000e+00
 5.390625000000000e-01 5.976562500000000e-01 0.000000000000000e+00
 -3.984375000000000e-01 5.742187500000000e-01 0.000000000000000e+00
 3.984375000000000e-01 5.742187500000000e-01 0.000000000000000e+00
 -6.093750000000000e-01 6.210937500000000e-01 0.000000000000000e+00
 -5.078125000000000e-01 5.898437500000000e-01 0.000000000000000e+00
 5.078125000000000e-01 5.898437500000000e-01 0.000000000000000e+00
 6.093750000000000e-01 6.210937500000000e-01 0.000000000000000e+00
 -5.507812500000000e-01 6.054687500000000e-01 0.000000000000000e+00
 -5.507812500000000e-01 6.015625000000000e-01 0.000000000000000e+00
 5.507812500000000e-01 6.054687500000000e-01 0.000000000000000e+00
 5.507812500000000e-01 6.015625000000000e-01 0.000000000000000e+00
 -5.976562500000000e-01 6.210937500000000e-01 0.000000000000000e+00
 -5.976562500000000e-01 6.171875000000000e-01 0.000000000000000e+00
 5.976562500000000e-01 6.210937500000000e-01 0.000000000000000e+00
 5.976562500000000e-01 6.171875000000000e-01 0.000000000000000e+00
 -1.601562500000000e-01 5.507812500000000e-01 0.000000000000000e+00
 -1.601562500000000e-01 5.546875000000000e-01 0.000000000000000e+00
 1.601562500000000e-01 5.507812500000000e-01 0.000000000000000e+00
 1.601562500000000e-01 5.546875000000000e-01 0.000000000000000e+00
 -2.265625000000000e-01 5.507812500000000e-01 0.000000000000000e+00
 -4.335937500000000e-01 5.820312500000000e-01 0.000000000000000e+00
 -4.335937500000000e-01 5.781250000000000e-01 0.000000000000000e+00
 4.335937500000000e-01 5.820312500000000e-01 0.000000000000000e+00
 4.335937500000000e-01 5.781250000000000e-01 0.000000000000000e+00
 2.265625000000000e-01 5.507812500000000e-01 0.000000000000000e+00
 -9.843750000000000e-01 7.226562500000000e-01 0.000000000000000e+00
 9.843750000000000e-01 7.226562500000000e-01 0.000000000000000e+00
 -6.328125000000000e-01 6.484375000000000e-01 0.000000000000000e+00
 -6.328125000000000e-01 6.406250000000000e-01 0.000000000000000e+00
 -6.367187500000000e-01 6.367187500000000e-01 0.000000000000000e+00
 -6.367187500000000e-01 6.328125000000000e-01 0.000000000000000e+00
 6.328125000000000e-01 6.484375000000000e-01 0.000000000000000e+00
 6.328125000000000e-01 6.406250000000000e-01 0.000000000000000e+00
 6.367187500000000e-01 6.367187500000000e-01 0.000000000000000e+00
 6.367187500000000e-01 6.328125000000000e-01 0.000000000000000e+00
 -9.921875000000000e-01 7.226562500000000e-01 0.000000000000000e+00
 9.921875000000000e-01 7.226562500000000e-01 0.000000000000000e+00
 -1.000000000000000e+00 7.226562500000000e-01 0.000000000000000e+00
 1.000000000000000e+00 7.226562500000000e-01 0.000000000000000e+00
 -9.218750000000000e-01 7.148437500000000e-01 0.000000000000000e+00
 9.218750000000000e-01 7.148437500000000e-01 0.000000000000000e+00
 -5.742187500000000e-01 6.132812500000000e-01 0.000000000000000e+00
 -5.742187500000000e-01 6.093750000000000e-01 0.000000000000000e+00
 5.742187500000000e-01 6.132812500000000e-01 0.000000000000000e+00
 5.742187500000000e-01 6.093750000000000e-01 0.000000000000000e+00
 -6.640625000000000e-01 6.445312500000000e-01 0.000000000000000e+00
 -9.531250000000000e-01 7.109375000000000e-01 0.000000000000000e+00
 -9.492187500000000e-01 7.148437500000000e-01 0.000000000000000e+00
 -9.492187500000000e-01 7.187500000000000e-01 0.000000000000000e+00
 9.531250000000000e-01 7.109375000000000e-01 0.000000000000000e+00
 9.492187500000000e-01 7.148437500000000e-01 0.000000000000000e+00
 9.492187500000000e-01 7.187500000000000e-01 0.000000000000000e+00
 6.640625000000000e-01 6.445312500000000e-01 0.000000000000000e+00
 -1.015625000000000e-01 5.585937500000000e-01 0.000000000000000e+00
 1.015625000000000e-01 5.585937500000000e-01 0.000000000000000e+00
 -5.859375000000000e-01 6.132812500000000e-01 0.000000000000000e+00
 5.859375000000000e-01 6.132812500000000e-01 0.000000000000000e+00
 -5.156250000000000e-01 6.015625000000000e-01 0.000000000000000e+00
 -5.195312500000000e-01 5.976562500000000e-01 0.000000000000000e+00
 -5.195312500000000e-01 5.937500000000000e-01 0.000000000000000e+00
 5.156250000000000e-01 6.015625000000000e-01 0.000000000000000e+00
 5.195312500000000e-01 5.976562500000000e-01 0.000000000000000e+00
 5.195312500000000e-01 5.937500000000000e-01 0.000000000000000e+00
 -5.625000000000000e-01 6.054687500000000e-01 0.000000000000000e+00
 5.625000000000000e-01 6.054687500000000e-01 0.000000000000000e+00
 -3.906250000000000e-01 5.742187500000000e-01 0.000000000000000e+00
 3.906250000000000e-01 5.742187500000000e-01 0.000000000000000e+00
 -9.570312500000000e-01 7.148437500000000e-01 0.000000000000000e+00
 -9.570312500000000e-01 7.187500000000000e-01 0.000000000000000e+00
 9.570312500000000e-01 7.148437500000000e-01 0.000000000000000e+00
 9.570312500000000e-01 7.187500000000000e-01 0.000000000000000e+00
 -4.609375000000000e-01 5.820312500000000e-01 0.000000000000000e+00
 -8.906250000000000e-01 7.070312500000000e-01 0.000000000000000e+00
 8.906250000000000e-01 7.070312500000000e-01 0.000000000000000e+00
 4.609375000000000e-01 5.820312500000000e-01 0.000000000000000e+00
 -9.375000000000000e-02 5.585937500000000e-01 0.000000000000000e+00
 9.375000000000000e-02 5.585937500000000e-01 0.000000000000000e+00
 -4.687500000000000e-01 6.093750000000000e-01 0.000000000000000e+00
 -4.765625000000000e-01 6.015625000000000e-01 0.000000000000000e+00
 -4.765625000000000e-01 5.937500000000000e-01 0.000000000000000e+00
 -4.804687500000000e-01 5.898437500000000e-01 0.000000000000000e+00
 -4.804687500000000e-01 5.859375000000000e-01 0.000000000000000e+00
 4.687500000000000e-01 6.093750000000000e-01 0.000000000000000e+00
 4.765625000000000e-01 6.015625000000000e-01 0.000000000000000e+00
 4.765625000000000e-01 5.937500000000000e-01 0.000000000000000e+00
 4.804687500000000e-01 5.898437500000000e-01 0.000000000000000e+00
 4.804687500000000e-01 5.859375000000000e-01 0.000000000000000e+00
 -1.406250000000000e-01 5.156250000000000e-01 0.000000000000000e+00
 -1.406250000000000e-01 5.312500000000000e-01 0.000000000000000e+00
 -1.484375000000000e-01 5.390625000000000e-01 0.000000000000000e+00
 -1.484375000000000e-01 5.468750000000000e-01 0.000000000000000e+00
 -1.523437500000000e-01 5.507812500000000e-01 0.000000000000000e+00
 -1.523437500000000e-01 5.546875000000000e-01 0.000000000000000e+00
 -7.187500000000000e-01 6.796875000000000e-01 0.000000000000000e+00
 -7.226562500000000e-01 6.757812500000000e-01 0.000000000000000e+00
 -7.226562500000000e-01 6.718750000000000e-01 0.000000000000000e+00
 -9.375000000000000e-01 6.562500000000000e-01 0.000000000000000e+00
 -9.218750000000000e-01 6.718750000000000e-01 0.000000000000000e+00
 -9.218750000000000e-01 6.875000000000000e-01 0.000000000000000e+00
 -9.140625000000000e-01 6.953125000000000e-01 0.000000000000000e+00
 -9.140625000000000e-01 7.031250000000000e-01 0.000000000000000e+00
 -9.101562500000000e-01 7.070312500000000e-01 0.000000000000000e+00
 -9.101562500000000e-01 7.109375000000000e-01 0.000000000000000e+00
 9.375000000000000e-01 6.562500000000000e-01 0.000000000000000e+00
 9.218750000000000e-01 6.718750000000000e-01 0.000000000000000e+00
 9.218750000000000e-01 6.875000000000000e-01 0.000000000000000e+00
 9.140625000000000e-01 6.953125000000000e-01 0.000000000000000e+00
 9.140625000000000e-01 7.031250000000000e-01 0.000000000000000e+00
 9.101562500000000e-01 7.070312500000000e-01 0.000000000000000e+00
 9.101562500000000e-01 7.109375000000000e-01 0.000000000000000e+00
 7.187500000000000e-01 6.796875000000000e-01 0.000000000000000e+00
 7.226562500000000e-01 6.757812500000000e-01 0.000000000000000e+00
 7.226562500000000e-01 6.718750000000000e-01 0.000000000000000e+00
 1.406250000000000e-01 5.156250000000000e-01 0.000000000000000e+00
 1.406250000000000e-01 5.312500000000000e-01 0.000000000000000e+00
 1.484375000000000e-01 5.390625000000000e-01 0.000000000000000e+00
 1.484375000000000e-01 5.468750000000000e-01 0.000000000000000e+00
 1.523437500000000e-01 5.507812500000000e-01 0.000000000000000e+00
 1.523437500000000e-01 5.546875000000000e-01 0.000000000000000e+00
 -8.789062500000000e-01 6.992187500000000e-01 0.000000000000000e+00
 -8.789062500000000e-01 7.031250000000000e-01 0.000000000000000e+00
 8.789062500000000e-01 6.992187500000000e-01 0.000000000000000e+00
 8.789062500000000e-01 7.031250000000000e-01 0.000000000000000e+00
 -6.250000000000000e-01 6.289062500000000e-01 0.000000000000000e+00
 6.250000000000000e-01 6.289062500000000e-01 0.000000000000000e+00
 -4.218750000000000e-01 5.859375000000000e-01 0.000000000000000e+00
 -4.257812500000000e-01 5.820312500000000e-01 0.000000000000000e+00
 -4.257812500000000e-01 5.781250000000000e-01 0.000000000000000e+00
 4.218750000000000e-01 5.859375000000000e-01 0.000000000000000e+00
 4.257812500000000e-01 5.820312500000000e-01 0.000000000000000e+00
 4.257812500000000e-01 5.781250000000000e-01 0.000000000000000e+00
 -9.296875000000000e-01 7.148437500000000e-01 0.000000000000000e+00
 9.296875000000000e-01 7.148437500000000e-01 0.000000000000000e+00
 -3.828125000000000e-01 5.742187500000000e-01 0.000000000000000e+00
 3.828125000000000e-01 5.742187500000000e-01 0.000000000000000e+00
 -6.523437500000000e-01 6.445312500000000e-01 0.000000000000000e+00
 -6.523437500000000e-01 6.406250000000000e-01 0.000000000000000e+00
 -6.796875000000000e-01 6.523437500000000e-01 0.000000000000000e+00
 -9.687500000000000e-01 7.109375000000000e-01 0.000000000000000e+00
 -9.648437500000000e-01 7.148437500000000e-01 0.000000000000000e+00
 -9.648437500000000e-01 7.187500000000000e-01 0.000000000000000e+00
 9.687500000000000e-01 7.109375000000000e-01 0.000000000000000e+00
 9.648437500000000e-01 7.148437500000000e-01 0.000000000000000e+00
 9.648437500000000e-01 7.187500000000000e-01 0.000000000000000e+00
 6.796875000000000e-01 6.523437500000000e-01 0.000000000000000e+00
 6.523437500000000e-01 6.445312500000000e-01 0.000000000000000e+00
 6.523437500000000e-01 6.406250000000000e-01 0.000000000000000e+00
 -5.000000000000000e-01 5.898437500000000e-01 0.000000000000000e+00
 5.000000000000000e-01 5.898437500000000e-01 0.000000000000000e+00
 -5.312500000000000e-01 5.976562500000000e-01 0.000000000000000e+00
 5.312500000000000e-01 5.976562500000000e-01 0.000000000000000e+00
 -8.593750000000000e-02 5.585937500000000e-01 0.000000000000000e+00
 8.593750000000000e-02 5.585937500000000e-01 0.000000000000000e+00
 -9.726562500000000e-01 7.148437500000000e-01 0.000000000000000e+00
 -9.726562500000000e-01 7.187500000000000e-01 0.000000000000000e+00
 9.726562500000000e-01 7.148437500000000e-01 0.000000000000000e+00
 9.726562500000000e-01 7.187500000000000e-01 0.000000000000000e+00
 -6.093750000000000e-01 6.328125000000000e-01 0.000000000000000e+00
 -6.132812500000000e-01 6.289062500000000e-01 0.000000000000000e+00
 -6.132812500000000e-01 6.250000000000000e-01 0.000000000000000e+00
 6.093750000000000e-01 6.328125000000000e-01 0.000000000000000e+00
 6.132812500000000e-01 6.289062500000000e-01 0.000000000000000e+00
 6.132812500000000e-01 6.250000000000000e-01 0.000000000000000e+00
 -8.203125000000000e-01 6.835937500000000e-01 0.000000000000000e+00
 8.203125000000000e-01 6.835937500000000e-01 0.000000000000000e+00
 -5.390625000000000e-01 6.171875000000000e-01 0.000000000000000e+00
 -5.390625000000000e-01 6.093750000000000e-01 0.000000000000000e+00
 -5.429687500000000e-01 6.054687500000000e-01 0.000000000000000e+00
 -5.429687500000000e-01 6.015625000000000e-01 0.000000000000000e+00
 5.390625000000000e-01 6.171875000000000e-01 0.000000000000000e+00
 5.390625000000000e-01 6.093750000000000e-01 0.000000000000000e+00
 5.429687500000000e-01 6.054687500000000e-01 0.000000000000000e+00
 5.429687500000000e-01 6.015625000000000e-01 0.000000000000000e+00
 -1.445312500000000e-01 5.507812500000000e-01 0.000000000000000e+00
 -1.445312500000000e-01 5.546875000000000e-01 0.000000000000000e+00
 -8.320312500000000e-01 6.835937500000000e-01 0.000000000000000e+00
 -8.320312500000000e-01 6.875000000000000e-01 0.000000000000000e+00
 8.320312500000000e-01 6.835937500000000e-01 0.000000000000000e+00
 8.320312500000000e-01 6.875000000000000e-01 0.000000000000000e+00
 1.445312500000000e-01 5.507812500000000e-01 0.000000000000000e+00
 1.445312500000000e-01 5.546875000000000e-01 0.000000000000000e+00
 -8.554687500000000e-01 6.914062500000000e-01 0.000000000000000e+00
 -8.554687500000000e-01 6.953125000000000e-01 0.000000000000000e+00
 8.554687500000000e-01 6.914062500000000e-01 0.000000000000000e+00
 8.554687500000000e-01 6.953125000000000e-01 0.000000000000000e+00
 -7.812500000000000e-02 5.585937500000000e-01 0.000000000000000e+00
 -2.187500000000000e-01 5.507812500000000e-01 0.000000000000000e+00
 -5.117187500000000e-01 5.976562500000000e-01 0.000000000000000e+00
 -5.117187500000000e-01 5.937500000000000e-01 0.000000000000000e+00
 -9.843750000000000e-01 7.109375000000000e-01 0.000000000000000e+00
 -9.804687500000000e-01 7.148437500000000e-01 0.000000000000000e+00
 -9.804687500000000e-01 7.187500000000000e-01 0.000000000000000e+00
 9.843750000000000e-01 7.109375000000000e-01 0.000000000000000e+00
 9.804687500000000e-01 7.148437500000000e-01 0.000000000000000e+00
 9.804687500000000e-01 7.187500000000000e-01 0.000000000000000e+00
 5.117187500000000e-01 5.976562500000000e-01 0.000000000000000e+00
 5.117187500000000e-01 5.937500000000000e-01 0.000000000000000e+00
 2.187500000000000e-01 5.507812500000000e-01 0.000000000000000e+00
 7.812500000000000e-02 5.585937500000000e-01 0.000000000000000e+00
 -4.179687500000000e-01 5.820312500000000e-01 0.000000000000000e+00
 -4.179687500000000e-01 5.781250000000000e-01 0.000000000000000e+00
 4.179687500000000e-01 5.820312500000000e-01 0.000000000000000e+00
 4.179687500000000e-01 5.781250000000000e-01 0.000000000000000e+00
 -9.882812500000000e-01 7.148437500000000e-01 0.000000000000000e+00
 -9.882812500000000e-01 7.187500000000000e-01 0.000000000000000e+00
 -8.671875000000000e-01 6.992187500000000e-01 0.000000000000000e+00
 8.671875000000000e-01 6.992187500000000e-01 0.000000000000000e+00
 9.882812500000000e-01 7.148437500000000e-01 0.000000000000000e+00
 9.882812500000000e-01 7.187500000000000e-01 0.000000000000000e+00
 -4.531250000000000e-01 5.820312500000000e-01 0.000000000000000e+00
 4.531250000000000e-01 5.820312500000000e-01 0.000000000000000e+00
 -9.375000000000000e-01 7.148437500000000e-01 0.000000000000000e+00
 9.375000000000000e-01 7.148437500000000e-01 0.000000000000000e+00
 -3.750000000000000e-01 5.742187500000000e-01 0.000000000000000e+00
 3.750000000000000e-01 5.742187500000000e-01 0.000000000000000e+00
 -9.179687500000000e-01 7.070312500000000e-01 0.000000000000000e+00
 -9.179687500000000e-01 7.109375000000000e-01 0.000000000000000e+00
 9.179687500000000e-01 7.070312500000000e-01 0.000000000000000e+00
 9.179687500000000e-01 7.109375000000000e-01 0.000000000000000e+00
 -4.726562500000000e-01 5.898437500000000e-01 0.000000000000000e+00
 -4.726562500000000e-01 5.859375000000000e-01 0.000000000000000e+00
 4.726562500000000e-01 5.898437500000000e-01 0.000000000000000e+00
 4.726562500000000e-01 5.859375000000000e-01 0.000000000000000e+00
 -5.859375000000000e-01 6.328125000000000e-01 0.000000000000000e+00
 -5.859375000000000e-01 6.250000000000000e-01 0.000000000000000e+00
 -5.898437500000000e-01 6.210937500000000e-01 0.000000000000000e+00
 -5.898437500000000e-01 6.171875000000000e-01 0.000000000000000e+00
 -1.000000000000000e+00 7.109375000000000e-01 0.000000000000000e+00
 1.000000000000000e+00 7.109375000000000e-01 0.000000000000000e+00
 -9.960937500000000e-01 7.148437500000000e-01 0.000000000000000e+00
 -9.960937500000000e-01 7.187500000000000e-01 0.000000000000000e+00
 9.960937500000000e-01 7.148437500000000e-01 0.000000000000000e+00
 9.960937500000000e-01 7.187500000000000e-01 0.000000000000000e+00
 5.859375000000000e-01 6.328125000000000e-01 0.000000000000000e+00
 5.859375000000000e-01 6.250000000000000e-01 0.000000000000000e+00
 5.898437500000000e-01 6.210937500000000e-01 0.000000000000000e+00
 5.898437500000000e-01 6.171875000000000e-01 0.000000000000000e+00
 -6.015625000000000e-01 6.210937500000000e-01 0.000000000000000e+00
 6.015625000000000e-01 6.210937500000000e-01 0.000000000000000e+00
 -5.625000000000000e-01 6.171875000000000e-01 0.000000000000000e+00
 -5.664062500000000e-01 6.132812500000000e-01 0.000000000000000e+00
 -5.664062500000000e-01 6.093750000000000e-01 0.000000000000000e+00
 5.625000000000000e-01 6.171875000000000e-01 0.000000000000000e+00
 5.664062500000000e-01 6.132812500000000e-01 0.000000000000000e+00
 5.664062500000000e-01 6.093750000000000e-01 0.000000000000000e+00
 -5.546875000000000e-01 6.054687500000000e-01 0.000000000000000e+00
 -8.984375000000000e-01 7.070312500000000e-01 0.000000000000000e+00
 8.984375000000000e-01 7.070312500000000e-01 0.000000000000000e+00
 5.546875000000000e-01 6.054687500000000e-01 0.000000000000000e+00
 -6.562500000000000e-01 6.718750000000000e-01 0.000000000000000e+00
 -6.640625000000000e-01 6.640625000000000e-01 0.000000000000000e+00
 -6.640625000000000e-01 6.562500000000000e-01 0.000000000000000e+00
 -6.679687500000000e-01 6.523437500000000e-01 0.000000000000000e+00
 -6.679687500000000e-01 6.484375000000000e-01 0.000000000000000e+00
 6.562500000000000e-01 6.718750000000000e-01 0.000000000000000e+00
 6.640625000000000e-01 6.640625000000000e-01 0.000000000000000e+00
 6.640625000000000e-01 6.562500000000000e-01 0.000000000000000e+00
 6.679687500000000e-01 6.523437500000000e-01 0.000000000000000e+00
 6.679687500000000e-01 6.484375000000000e-01 0.000000000000000e+00
 -7.031250000000000e-02 5.585937500000000e-01 0.000000000000000e+00
 7.031250000000000e-02 5.585937500000000e-01 0.000000000000000e+00
 -8.437500000000000e-01 6.914062500000000e-01 0.000000000000000e+00
 8.437500000000000e-01 6.914062500000000e-01 0.000000000000000e+00
 -3.671875000000000e-01 5.742187500000000e-01 0.000000000000000e+00
 3.671875000000000e-01 5.742187500000000e-01 0.000000000000000e+00
 -5.781250000000000e-01 6.132812500000000e-01 0.000000000000000e+00
 5.781250000000000e-01 6.132812500000000e-01 0.000000000000000e+00
 -1.328125000000000e-01 5.390625000000000e-01 0.000000000000000e+00
 -1.328125000000000e-01 5.468750000000000e-01 0.000000000000000e+00
 -1.367187500000000e-01 5.507812500000000e-01 0.000000000000000e+00
 -1.367187500000000e-01 5.546875000000000e-01 0.000000000000000e+00
 -6.953125000000000e-01 6.601562500000000e-01 0.000000000000000e+00
 6.953125000000000e-01 6.601562500000000e-01 0.000000000000000e+00
 1.328125000000000e-01 5.390625000000000e-01 0.000000000000000e+00
 1.328125000000000e-01 5.468750000000000e-01 0.000000000000000e+00
 1.367187500000000e-01 5.507812500000000e-01 0.000000000000000e+00
 1.367187500000000e-01 5.546875000000000e-01 0.000000000000000e+00
 -6.406250000000000e-01 6.367187500000000e-01 0.000000000000000e+00
 6.406250000000000e-01 6.367187500000000e-01 0.000000000000000e+00
 -4.921875000000000e-01 5.898437500000000e-01 0.000000000000000e+00
 4.921875000000000e-01 5.898437500000000e-01 0.000000000000000e+00
 -9.453125000000000e-01 7.148437500000000e-01 0.000000000000000e+00
 9.453125000000000e-01 7.148437500000000e-01 0.000000000000000e+00
 -6.250000000000000e-02 5.585937500000000e-01 0.000000000000000e+00
 6.250000000000000e-02 5.585937500000000e-01 0.000000000000000e+00
 -8.906250000000000e-01 6.953125000000000e-01 0.000000000000000e+00
 -8.867187500000000e-01 6.992187500000000e-01 0.000000000000000e+00
 -8.867187500000000e-01 7.031250000000000e-01 0.000000000000000e+00
 8.906250000000000e-01 6.953125000000000e-01 0.000000000000000e+00
 8.867187500000000e-01 6.992187500000000e-01 0.000000000000000e+00
 8.867187500000000e-01 7.031250000000000e-01 0.000000000000000e+00
 -6.289062500000000e-01 6.367187500000000e-01 0.000000000000000e+00
 -6.289062500000000e-01 6.328125000000000e-01 0.000000000000000e+00
 6.289062500000000e-01 6.367187500000000e-01 0.000000000000000e+00
 6.289062500000000e-01 6.328125000000000e-01 0.000000000000000e+00
 -4.062500000000000e-01 5.859375000000000e-01 0.000000000000000e+00
 -4.101562500000000e-01 5.820312500000000e-01 0.000000000000000e+00
 -4.101562500000000e-01 5.781250000000000e-01 0.000000000000000e+00
 4.062500000000000e-01 5.859375000000000e-01 0.000000000000000e+00
 4.101562500000000e-01 5.820312500000000e-01 0.000000000000000e+00
 4.101562500000000e-01 5.781250000000000e-01 0.000000000000000e+00
 -9.296875000000000e-01 6.953125000000000e-01 0.000000000000000e+00
 -9.296875000000000e-01 7.031250000000000e-01 0.000000000000000e+00
 -9.257812500000000e-01 7.070312500000000e-01 0.000000000000000e+00
 -9.257812500000000e-01 7.109375000000000e-01 0.000000000000000e+00
 9.296875000000000e-01 6.953125000000000e-01 0.000000000000000e+00
 9.296875000000000e-01 7.031250000000000e-01 0.000000000000000e+00
 9.257812500000000e-01 7.070312500000000e-01 0.000000000000000e+00
 9.257812500000000e-01 7.109375000000000e-01 0.000000000000000e+00
 -5.234375000000000e-01 5.976562500000000e-01 0.000000000000000e+00
 5.234375000000000e-01 5.976562500000000e-01 0.000000000000000e+00
 -2.109375000000000e-01 5.507812500000000e-01 0.000000000000000e+00
 2.109375000000000e-01 5.507812500000000e-01 0.000000000000000e+00
 -5.468750000000000e-02 5.585937500000000e-01 0.000000000000000e+00
 -1.289062500000000e-01 5.507812500000000e-01 0.000000000000000e+00
 -1.289062500000000e-01 5.546875000000000e-01 0.000000000000000e+00
 -4.453125000000000e-01 5.820312500000000e-01 0.000000000000000e+00
 4.453125000000000e-01 5.820312500000000e-01 0.000000000000000e+00
 1.289062500000000e-01 5.507812500000000e-01 0.000000000000000e+00
 1.289062500000000e-01 5.546875000000000e-01 0.000000000000000e+00
 5.468750000000000e-02 5.585937500000000e-01 0.000000000000000e+00
 -3.593750000000000e-01 5.742187500000000e-01 0.000000000000000e+00
 3.593750000000000e-01 5.742187500000000e-01 0.000000000000000e+00
 -9.531250000000000e-01 7.148437500000000e-01 0.000000000000000e+00
 9.531250000000000e-01 7.148437500000000e-01 0.000000000000000e+00
 -5.351562500000000e-01 6.054687500000000e-01 0.000000000000000e+00
 -5.351562500000000e-01 6.015625000000000e-01 0.000000000000000e+00
 5.351562500000000e-01 6.054687500000000e-01 0.000000000000000e+00
 5.351562500000000e-01 6.015625000000000e-01 0.000000000000000e+00
 -4.609375000000000e-01 6.015625000000000e-01 0.000000000000000e+00
 -4.609375000000000e-01 5.937500000000000e-01 0.000000000000000e+00
 -4.648437500000000e-01 5.898437500000000e-01 0.000000000000000e+00
 -4.648437500000000e-01 5.859375000000000e-01 0.000000000000000e+00
 -7.968750000000000e-01 6.640625000000000e-01 0.000000000000000e+00
 -7.929687500000000e-01 6.679687500000000e-01 0.000000000000000e+00
 -7.929687500000000e-01 6.718750000000000e-01 0.000000000000000e+00
 7.968750000000000e-01 6.640625000000000e-01 0.000000000000000e+00
 7.929687500000000e-01 6.679687500000000e-01 0.000000000000000e+00
 7.929687500000000e-01 6.718750000000000e-01 0.000000000000000e+00
 4.609375000000000e-01 6.015625000000000e-01 0.000000000000000e+00
 4.609375000000000e-01 5.937500000000000e-01 0.000000000000000e+00
 4.648437500000000e-01 5.898437500000000e-01 0.000000000000000e+00
 4.648437500000000e-01 5.859375000000000e-01 0.000000000000000e+00
 -4.687500000000000e-02 5.585937500000000e-01 0.000000000000000e+00
 4.687500000000000e-02 5.585937500000000e-01 0.000000000000000e+00
 -5.000000000000000e-01 6.015625000000000e-01 0.000000000000000e+00
 -5.039062500000000e-01 5.976562500000000e-01 0.000000000000000e+00
 -5.039062500000000e-01 5.937500000000000e-01 0.000000000000000e+00
 5.000000000000000e-01 6.015625000000000e-01 0.000000000000000e+00
 5.039062500000000e-01 5.976562500000000e-01 0.000000000000000e+00
 5.039062500000000e-01 5.937500000000000e-01 0.000000000000000e+00
 -3.515625000000000e-01 5.742187500000000e-01 0.000000000000000e+00
 3.515625000000000e-01 5.742187500000000e-01 0.000000000000000e+00
 -9.062500000000000e-01 7.070312500000000e-01 0.000000000000000e+00
 9.062500000000000e-01 7.070312500000000e-01 0.000000000000000e+00
 -4.023437500000000e-01 5.820312500000000e-01 0.000000000000000e+00
 -4.023437500000000e-01 5.781250000000000e-01 0.000000000000000e+00
 4.023437500000000e-01 5.820312500000000e-01 0.000000000000000e+00
 4.023437500000000e-01 5.781250000000000e-01 0.000000000000000e+00
 -3.906250000000000e-02 5.585937500000000e-01 0.000000000000000e+00
 3.906250000000000e-02 5.585937500000000e-01 0.000000000000000e+00
 -9.609375000000000e-01 7.148437500000000e-01 0.000000000000000e+00
 9.609375000000000e-01 7.148437500000000e-01 0.000000000000000e+00
 -9.335937500000000e-01 7.070312500000000e-01 0.000000000000000e+00
 -9.335937500000000e-01 7.109375000000000e-01 0.000000000000000e+00
 9.335937500000000e-01 7.070312500000000e-01 0.000000000000000e+00
 9.335937500000000e-01 7.109375000000000e-01 0.000000000000000e+00
 -3.125000000000000e-02 5.585937500000000e-01 0.000000000000000e+00
 -6.835937500000000e-01 6.601562500000000e-01 0.000000000000000e+00
 -6.835937500000000e-01 6.562500000000000e-01 0.000000000000000e+00
 6.835937500000000e-01 6.601562500000000e-01 0.000000000000000e+00
 6.835937500000000e-01 6.562500000000000e-01 0.000000000000000e+00
 3.125000000000000e-02 5.585937500000000e-01 0.000000000000000e+00
 -6.171875000000000e-01 6.289062500000000e-01 0.000000000000000e+00
 6.171875000000000e-01 6.289062500000000e-01 0.000000000000000e+00
 -8.750000000000000e-01 6.992187500000000e-01 0.000000000000000e+00
 8.750000000000000e-01 6.992187500000000e-01 0.000000000000000e+00
 -6.562500000000000e-01 6.445312500000000e-01 0.000000000000000e+00
 6.562500000000000e-01 6.445312500000000e-01 0.000000000000000e+00
 -6.054687500000000e-01 6.289062500000000e-01 0.000000000000000e+00
 -6.054687500000000e-01 6.250000000000000e-01 0.000000000000000e+00
 6.054687500000000e-01 6.289062500000000e-01 0.000000000000000e+00
 6.054687500000000e-01 6.250000000000000e-01 0.000000000000000e+00
 -9.375000000000000e-02 4.687500000000000e-01 0.000000000000000e+00
 -9.375000000000000e-02 5.000000000000000e-01 0.000000000000000e+00
 -1.093750000000000e-01 5.156250000000000e-01 0.000000000000000e+00
 -1.093750000000000e-01 5.312500000000000e-01 0.000000000000000e+00
 -1.171875000000000e-01 5.390625000000000e-01 0.000000000000000e+00
 -1.171875000000000e-01 5.468750000000000e-01 0.000000000000000e+00
 -1.210937500000000e-01 5.507812500000000e-01 0.000000000000000e+00
 -1.210937500000000e-01 5.546875000000000e-01 0.000000000000000e+00
 9.375000000000000e-02 4.687500000000000e-01 0.000000000000000e+00
 9.375000000000000e-02 5.000000000000000e-01 0.000000000000000e+00
 1.093750000000000e-01 5.156250000000000e-01 0.000000000000000e+00
 1.093750000000000e-01 5.312500000000000e-01 0.000000000000000e+00
 1.171875000000000e-01 5.390625000000000e-01 0.000000000000000e+00
 1.171875000000000e-01 5.468750000000000e-01 0.000000000000000e+00
 1.210937500000000e-01 5.507812500000000e-01 0.000000000000000e+00
 1.210937500000000e-01 5.546875000000000e-01 0.000000000000000e+00
 -2.343750000000000e-02 5.585937500000000e-01 0.000000000000000e+00
 2.343750000000000e-02 5.585937500000000e-01 0.000000000000000e+00
 -4.843750000000000e-01 5.898437500000000e-01 0.000000000000000e+00
 4.843750000000000e-01 5.898437500000000e-01 0.000000000000000e+00
 -1.562500000000000e-02 5.585937500000000e-01 0.000000000000000e+00
 -5.585937500000000e-01 6.132812500000000e-01 0.000000000000000e+00
 -5.585937500000000e-01 6.093750000000000e-01 0.000000000000000e+00
 5.585937500000000e-01 6.132812500000000e-01 0.000000000000000e+00
 5.585937500000000e-01 6.093750000000000e-01 0.000000000000000e+00
 1.562500000000000e-02 5.585937500000000e-01 0.000000000000000e+00
 -3.437500000000000e-01 5.742187500000000e-01 0.000000000000000e+00
 -8.750000000000000e-01 6.718750000000000e-01 0.000000000000000e+00
 -8.671875000000000e-01 6.796875000000000e-01 0.000000000000000e+00
 -8.671875000000000e-01 6.875000000000000e-01 0.000000000000000e+00
 -8.632812500000000e-01 6.914062500000000e-01 0.000000000000000e+00
 -8.632812500000000e-01 6.953125000000000e-01 0.000000000000000e+00
 8.750000000000000e-01 6.718750000000000e-01 0.000000000000000e+00
 8.671875000000000e-01 6.796875000000000e-01 0.000000000000000e+00
 8.671875000000000e-01 6.875000000000000e-01 0.000000000000000e+00
 8.632812500000000e-01 6.914062500000000e-01 0.000000000000000e+00
 8.632812500000000e-01 6.953125000000000e-01 0.000000000000000e+00
 3.437500000000000e-01 5.742187500000000e-01 0.000000000000000e+00
 0.000000000000000e+00 5.585937500000000e-01 0.000000000000000e+00
 -4.375000000000000e-01 5.820312500000000e-01 0.000000000000000e+00
 4.375000000000000e-01 5.820312500000000e-01 0.000000000000000e+00
 -5.468750000000000e-01 6.054687500000000e-01 0.000000000000000e+00
 -9.687500000000000e-01 7.148437500000000e-01 0.000000000000000e+00
 9.687500000000000e-01 7.148437500000000e-01 0.000000000000000e+00
 5.468750000000000e-01 6.054687500000000e-01 0.000000000000000e+00
 -7.812500000000000e-03 5.585937500000000e-01 0.000000000000000e+00
 7.812500000000000e-03 5.585937500000000e-01 0.000000000000000e+00
 -8.945312500000000e-01 6.992187500000000e-01 0.000000000000000e+00
 -8.945312500000000e-01 7.031250000000000e-01 0.000000000000000e+00
 8.945312500000000e-01 6.992187500000000e-01 0.000000000000000e+00
 8.945312500000000e-01 7.031250000000000e-01 0.000000000000000e+00
 -5.820312500000000e-01 6.210937500000000e-01 0.000000000000000e+00
 -5.820312500000000e-01 6.171875000000000e-01 0.000000000000000e+00
 5.820312500000000e-01 6.210937500000000e-01 0.000000000000000e+00
 5.820312500000000e-01 6.171875000000000e-01 0.000000000000000e+00
 -3.359375000000000e-01 5.742187500000000e-01 0.000000000000000e+00
 3.359375000000000e-01 5.742187500000000e-01 0.000000000000000e+00
 -4.570312500000000e-01 5.898437500000000e-01 0.000000000000000e+00
 -4.570312500000000e-01 5.859375000000000e-01 0.000000000000000e+00
 4.570312500000000e-01 5.898437500000000e-01 0.000000000000000e+00
 4.570312500000000e-01 5.859375000000000e-01 0.000000000000000e+00
 -5.937500000000000e-01 6.210937500000000e-01 0.000000000000000e+00
 -9.765625000000000e-01 7.148437500000000e-01 0.000000000000000e+00
 9.765625000000000e-01 7.148437500000000e-01 0.000000000000000e+00
 5.937500000000000e-01 6.210937500000000e-01 0.000000000000000e+00
 -7.382812500000000e-01 6.835937500000000e-01 0.000000000000000e+00
 -7.382812500000000e-01 6.796875000000000e-01 0.000000000000000e+00
 7.382812500000000e-01 6.835937500000000e-01 0.000000000000000e+00
 7.382812500000000e-01 6.796875000000000e-01 0.000000000000000e+00
 -1.132812500000000e-01 5.507812500000000e-01 0.000000000000000e+00
 -1.132812500000000e-01 5.546875000000000e-01 0.000000000000000e+00
 -5.703125000000000e-01 6.132812500000000e-01 0.000000000000000e+00
 -9.531250000000000e-01 6.718750000000000e-01 0.000000000000000e+00
 -9.531250000000000e-01 6.875000000000000e-01 0.000000000000000e+00
 -9.453125000000000e-01 6.953125000000000e-01 0.000000000000000e+00
 -9.453125000000000e-01 7.031250000000000e-01 0.000000000000000e+00
 -9.414062500000000e-01 7.070312500000000e-01 0.000000000000000e+00
 -9.414062500000000e-01 7.109375000000000e-01 0.000000000000000e+00
 9.531250000000000e-01 6.718750000000000e-01 0.000000000000000e+00
 9.531250000000000e-01 6.875000000000000e-01 0.000000000000000e+00
 9.453125000000000e-01 6.953125000000000e-01 0.000000000000000e+00
 9.453125000000000e-01 7.031250000000000e-01 0.000000000000000e+00
 9.414062500000000e-01 7.070312500000000e-01 0.000000000000000e+00
 9.414062500000000e-01 7.109375000000000e-01 0.000000000000000e+00
 5.703125000000000e-01 6.132812500000000e-01 0.000000000000000e+00
 1.132812500000000e-01 5.507812500000000e-01 0.000000000000000e+00
 1.132812500000000e-01 5.546875000000000e-01 0.000000000000000e+00
 -5.156250000000000e-01 5.976562500000000e-01 0.000000000000000e+00
 5.156250000000000e-01 5.976562500000000e-01 0.000000000000000e+00
 -6.406250000000000e-01 6.484375000000000e-01 0.000000000000000e+00
 -6.445312500000000e-01 6.445312500000000e-01 0.000000000000000e+00
 -6.445312500000000e-01 6.406250000000000e-01 0.000000000000000e+00
 6.406250000000000e-01 6.484375000000000e-01 0.000000000000000e+00
 6.445312500000000e-01 6.445312500000000e-01 0.000000000000000e+00
 6.445312500000000e-01 6.406250000000000e-01 0.000000000000000e+00
 -7.109375000000000e-01 6.679687500000000e-01 0.000000000000000e+00
 7.109375000000000e-01 6.679687500000000e-01 0.000000000000000e+00
 -9.140625000000000e-01 7.070312500000000e-01 0.000000000000000e+00
 9.140625000000000e-01 7.070312500000000e-01 0.000000000000000e+00
 -3.906250000000000e-01 5.859375000000000e-01 0.000000000000000e+00
 -3.945312500000000e-01 5.820312500000000e-01 0.000000000000000e+00
 -3.945312500000000e-01 5.781250000000000e-01 0.000000000000000e+00
 -9.843750000000000e-01 7.148437500000000e-01 0.000000000000000e+00
 9.843750000000000e-01 7.148437500000000e-01 0.000000000000000e+00
 3.906250000000000e-01 5.859375000000000e-01 0.000000000000000e+00
 3.945312500000000e-01 5.820312500000000e-01 0.000000000000000e+00
 3.945312500000000e-01 5.781250000000000e-01 0.000000000000000e+00
 -4.960937500000000e-01 5.976562500000000e-01 0.000000000000000e+00
 -4.960937500000000e-01 5.937500000000000e-01 0.000000000000000e+00
 4.960937500000000e-01 5.976562500000000e-01 0.000000000000000e+00
 4.960937500000000e-01 5.937500000000000e-01 0.000000000000000e+00
 -3.203125000000000e-01 5.742187500000000e-01 0.000000000000000e+00
 -3.281250000000000e-01 5.742187500000000e-01 0.000000000000000e+00
 -1.000000000000000e+00 7.148437500000000e-01 0.000000000000000e+00
 1.000000000000000e+00 7.148437500000000e-01 0.000000000000000e+00
 -9.921875000000000e-01 7.148437500000000e-01 0.000000000000000e+00
 9.921875000000000e-01 7.148437500000000e-01 0.000000000000000e+00
 3.281250000000000e-01 5.742187500000000e-01 0.000000000000000e+00
 3.203125000000000e-01 5.742187500000000e-01 0.000000000000000e+00
 -3.046875000000000e-01 5.742187500000000e-01 0.000000000000000e+00
 -2.031250000000000e-01 5.507812500000000e-01 0.000000000000000e+00
 2.031250000000000e-01 5.507812500000000e-01 0.000000000000000e+00
 3.046875000000000e-01 5.742187500000000e-01 0.000000000000000e+00
 -5.000000000000000e-01 6.562500000000000e-01 0.000000000000000e+00
 -5.156250000000000e-01 6.406250000000000e-01 0.000000000000000e+00
 -5.156250000000000e-01 6.250000000000000e-01 0.000000000000000e+00
 -5.234375000000000e-01 6.171875000000000e-01 0.000000000000000e+00
 -5.234375000000000e-01 6.093750000000000e-01 0.000000000000000e+00
 -5.273437500000000e-01 6.054687500000000e-01 0.000000000000000e+00
 -5.273437500000000e-01 6.015625000000000e-01 0.000000000000000e+00
 5.000000000000000e-01 6.562500000000000e-01 0.000000000000000e+00
 5.156250000000000e-01 6.406250000000000e-01 0.000000000000000e+00
 5.156250000000000e-01 6.250000000000000e-01 0.000000000000000e+00
 5.234375000000000e-01 6.171875000000000e-01 0.000000000000000e+00
 5.234375000000000e-01 6.093750000000000e-01 0.000000000000000e+00
 5.273437500000000e-01 6.054687500000000e-01 0.000000000000000e+00
 5.273437500000000e-01 6.015625000000000e-01 0.000000000000000e+00
 -8.750000000000000e-01 5.625000000000000e-01 0.000000000000000e+00
 -8.437500000000000e-01 5.937500000000000e-01 0.000000000000000e+00
 -8.437500000000000e-01 6.250000000000000e-01 0.000000000000000e+00
 -8.281250000000000e-01 6.406250000000000e-01 0.000000000000000e+00
 -8.281250000000000e-01 6.562500000000000e-01 0.000000000000000e+00
 -8.203125000000000e-01 6.640625000000000e-01 0.000000000000000e+00
 -8.203125000000000e-01 6.718750000000000e-01 0.000000000000000e+00
 -8.164062500000000e-01 6.757812500000000e-01 0.000000000000000e+00
 -8.164062500000000e-01 6.796875000000000e-01 0.000000000000000e+00
 8.750000000000000e-01 5.625000000000000e-01 0.000000000000000e+00
 8.437500000000000e-01 5.937500000000000e-01 0.000000000000000e+00
 8.437500000000000e-01 6.250000000000000e-01 0.000000000000000e+00
 8.281250000000000e-01 6.406250000000000e-01 0.000000000000000e+00
 8.281250000000000e-01 6.562500000000000e-01 0.000000000000000e+00
 8.203125000000000e-01 6.640625000000000e-01 0.000000000000000e+00
 8.203125000000000e-01 6.718750000000000e-01 0.000000000000000e+00
 8.164062500000000e-01 6.757812500000000e-01 0.000000000000000e+00
 8.164062500000000e-01 6.796875000000000e-01 0.000000000000000e+00
 -3.125000000000000e-01 5.742187500000000e-01 0.000000000000000e+00
 3.125000000000000e-01 5.742187500000000e-01 0.000000000000000e+00
 -1.015625000000000e-01 5.390625000000000e-01 0.000000000000000e+00
 -1.015625000000000e-01 5.468750000000000e-01 0.000000000000000e+00
 -1.054687500000000e-01 5.507812500000000e-01 0.000000000000000e+00
 -1.054687500000000e-01 5.546875000000000e-01 0.000000000000000e+00
 1.015625000000000e-01 5.390625000000000e-01 0.000000000000000e+00
 1.015625000000000e-01 5.468750000000000e-01 0.000000000000000e+00
 1.054687500000000e-01 5.507812500000000e-01 0.000000000000000e+00
 1.054687500000000e-01 5.546875000000000e-01 0.000000000000000e+00
 -9.492187500000000e-01 7.070312500000000e-01 0.000000000000000e+00
 -9.492187500000000e-01 7.109375000000000e-01 0.000000000000000e+00
 9.492187500000000e-01 7.070312500000000e-01 0.000000000000000e+00
 9.492187500000000e-01 7.109375000000000e-01 0.000000000000000e+00
 -8.515625000000000e-01 6.914062500000000e-01 0.000000000000000e+00
 8.515625000000000e-01 6.914062500000000e-01 0.000000000000000e+00
 -8.437500000000000e-01 6.796875000000000e-01 0.000000000000000e+00
 -8.398437500000000e-01 6.835937500000000e-01 0.000000000000000e+00
 -8.398437500000000e-01 6.875000000000000e-01 0.000000000000000e+00
 8.437500000000000e-01 6.796875000000000e-01 0.000000000000000e+00
 8.398437500000000e-01 6.835937500000000e-01 0.000000000000000e+00
 8.398437500000000e-01 6.875000000000000e-01 0.000000000000000e+00
 -8.046875000000000e-01 6.757812500000000e-01 0.000000000000000e+00
 8.046875000000000e-01 6.757812500000000e-01 0.000000000000000e+00
 -3.867187500000000e-01 5.820312500000000e-01 0.000000000000000e+00
 -3.867187500000000e-01 5.781250000000000e-01 0.000000000000000e+00
 3.867187500000000e-01 5.820312500000000e-01 0.000000000000000e+00
 3.867187500000000e-01 5.781250000000000e-01 0.000000000000000e+00
 -4.296875000000000e-01 5.820312500000000e-01 0.000000000000000e+00
 4.296875000000000e-01 5.820312500000000e-01 0.000000000000000e+00
 -9.765625000000000e-02 5.507812500000000e-01 0.000000000000000e+00
 -9.765625000000000e-02 5.546875000000000e-01 0.000000000000000e+00
 9.765625000000000e-02 5.507812500000000e-01 0.000000000000000e+00
 9.765625000000000e-02 5.546875000000000e-01 0.000000000000000e+00
 -4.765625000000000e-01 5.898437500000000e-01 0.000000000000000e+00
 4.765625000000000e-01 5.898437500000000e-01 0.000000000000000e+00
 -6.328125000000000e-01 6.367187500000000e-01 0.000000000000000e+00
 6.328125000000000e-01 6.367187500000000e-01 0.000000000000000e+00
 -9.609375000000000e-01 6.953125000000000e-01 0.000000000000000e+00
 -9.609375000000000e-01 7.031250000000000e-01 0.000000000000000e+00
 -9.570312500000000e-01 7.070312500000000e-01 0.000000000000000e+00
 -9.570312500000000e-01 7.109375000000000e-01 0.000000000000000e+00
 9.609375000000000e-01 6.953125000000000e-01 0.000000000000000e+00
 9.609375000000000e-01 7.031250000000000e-01 0.000000000000000e+00
 9.570312500000000e-01 7.070312500000000e-01 0.000000000000000e+00
 9.570312500000000e-01 7.109375000000000e-01 0.000000000000000e+00
 -8.828125000000000e-01 6.992187500000000e-01 0.000000000000000e+00
 -9.062500000000000e-01 6.953125000000000e-01 0.000000000000000e+00
 -9.023437500000000e-01 6.992187500000000e-01 0.000000000000000e+00
 -9.023437500000000e-01 7.031250000000000e-01 0.000000000000000e+00
 9.062500000000000e-01 6.953125000000000e-01 0.000000000000000e+00
 9.023437500000000e-01 6.992187500000000e-01 0.000000000000000e+00
 9.023437500000000e-01 7.031250000000000e-01 0.000000000000000e+00
 8.828125000000000e-01 6.992187500000000e-01 0.000000000000000e+00
 -8.281250000000000e-01 6.835937500000000e-01 0.000000000000000e+00
 -9.218750000000000e-01 7.070312500000000e-01 0.000000000000000e+00
 9.218750000000000e-01 7.070312500000000e-01 0.000000000000000e+00
 8.281250000000000e-01 6.835937500000000e-01 0.000000000000000e+00
 -1.953125000000000e-01 5.507812500000000e-01 0.000000000000000e+00
 1.953125000000000e-01 5.507812500000000e-01 0.000000000000000e+00
 -7.812500000000000e-02 5.156250000000000e-01 0.000000000000000e+00
 -7.812500000000000e-02 5.312500000000000e-01 0.000000000000000e+00
 -8.593750000000000e-02 5.390625000000000e-01 0.000000000000000e+00
 -8.593750000000000e-02 5.468750000000000e-01 0.000000000000000e+00
 -8.984375000000000e-02 5.507812500000000e-01 0.000000000000000e+00
 -8.984375000000000e-02 5.546875000000000e-01 0.000000000000000e+00
 -5.000000000000000e-01 8.750000000000000e-01 0.000000000000000e+00
 -5.625000000000000e-01 8.125000000000000e-01 0.000000000000000e+00
 -5.625000000000000e-01 7.500000000000000e-01 0.000000000000000e+00
 -5.937500000000000e-01 7.187500000000000e-01 0.000000000000000e+00
 -5.937500000000000e-01 6.875000000000000e-01 0.000000000000000e+00
 -6.093750000000000e-01 6.718750000000000e-01 0.000000000000000e+00
 -6.093750000000000e-01 6.562500000000000e-01 0.000000000000000e+00
 -6.171875000000000e-01 6.484375000000000e-01 0.000000000000000e+00
 -6.171875000000000e-01 6.406250000000000e-01 0.000000000000000e+00
 -6.210937500000000e-01 6.367187500000000e-01 0.000000000000000e+00
 -6.210937500000000e-01 6.328125000000000e-01 0.000000000000000e+00
 5.000000000000000e-01 8.750000000000000e-01 0.000000000000000e+00
 5.625000000000000e-01 8.125000000000000e-01 0.000000000000000e+00
 5.625000000000000e-01 7.500000000000000e-01 0.000000000000000e+00
 5.937500000000000e-01 7.187500000000000e-01 0.000000000000000e+00
 5.937500000000000e-01 6.875000000000000e-01 0.000000000000000e+00
 6.093750000000000e-01 6.718750000000000e-01 0.000000000000000e+00
 6.093750000000000e-01 6.562500000000000e-01 0.000000000000000e+00
 6.171875000000000e-01 6.484375000000000e-01 0.000000000000000e+00
 6.171875000000000e-01 6.406250000000000e-01 0.000000000000000e+00
 6.210937500000000e-01 6.367187500000000e-01 0.000000000000000e+00
 6.210937500000000e-01 6.328125000000000e-01 0.000000000000000e+00
 7.812500000000000e-02 5.156250000000000e-01 0.000000000000000e+00
 7.812500000000000e-02 5.312500000000000e-01 0.000000000000000e+00
 8.593750000000000e-02 5.390625000000000e-01 0.000000000000000e+00
 8.593750000000000e-02 5.468750000000000e-01 0.000000000000000e+00
 8.984375000000000e-02 5.507812500000000e-01 0.000000000000000e+00
 8.984375000000000e-02 5.546875000000000e-01 0.000000000000000e+00
 -6.718750000000000e-01 6.523437500000000e-01 0.000000000000000e+00
 6.718750000000000e-01 6.523437500000000e-01 0.000000000000000e+00
 -4.375000000000000e-01 6.093750000000000e-01 0.000000000000000e+00
 -4.453125000000000e-01 6.015625000000000e-01 0.000000000000000e+00
 -4.453125000000000e-01 5.937500000000000e-01 0.000000000000000e+00
 -4.492187500000000e-01 5.898437500000000e-01 0.000000000000000e+00
 -4.492187500000000e-01 5.859375000000000e-01 0.000000000000000e+00
 4.375000000000000e-01 6.093750000000000e-01 0.000000000000000e+00
 4.453125000000000e-01 6.015625000000000e-01 0.000000000000000e+00
 4.453125000000000e-01 5.937500000000000e-01 0.000000000000000e+00
 4.492187500000000e-01 5.898437500000000e-01 0.000000000000000e+00
 4.492187500000000e-01 5.859375000000000e-01 0.000000000000000e+00
 -8.203125000000000e-02 5.507812500000000e-01 0.000000000000000e+00
 -8.203125000000000e-02 5.546875000000000e-01 0.000000000000000e+00
 -5.390625000000000e-01 6.054687500000000e-01 0.000000000000000e+00
 5.390625000000000e-01 6.054687500000000e-01 0.000000000000000e+00
 8.203125000000000e-02 5.507812500000000e-01 0.000000000000000e+00
 8.203125000000000e-02 5.546875000000000e-01 0.000000000000000e+00
 -9.648437500000000e-01 7.070312500000000e-01 0.000000000000000e+00
 -9.648437500000000e-01 7.109375000000000e-01 0.000000000000000e+00
 9.648437500000000e-01 7.070312500000000e-01 0.000000000000000e+00
 9.648437500000000e-01 7.109375000000000e-01 0.000000000000000e+00
 -6.953125000000000e-01 6.796875000000000e-01 0.000000000000000e+00
 -6.953125000000000e-01 6.718750000000000e-01 0.000000000000000e+00
 -6.992187500000000e-01 6.679687500000000e-01 0.000000000000000e+00
 -6.992187500000000e-01 6.640625000000000e-01 0.000000000000000e+00
 6.953125000000000e-01 6.796875000000000e-01 0.000000000000000e+00
 6.953125000000000e-01 6.718750000000000e-01 0.000000000000000e+00
 6.992187500000000e-01 6.679687500000000e-01 0.000000000000000e+00
 6.992187500000000e-01 6.640625000000000e-01 0.000000000000000e+00
 -8.710937500000000e-01 6.914062500000000e-01 0.000000000000000e+00
 -8.710937500000000e-01 6.953125000000000e-01 0.000000000000000e+00
 8.710937500000000e-01 6.914062500000000e-01 0.000000000000000e+00
 8.710937500000000e-01 6.953125000000000e-01 0.000000000000000e+00
 -5.468750000000000e-01 6.171875000000000e-01 0.000000000000000e+00
 -5.507812500000000e-01 6.132812500000000e-01 0.000000000000000e+00
 -5.507812500000000e-01 6.093750000000000e-01 0.000000000000000e+00
 5.468750000000000e-01 6.171875000000000e-01 0.000000000000000e+00
 5.507812500000000e-01 6.132812500000000e-01 0.000000000000000e+00
 5.507812500000000e-01 6.093750000000000e-01 0.000000000000000e+00
 -3.750000000000000e-01 5.859375000000000e-01 0.000000000000000e+00
 -3.789062500000000e-01 5.820312500000000e-01 0.000000000000000e+00
 -3.789062500000000e-01 5.781250000000000e-01 0.000000000000000e+00
 3.750000000000000e-01 5.859375000000000e-01 0.000000000000000e+00
 3.789062500000000e-01 5.820312500000000e-01 0.000000000000000e+00
 3.789062500000000e-01 5.781250000000000e-01 0.000000000000000e+00
 -5.078125000000000e-01 5.976562500000000e-01 0.000000000000000e+00
 5.078125000000000e-01 5.976562500000000e-01 0.000000000000000e+00
 -7.031250000000000e-02 5.390625000000000e-01 0.000000000000000e+00
 -7.031250000000000e-02 5.468750000000000e-01 0.000000000000000e+00
 -7.421875000000000e-02 5.507812500000000e-01 0.000000000000000e+00
 -7.421875000000000e-02 5.546875000000000e-01 0.000000000000000e+00
 -4.218750000000000e-01 5.820312500000000e-01 0.000000000000000e+00
 4.218750000000000e-01 5.820312500000000e-01 0.000000000000000e+00
 7.031250000000000e-02 5.390625000000000e-01 0.000000000000000e+00
 7.031250000000000e-02 5.468750000000000e-01 0.000000000000000e+00
 7.421875000000000e-02 5.507812500000000e-01 0.000000000000000e+00
 7.421875000000000e-02 5.546875000000000e-01 0.000000000000000e+00
 -6.601562500000000e-01 6.523437500000000e-01 0.000000000000000e+00
 -6.601562500000000e-01 6.484375000000000e-01 0.000000000000000e+00
 -1.000000000000000e+00 6.562500000000000e-01 0.000000000000000e+00
 1.000000000000000e+00 6.562500000000000e-01 0.000000000000000e+00
 -9.843750000000000e-01 6.718750000000000e-01 0.000000000000000e+00
 -9.843750000000000e-01 6.875000000000000e-01 0.000000000000000e+00
 -9.765625000000000e-01 6.953125000000000e-01 0.000000000000000e+00
 -9.765625000000000e-01 7.031250000000000e-01 0.000000000000000e+00
 -9.726562500000000e-01 7.070312500000000e-01 0.000000000000000e+00
 -9.726562500000000e-01 7.109375000000000e-01 0.000000000000000e+00
 9.843750000000000e-01 6.718750000000000e-01 0.000000000000000e+00
 9.843750000000000e-01 6.875000000000000e-01 0.000000000000000e+00
 9.765625000000000e-01 6.953125000000000e-01 0.000000000000000e+00
 9.765625000000000e-01 7.031250000000000e-01 0.000000000000000e+00
 9.726562500000000e-01 7.070312500000000e-01 0.000000000000000e+00
 9.726562500000000e-01 7.109375000000000e-01 0.000000000000000e+00
 6.601562500000000e-01 6.523437500000000e-01 0.000000000000000e+00
 6.601562500000000e-01 6.484375000000000e-01 0.000000000000000e+00
 -4.843750000000000e-01 6.015625000000000e-01 0.000000000000000e+00
 -4.882812500000000e-01 5.976562500000000e-01 0.000000000000000e+00
 -4.882812500000000e-01 5.937500000000000e-01 0.000000000000000e+00
 4.843750000000000e-01 6.015625000000000e-01 0.000000000000000e+00
 4.882812500000000e-01 5.976562500000000e-01 0.000000000000000e+00
 4.882812500000000e-01 5.937500000000000e-01 0.000000000000000e+00
 -6.640625000000000e-02 5.507812500000000e-01 0.000000000000000e+00
 -6.640625000000000e-02 5.546875000000000e-01 0.000000000000000e+00
 6.640625000000000e-02 5.507812500000000e-01 0.000000000000000e+00
 6.640625000000000e-02 5.546875000000000e-01 0.000000000000000e+00
 -9.296875000000000e-01 7.070312500000000e-01 0.000000000000000e+00
 9.296875000000000e-01 7.070312500000000e-01 0.000000000000000e+00
 -5.625000000000000e-01 6.406250000000000e-01 0.000000000000000e+00
 -5.703125000000000e-01 6.328125000000000e-01 0.000000000000000e+00
 -5.703125000000000e-01 6.250000000000000e-01 0.000000000000000e+00
 -5.742187500000000e-01 6.210937500000000e-01 0.000000000000000e+00
 -5.742187500000000e-01 6.171875000000000e-01 0.000000000000000e+00
 -6.093750000000000e-01 6.289062500000000e-01 0.000000000000000e+00
 6.093750000000000e-01 6.289062500000000e-01 0.000000000000000e+00
 5.625000000000000e-01 6.406250000000000e-01 0.000000000000000e+00
 5.703125000000000e-01 6.328125000000000e-01 0.000000000000000e+00
 5.703125000000000e-01 6.250000000000000e-01 0.000000000000000e+00
 5.742187500000000e-01 6.210937500000000e-01 0.000000000000000e+00
 5.742187500000000e-01 6.171875000000000e-01 0.000000000000000e+00
 -5.937500000000000e-01 6.328125000000000e-01 0.000000000000000e+00
 -5.976562500000000e-01 6.289062500000000e-01 0.000000000000000e+00
 -5.976562500000000e-01 6.250000000000000e-01 0.000000000000000e+00
 5.937500000000000e-01 6.328125000000000e-01 0.000000000000000e+00
 5.976562500000000e-01 6.289062500000000e-01 0.000000000000000e+00
 5.976562500000000e-01 6.250000000000000e-01 0.000000000000000e+00
 -9.804687500000000e-01 7.070312500000000e-01 0.000000000000000e+00
 -9.804687500000000e-01 7.109375000000000e-01 0.000000000000000e+00
 9.804687500000000e-01 7.070312500000000e-01 0.000000000000000e+00
 9.804687500000000e-01 7.109375000000000e-01 0.000000000000000e+00
 -9.101562500000000e-01 6.992187500000000e-01 0.000000000000000e+00
 -9.101562500000000e-01 7.031250000000000e-01 0.000000000000000e+00
 9.101562500000000e-01 6.992187500000000e-01 0.000000000000000e+00
 9.101562500000000e-01 7.031250000000000e-01 0.000000000000000e+00
 -3.710937500000000e-01 5.820312500000000e-01 0.000000000000000e+00
 -3.710937500000000e-01 5.781250000000000e-01 0.000000000000000e+00
 3.710937500000000e-01 5.820312500000000e-01 0.000000000000000e+00
 3.710937500000000e-01 5.781250000000000e-01 0.000000000000000e+00
 -5.625000000000000e-01 6.132812500000000e-01 0.000000000000000e+00
 5.625000000000000e-01 6.132812500000000e-01 0.000000000000000e+00
 -5.195312500000000e-01 6.054687500000000e-01 0.000000000000000e+00
 -5.195312500000000e-01 6.015625000000000e-01 0.000000000000000e+00
 5.195312500000000e-01 6.054687500000000e-01 0.000000000000000e+00
 5.195312500000000e-01 6.015625000000000e-01 0.000000000000000e+00
 0.000000000000000e+00 4.375000000000000e-01 0.000000000000000e+00
 -3.125000000000000e-02 4.687500000000000e-01 0.000000000000000e+00
 -3.125000000000000e-02 5.000000000000000e-01 0.000000000000000e+00
 -4.687500000000000e-02 5.156250000000000e-01 0.000000000000000e+00
 -4.687500000000000e-02 5.312500000000000e-01 0.000000000000000e+00
 -5.468750000000000e-02 5.390625000000000e-01 0.000000000000000e+00
 -5.468750000000000e-02 5.468750000000000e-01 0.000000000000000e+00
 -5.859375000000000e-02 5.507812500000000e-01 0.000000000000000e+00
 -5.859375000000000e-02 5.546875000000000e-01 0.000000000000000e+00
 -4.687500000000000e-01 5.898437500000000e-01 0.000000000000000e+00
 4.687500000000000e-01 5.898437500000000e-01 0.000000000000000e+00
 3.125000000000000e-02 4.687500000000000e-01 0.000000000000000e+00
 3.125000000000000e-02 5.000000000000000e-01 0.000000000000000e+00
 4.687500000000000e-02 5.156250000000000e-01 0.000000000000000e+00
 4.687500000000000e-02 5.312500000000000e-01 0.000000000000000e+00
 5.468750000000000e-02 5.390625000000000e-01 0.000000000000000e+00
 5.468750000000000e-02 5.468750000000000e-01 0.000000000000000e+00
 5.859375000000000e-02 5.507812500000000e-01 0.000000000000000e+00
 5.859375000000000e-02 5.546875000000000e-01 0.000000000000000e+00
 -9.921875000000000e-01 6.953125000000000e-01 0.000000000000000e+00
 -9.921875000000000e-01 7.031250000000000e-01 0.000000000000000e+00
 -9.882812500000000e-01 7.070312500000000e-01 0.000000000000000e+00
 -9.882812500000000e-01 7.109375000000000e-01 0.000000000000000e+00
 9.921875000000000e-01 6.953125000000000e-01 0.000000000000000e+00
 9.921875000000000e-01 7.031250000000000e-01 0.000000000000000e+00
 9.882812500000000e-01 7.070312500000000e-01 0.000000000000000e+00
 9.882812500000000e-01 7.109375000000000e-01 0.000000000000000e+00
 -9.960937500000000e-01 7.070312500000000e-01 0.000000000000000e+00
 -9.960937500000000e-01 7.109375000000000e-01 0.000000000000000e+00
 9.960937500000000e-01 7.070312500000000e-01 0.000000000000000e+00
 9.960937500000000e-01 7.109375000000000e-01 0.000000000000000e+00
 -5.859375000000000e-01 6.210937500000000e-01 0.000000000000000e+00
 5.859375000000000e-01 6.210937500000000e-01 0.000000000000000e+00
 -4.414062500000000e-01 5.898437500000000e-01 0.000000000000000e+00
 -4.414062500000000e-01 5.859375000000000e-01 0.000000000000000e+00
 4.414062500000000e-01 5.898437500000000e-01 0.000000000000000e+00
 4.414062500000000e-01 5.859375000000000e-01 0.000000000000000e+00
 -5.078125000000000e-02 5.507812500000000e-01 0.000000000000000e+00
 -5.078125000000000e-02 5.546875000000000e-01 0.000000000000000e+00
 5.078125000000000e-02 5.507812500000000e-01 0.000000000000000e+00
 5.078125000000000e-02 5.546875000000000e-01 0.000000000000000e+00
 -1.875000000000000e-01 5.507812500000000e-01 0.000000000000000e+00
 -8.906250000000000e-01 6.992187500000000e-01 0.000000000000000e+00
 8.906250000000000e-01 6.992187500000000e-01 0.000000000000000e+00
 1.875000000000000e-01 5.507812500000000e-01 0.000000000000000e+00
 -3.906250000000000e-02 5.390625000000000e-01 0.000000000000000e+00
 -3.906250000000000e-02 5.468750000000000e-01 0.000000000000000e+00
 -4.296875000000000e-02 5.507812500000000e-01 0.000000000000000e+00
 -4.296875000000000e-02 5.546875000000000e-01 0.000000000000000e+00
 3.906250000000000e-02 5.390625000000000e-01 0.000000000000000e+00
 3.906250000000000e-02 5.468750000000000e-01 0.000000000000000e+00
 4.296875000000000e-02 5.507812500000000e-01 0.000000000000000e+00
 4.296875000000000e-02 5.546875000000000e-01 0.000000000000000e+00
 -3.515625000000000e-02 5.507812500000000e-01 0.000000000000000e+00
 -3.515625000000000e-02 5.546875000000000e-01 0.000000000000000e+00
 3.515625000000000e-02 5.507812500000000e-01 0.000000000000000e+00
 3.515625000000000e-02 5.546875000000000e-01 0.000000000000000e+00
 -4.140625000000000e-01 5.820312500000000e-01 0.000000000000000e+00
 -9.375000000000000e-01 7.070312500000000e-01 0.000000000000000e+00
 9.375000000000000e-01 7.070312500000000e-01 0.000000000000000e+00
 4.140625000000000e-01 5.820312500000000e-01 0.000000000000000e+00
 -1.562500000000000e-02 5.156250000000000e-01 0.000000000000000e+00
 -1.562500000000000e-02 5.312500000000000e-01 0.000000000000000e+00
 -2.343750000000000e-02 5.390625000000000e-01 0.000000000000000e+00
 -2.343750000000000e-02 5.468750000000000e-01 0.000000000000000e+00
 -2.734375000000000e-02 5.507812500000000e-01 0.000000000000000e+00
 -2.734375000000000e-02 5.546875000000000e-01 0.000000000000000e+00
 1.562500000000000e-02 5.156250000000000e-01 0.000000000000000e+00
 1.562500000000000e-02 5.312500000000000e-01 0.000000000000000e+00
 2.343750000000000e-02 5.390625000000000e-01 0.000000000000000e+00
 2.343750000000000e-02 5.468750000000000e-01 0.000000000000000e+00
 2.734375000000000e-02 5.507812500000000e-01 0.000000000000000e+00
 2.734375000000000e-02 5.546875000000000e-01 0.000000000000000e+00
 -1.953125000000000e-02 5.507812500000000e-01 0.000000000000000e+00
 -1.953125000000000e-02 5.546875000000000e-01 0.000000000000000e+00
 1.953125000000000e-02 5.507812500000000e-01 0.000000000000000e+00
 1.953125000000000e-02 5.546875000000000e-01 0.000000000000000e+00
 -8.593750000000000e-01 6.914062500000000e-01 0.000000000000000e+00
 8.593750000000000e-01 6.914062500000000e-01 0.000000000000000e+00
        </DataArray>
      </Points>
      <Cells>
        <DataArray type="Int32" Name="offsets">
 3
 6
 9
 12
 15
 18
 21
 24
 27
 30
 33
 36
 39
 42
 45
 48
 51
 54
 57
 60
 63
 66
 69
 72
 75
 78
 81
 84
 87
 90
 93
 96
 99
 102
 105
 108
 111
 114
 117
 120
 123
 126
 129
 132
 135
 138
 141
 144
 147
 150
 153
 156
 159
 162
 165
 168
 171
 174
 177
 180
 183
 186
 189
 192
 195
 198
 201
 204
 207
 210
 213
 216
 219
 222
 225
 228
 231
 234
 237
 240
 243
 246
 249
 252
 255
 258
 261
 264
 267
 270
 273
 276
 279
 282
 285
 288
 291
 294
 297
 300
 303
 306
 309
 312
 315
 318
 321
 324
 327
 330
 333
 336
 339
 342
 345
 348
 351
 354
 357
 360
 363
 366
 369
 372
 375
 378
 381
 384
 387
 390
 393
 396
 399
 402
 405
 408
 411
 414
 417
 420
 423
 426
 429
 432
 435
 438
 441
 444
 447
 450
 453
 456
 459
 462
 465
 468
 471
 474
 477
 480
 483
 486
 489
 492
 495
 498
 501
 504
 507
 510
 513
 516
 519
 522
 525
 528
 531
 534
 537
 540
 543
 546
 549
 552
 555
 558
 561
 564
 567
 570
 573
 576
 579
 582
 585
 588
 591
 594
 597
 600
 603
 606
 609
 612
 615
 618
 621
 624
 627
 630
 633
 636
 639
 642
 645
 648
 651
 654
 657
 660
 663
 666
 669
 672
 675
 678
 681
 684
 687
 690
 693
 696
 699
 702
 705
 708
 711
 714
 717
 720
 723
 726
 729
 732
 735
 738
 741
 744
 747
 750
 753
 756
 759
 762
 765
 768
 771
 774
 777
 780
 783
 786
 789
 792
 795
 798
 801
 804
 807
 810
 813
 816
 819
 822
 825
 828
 831
 834
 837
 840
 843
 846
 849
 852
 855
 858
 861
 864
 867
 870
 873
 876
 879
 882
 885
 888
 891
 894
 897
 900
 903
 906
 909
 912
 915
 918
 921
 924
 927
 930
 933
 936
 939
 942
 945
 948
 951
 954
 957
 960
 963
 966
 969
 972
 975
 978
 981
 984
 987
 990
 993
 996
 999
 1002
 1005
 1008
 1011
 1014
 1017
 1020
 1023
 1026
 1029
 1032
 1035
 1038
 1041
 1044
 1047
 1050
 1053
 1056
 1059
 1062
 1065
 1068
 1071
 1074
 1077
 1080
 1083
 1086
 1089
 1092
 1095
 1098
 1101
 1104
 1107
 1110
 1113
 1116
 1119
 1122
 1125
 1128
 1131
 1134
 1137
 1140
 1143
 1146
 1149
 1152
 1155
 1158
 1161
 1164
 1167
 1170
 1173
 1176
 1179
 1182
 1185
 1188
 1191
 1194
 1197
 1200
 1203
 1206
 1209
 1212
 1215
 1218
 1221
 1224
 1227
 1230
 1233
 1236
 1239
 1242
 1245
 1248
 1251
 1254
 1257
 1260
 1263
 1266
 1269
 1272
 1275
 1278
 1281
 1284
 1287
 1290
 1293
 1296
 1299
 1302
 1305
 1308
 1311
 1314
 1317
 1320
 1323
 1326
 1329
 1332
 1335
 1338
 1341
 1344
 1347
 1350
 1353
 1356
 1359
 1362
 1365
 1368
 1371
 1374
 1377
 1380
 1383
 1386
 1389
 1392
 1395
 1398
 1401
 1404
 1407
 1410
 1413
 1416
 1419
 1422
 1425
 1428
 1431
 1434
 1437
 1440
 1443
 1446
 1449
 1452
 1455
 1458
 1461
 1464
 1467
 1470
 1473
 1476
 1479
 1482
 1485
 1488
 1491
 1494
 1497
 1500
 1503
 1506
 1509
 1512
 1515
 1518
 1521
 1524
 1527
 1530
 1533
 1536
 1539
 1542
 1545
 1548
 1551
 1554
 1557
 1560
 1563
 1566
 1569
 1572
 1575
 1578
 1581
 1584
 1587
 1590
 1593
 1596
 1599
 1602
 1605
 1608
 1611
 1614
 1617
 1620
 1623
 1626
 1629
 1632
 1635
 1638
 1641
 1644
 1647
 1650
 1653
 1656
 1659
 1662
 1665
 1668
 1671
 1674
 1677
 1680
 1683
 1686
 1689
 1692
 1695
 1698
 1701
 1704
 1707
 1710
 1713
 1716
 1719
 1722
 1725
 1728
 1731
 1734
 1737
 1740
 1743
 1746
 1749
 1752
 1755
 1758
 1761
 1764
 1767
 1770
 1773
 1776
 1779
 1782
 1785
 1788
 1791
 1794
 1797
 1800
 1803
 1806
 1809
 1812
 1815
 1818
 1821
 1824
 1827
 1830
 1833
 1836
 1839
 1842
 1845
 1848
 1851
 1854
 1857
 1860
 1863
 1866
 1869
 1872
 1875
 1878
 1881
 1884
 1887
 1890
 1893
 1896
 1899
 1902
 1905
 1908
 1911
 1914
 1917
 1920
 1923
 1926
 1929
 1932
 1935
 1938
 1941
 1944
 1947
 1950
 1953
 1956
 1959
 1962
 1965
 1968
 1971
 1974
 1977
 1980
 1983
 1986
 1989
 1992
 1995
 1998
 2001
 2004
 2007
 2010
 2013
 2016
 2019
 2022
 2025
 2028
 2031
 2034
 2037
 2040
 2043
 2046
 2049
 2052
 2055
 2058
 2061
 2064
 2067
 2070
 2073
 2076
 2079
 2082
 2085
 2088
 2091
 2094
 2097
 2100
 2103
 2106
 2109
 2112
 2115
 2118
 2121
 2124
 2127
 2130
 2133
 2136
 2139
 2142
 2145
 2148
 2151
 2154
 2157
 2160
 2163
 2166
 2169
 2172
 2175
 2178
 2181
 2184
 2187
 2190
 2193
 2196
 2199
 2202
 2205
 2208
 2211
 2214
 2217
 2220
 2223
 2226
 2229
 2232
 2235
 2238
 2241
 2244
 2247
 2250
 2253
 2256
 2259
 2262
 2265
 2268
 2271
 2274
 2277
 2280
 2283
 2286
 2289
 2292
 2295
 2298
 2301
 2304
 2307
 2310
 2313
 2316
 2319
 2322
 2325
 2328
 2331
 2334
 2337
 2340
 2343
 2346
 2349
 2352
 2355
 2358
 2361
 2364
 2367
 2370
 2373
 2376
 2379
 2382
 2385
 2388
 2391
 2394
 2397
 2400
 2403
 2406
 2409
 2412
 2415
 2418
 2421
 2424
 2427
 2430
 2433
 2436
 2439
 2442
 2445
 2448
 2451
 2454
 2457
 2460
 2463
 2466
 2469
 2472
 2475
 2478
 2481
 2484
 2487
 2490
 2493
 2496
 2499
 2502
 2505
 2508
 2511
 2514
 2517
 2520
 2523
 2526
 2529
 2532
 2535
 2538
 2541
 2544
 2547
 2550
 2553
 2556
 2559
 2562
 2565
 2568
 2571
 2574
 2577
 2580
 2583
 2586
 2589
 2592
 2595
 2598
 2601
 2604
 2607
 2610
 2613
 2616
 2619
 2622
 2625
 2628
 2631
 2634
 2637
 2640
 2643
 2646
 2649
 2652
 2655
 2658
 2661
 2664
 2667
 2670
 2673
 2676
 2679
 2682
 2685
 2688
 2691
 2694
 2697
 2700
 2703
 2706
 2709
 2712
 2715
 2718
 2721
 2724
 2727
 2730
 2733
 2736
 2739
 2742
 2745
 2748
 2751
 2754
 2757
 2760
 2763
 2766
 2769
 2772
 2775
 2778
 2781
 2784
 2787
 2790
 2793
 2796
 2799
 2802
 2805
 2808
 2811
 2814
 2817
 2820
 2823
 2826
 2829
 2832
 2835
 2838
 2841
 2844
 2847
 2850
 2853
 2856
 2859
 2862
 2865
 2868
 2871
 2874
 2877
 2880
 2883
 2886
 2889
 2892
 2895
 2898
 2901
 2904
 2907
 2910
 2913
 2916
 2919
 2922
 2925
 2928
 2931
 2934
 2937
 2940
 2943
 2946
 2949
 2952
 2955
 2958
 2961
 2964
 2967
 2970
 2973
 2976
 2979
 2982
 2985
 2988
 2991
 2994
 2997
 3000
 3003
 3006
 3009
 3012
 3015
 3018
 3021
 3024
 3027
 3030
 3033
 3036
 3039
 3042
 3045
 3048
 3051
 3054
 3057
 3060
 3063
 3066
 3069
 3072
 3075
 3078
 3081
 3084
 3087
 3090
 3093
 3096
 3099
 3102
 3105
 3108
 3111
 3114
 3117
 3120
 3123
 3126
 3129
 3132
 3135
 3138
 3141
 3144
 3147
 3150
 3153
 3156
 3159
 3162
 3165
 3168
 3171
 3174
 3177
 3180
 3183
 3186
 3189
 3192
 3195
 3198
 3201
 3204
 3207
 3210
 3213
 3216
 3219
 3222
 3225
 3228
 3231
 3234
 3237
 3240
 3243
 3246
 3249
 3252
 3255
 3258
 3261
 3264
 3267
 3270
 3273
 3276
 3279
 3282
 3285
 3288
 3291
 3294
 3297
 3300
 3303
 3306
 3309
 3312
 3315
 3318
 3321
 3324
 3327
 3330
 3333
 3336
 3339
 3342
 3345
 3348
 3351
 3354
 3357
 3360
 3363
 3366
 3369
 3372
 3375
 3378
 3381
 3384
 3387
 3390
 3393
 3396
 3399
 3402
 3405
 3408
 3411
 3414
 3417
 3420
 3423
 3426
 3429
 3432
 3435
 3438
 3441
 3444
 3447
 3450
 3453
 3456
 3459
 3462
 3465
 3468
 3471
 3474
 3477
 3480
 3483
 3486
 3489
 3492
 3495
 3498
 3501
 3504
 3507
 3510
 3513
 3516
 3519
 3522
 3525
 3528
 3531
 3534
 3537
 3540
 3543
 3546
 3549
 3552
 3555
 3558
 3561
 3564
 3567
 3570
 3573
 3576
 3579
 3582
 3585
 3588
 3591
 3594
 3597
 3600
 3603
 3606
 3609
 3612
 3615
 3618
 3621
 3624
 3627
 3630
 3633
 3636
 3639
 3642
 3645
 3648
 3651
 3654
 3657
 3660
 3663
 3666
 3669
 3672
 3675
 3678
 3681
 3684
 3687
 3690
 3693
 3696
 3699
 3702
 3705
 3708
 3711
 3714
 3717
 3720
 3723
 3726
 3729
 3732
 3735
 3738
 3741
 3744
 3747
 3750
 3753
 3756
 3759
 3762
 3765
 3768
 3771
 3774
 3777
 3780
 3783
 3786
 3789
 3792
 3795
 3798
 3801
 3804
 3807
 3810
 3813
 3816
 3819
 3822
 3825
 3828
 3831
 3834
 3837
 3840
 3843
 3846
 3849
 3852
 3855
 3858
 3861
 3864
 3867
 3870
 3873
 3876
 3879
 3882
 3885
 3888
 3891
 3894
 3897
 3900
 3903
 3906
 3909
 3912
 3915
 3918
 3921
 3924
 3927
 3930
 3933
 3936
 3939
 3942
 3945
 3948
 3951
 3954
 3957
 3960
 3963
 3966
 3969
 3972
 3975
 3978
 3981
 3984
 3987
 3990
 3993
 3996
 3999
 4002
 4005
 4008
 4011
 4014
 4017
 4020
 4023
 4026
 4029
 4032
 4035
 4038
 4041
 4044
 4047
 4050
 4053
 4056
 4059
 4062
 4065
 4068
 4071
 4074
 4077
 4080
 4083
 4086
 4089
 4092
 4095
 4098
 4101
 4104
 4107
 4110
 4113
 4116
 4119
 4122
 4125
 4128
 4131
 4134
 4137
 4140
 4143
 4146
 4149
 4152
 4155
 4158
 4161
 4164
 4167
 4170
 4173
 4176
 4179
 4182
 4185
 4188
 4191
 4194
 4197
 4200
 4203
 4206
 4209
 4212
 4215
 4218
 4221
 4224
 4227
 4230
 4233
 4236
 4239
 4242
 4245
 4248
 4251
 4254
 4257
 4260
 4263
 4266
 4269
 4272
 4275
 4278
 4281
 4284
 4287
 4290
 4293
 4296
 4299
 4302
 4305
 4308
 4311
 4314
 4317
 4320
 4323
 4326
 4329
 4332
 4335
 4338
 4341
 4344
 4347
 4350
 4353
 4356
 4359
 4362
 4365
 4368
 4371
 4374
 4377
 4380
 4383
 4386
 4389
 4392
 4395
 4398
 4401
 4404
 4407
 4410
 4413
 4416
 4419
 4422
 4425
 4428
 4431
 4434
 4437
 4440
 4443
 4446
 4449
 4452
 4455
 4458
 4461
 4464
 4467
 4470
 4473
 4476
 4479
 4482
 4485
 4488
 4491
 4494
 4497
 4500
 4503
 4506
 4509
 4512
 4515
 4518
 4521
 4524
 4527
 4530
 4533
 4536
 4539
 4542
 4545
 4548
 4551
 4554
 4557
 4560
 4563
 4566
 4569
 4572
 4575
 4578
 4581
 4584
 4587
 4590
 4593
 4596
 4599
 4602
 4605
 4608
 4611
 4614
 4617
 4620
 4623
 4626
 4629
 4632
 4635
 4638
 4641
 4644
 4647
 4650
 4653
 4656
 4659
 4662
 4665
 4668
 4671
 4674
 4677
 4680
 4683
 4686
 4689
 4692
 4695
 4698
 4701
 4704
 4707
 4710
 4713
 4716
 4719
 4722
 4725
 4728
 4731
 4734
 4737
 4740
 4743
 4746
 4749
 4752
 4755
 4758
 4761
 4764
 4767
 4770
 4773
 4776
 4779
 4782
 4785
 4788
 4791
 4794
 4797
 4800
 4803
 4806
 4809
 4812
 4815
 4818
 4821
 4824
 4827
 4830
 4833
 4836
 4839
 4842
 4845
 4848
 4851
 4854
 4857
 4860
 4863
 4866
 4869
 4872
 4875
 4878
 4881
 4884
 4887
 4890
 4893
 4896
 4899
 4902
 4905
 4908
 4911
 4914
 4917
 4920
 4923
 4926
 4929
 4932
 4935
 4938
 4941
 4944
 4947
 4950
 4953
 4956
 4959
 4962
 4965
 4968
 4971
 4974
 4977
 4980
 4983
 4986
 4989
 4992
 4995
 4998
 5001
 5004
 5007
 5010
 5013
 5016
 5019
 5022
 5025
 5028
 5031
 5034
 5037
 5040
 5043
 5046
 5049
 5052
 5055
 5058
 5061
 5064
 5067
 5070
 5073
 5076
 5079
 5082
 5085
 5088
 5091
 5094
 5097
 5100
 5103
 5106
 5109
 5112
 5115
 5118
 5121
 5124
 5127
 5130
 5133
 5136
 5139
 5142
 5145
 5148
 5151
 5154
 5157
 5160
 5163
 5166
 5169
 5172
 5175
 5178
 5181
 5184
 5187
 5190
 5193
 5196
 5199
 5202
 5205
 5208
 5211
 5214
 5217
 5220
 5223
 5226
 5229
 5232
 5235
 5238
 5241
 5244
 5247
 5250
 5253
 5256
 5259
 5262
 5265
 5268
 5271
 5274
 5277
 5280
 5283
 5286
 5289
 5292
 5295
 5298
 5301
 5304
 5307
 5310
 5313
 5316
 5319
 5322
 5325
 5328
 5331
 5334
 5337
 5340
 5343
 5346
 5349
 5352
 5355
 5358
 5361
 5364
 5367
 5370
 5373
 5376
 5379
 5382
 5385
 5388
 5391
 5394
 5397
 5400
 5403
 5406
 5409
 5412
 5415
 5418
 5421
 5424
 5427
 5430
 5433
 5436
 5439
 5442
 5445
 5448
 5451
 5454
 5457
 5460
 5463
 5466
 5469
 5472
 5475
 5478
 5481
 5484
 5487
 5490
 5493
 5496
 5499
 5502
 5505
 5508
 5511
 5514
 5517
 5520
 5523
 5526
 5529
 5532
 5535
 5538
 5541
 5544
 5547
 5550
 5553
 5556
 5559
 5562
 5565
 5568
 5571
 5574
 5577
 5580
 5583
 5586
 5589
 5592
 5595
 5598
 5601
 5604
 5607
 5610
 5613
 5616
 5619
 5622
 5625
 5628
 5631
 5634
 5637
 5640
 5643
 5646
 5649
 5652
 5655
 5658
 5661
 5664
 5667
 5670
 5673
 5676
 5679
 5682
 5685
 5688
 5691
 5694
 5697
 5700
 5703
 5706
 5709
 5712
 5715
 5718
 5721
 5724
 5727
 5730
 5733
 5736
 5739
 5742
 5745
 5748
 5751
 5754
 5757
 5760
 5763
 5766
 5769
 5772
 5775
 5778
 5781
 5784
 5787
 5790
 5793
 5796
 5799
 5802
 5805
 5808
 5811
 5814
 5817
 5820
 5823
 5826
 5829
 5832
 5835
 5838
 5841
 5844
 5847
 5850
 5853
 5856
 5859
 5862
 5865
 5868
 5871
 5874
 5877
 5880
 5883
 5886
 5889
 5892
 5895
 5898
 5901
 5904
 5907
 5910
 5913
 5916
 5919
 5922
 5925
 5928
 5931
 5934
 5937
 5940
 5943
 5946
 5949
 5952
 5955
 5958
 5961
 5964
 5967
 5970
 5973
 5976
 5979
 5982
 5985
 5988
 5991
 5994
 5997
 6000
 6003
 6006
 6009
 6012
 6015
 6018
 6021
 6024
 6027
 6030
 6033
 6036
 6039
 6042
 6045
 6048
 6051
 6054
 6057
 6060
 6063
 6066
 6069
 6072
 6075
 6078
 6081
 6084
 6087
 6090
 6093
 6096
 6099
 6102
 6105
 6108
 6111
 6114
 6117
 6120
 6123
 6126
 6129
 6132
 6135
 6138
 6141
 6144
 6147
 6150
 6153
 6156
 6159
 6162
 6165
 6168
 6171
 6174
 6177
 6180
 6183
 6186
 6189
 6192
 6195
 6198
 6201
 6204
 6207
 6210
 6213
 6216
 6219
 6222
 6225
 6228
 6231
 6234
 6237
 6240
 6243
 6246
 6249
 6252
 6255
 6258
 6261
 6264
 6267
 6270
 6273
 6276
 6279
 6282
 6285
 6288
 6291
 6294
 6297
 6300
 6303
 6306
 6309
 6312
 6315
 6318
 6321
 6324
 6327
 6330
 6333
 6336
 6339
 6342
 6345
 6348
 6351
 6354
 6357
 6360
 6363
 6366
 6369
 6372
 6375
 6378
 6381
 6384
 6387
 6390
 6393
 6396
 6399
 6402
 6405
 6408
 6411
 6414
 6417
 6420
 6423
 6426
 6429
 6432
 6435
 6438
 6441
 6444
 6447
 6450
 6453
 6456
 6459
 6462
 6465
 6468
 6471
 6474
 6477
 6480
 6483
 6486
 6489
 6492
 6495
 6498
 6501
 6504
 6507
 6510
 6513
 6516
 6519
 6522
 6525
 6528
 6531
 6534
 6537
 6540
 6543
 6546
 6549
 6552
 6555
 6558
 6561
 6564
 6567
 6570
 6573
 6576
 6579
 6582
 6585
 6588
 6591
 6594
 6597
 6600
 6603
 6606
 6609
 6612
 6615
 6618
 6621
 6624
 6627
 6630
 6633
 6636
 6639
 6642
 6645
 6648
 6651
 6654
 6657
 6660
 6663
 6666
 6669
 6672
 6675
 6678
 6681
 6684
 6687
 6690
 6693
 6696
 6699
 6702
 6705
 6708
 6711
 6714
 6717
 6720
 6723
 6726
 6729
 6732
 6735
 6738
 6741
 6744
 6747
 6750
 6753
 6756
 6759
 6762
 6765
 6768
 6771
 6774
 6777
 6780
 6783
 6786
 6789
 6792
 6795
 6798
 6801
 6804
 6807
 6810
 6813
 6816
 6819
 6822
 6825
 6828
 6831
 6834
 6837
 6840
 6843
 6846
 6849
 6852
 6855
 6858
 6861
 6864
 6867
 6870
 6873
 6876
 6879
 6882
 6885
 6888
 6891
 6894
 6897
 6900
 6903
 6906
 6909
 6912
 6915
 6918
 6921
 6924
 6927
 6930
 6933
 6936
 6939
 6942
 6945
 6948
 6951
 6954
 6957
 6960
 6963
 6966
 6969
 6972
 6975
 6978
 6981
 6984
 6987
 6990
 6993
 6996
 6999
 7002
 7005
 7008
 7011
 7014
 7017
 7020
 7023
 7026
 7029
 7032
 7035
 7038
 7041
 7044
 7047
 7050
 7053
 7056
 7059
 7062
 7065
 7068
 7071
 7074
 7077
 7080
 7083
 7086
 7089
 7092
 7095
 7098
 7101
 7104
 7107
 7110
 7113
 7116
 7119
 7122
 7125
 7128
 7131
 7134
 7137
 7140
 7143
 7146
 7149
 7152
 7155
 7158
 7161
 7164
 7167
 7170
 7173
 7176
 7179
 7182
 7185
 7188
 7191
 7194
 7197
 7200
 7203
 7206
 7209
 7212
 7215
 7218
 7221
 7224
 7227
 7230
 7233
 7236
 7239
 7242
 7245
 7248
 7251
 7254
 7257
 7260
 7263
 7266
 7269
 7272
 7275
 7278
 7281
 7284
 7287
 7290
 7293
 7296
 7299
 7302
 7305
 7308
 7311
 7314
 7317
 7320
 7323
 7326
 7329
 7332
 7335
 7338
 7341
 7344
 7347
 7350
 7353
 7356
 7359
 7362
 7365
 7368
 7371
 7374
 7377
 7380
 7383
 7386
 7389
 7392
 7395
 7398
 7401
 7404
 7407
 7410
 7413
 7416
 7419
 7422
 7425
 7428
 7431
 7434
 7437
 7440
 7443
 7446
 7449
 7452
 7455
 7458
 7461
 7464
 7467
 7470
 7473
 7476
 7479
 7482
 7485
 7488
 7491
 7494
 7497
 7500
 7503
 7506
 7509
 7512
 7515
 7518
 7521
 7524
 7527
 7530
 7533
 7536
 7539
 7542
 7545
 7548
 7551
 7554
 7557
 7560
 7563
 7566
 7569
 7572
 7575
 7578
 7581
 7584
 7587
 7590
 7593
 7596
 7599
 7602
 7605
 7608
 7611
 7614
 7617
 7620
 7623
 7626
 7629
 7632
 7635
 7638
 7641
 7644
 7647
 7650
 7653
 7656
 7659
 7662
 7665
 7668
 7671
 7674
 7677
 7680
 7683
 7686
 7689
 7692
 7695
 7698
 7701
 7704
 7707
 7710
 7713
 7716
 7719
 7722
 7725
 7728
 7731
 7734
 7737
 7740
 7743
 7746
 7749
 7752
 7755
 7758
 7761
 7764
 7767
 7770
 7773
 7776
 7779
 7782
 7785
 7788
 7791
 7794
 7797
 7800
 7803
 7806
 7809
 7812
 7815
 7818
 7821
 7824
 7827
 7830
 7833
 7836
 7839
 7842
 7845
 7848
 7851
 7854
 7857
 7860
 7863
 7866
 7869
 7872
 7875
 7878
 7881
 7884
 7887
 7890
 7893
 7896
 7899
 7902
 7905
 7908
 7911
 7914
 7917
 7920
 7923
 7926
 7929
 7932
 7935
 7938
 7941
 7944
 7947
 7950
 7953
 7956
 7959
 7962
 7965
 7968
 7971
 7974
 7977
 7980
 7983
 7986
 7989
 7992
 7995
 7998
 8001
 8004
 8007
 8010
 8013
 8016
 8019
 8022
 8025
 8028
 8031
 8034
 8037
 8040
 8043
 8046
 8049
 8052
 8055
 8058
 8061
 8064
 8067
 8070
 8073
 8076
 8079
 8082
 8085
 8088
 8091
 8094
 8097
 8100
 8103
 8106
 8109
 8112
 8115
 8118
 8121
 8124
 8127
 8130
 8133
 8136
 8139
 8142
 8145
 8148
 8151
 8154
 8157
 8160
 8163
 8166
 8169
 8172
 8175
 8178
 8181
 8184
 8187
 8190
 8193
 8196
 8199
 8202
 8205
 8208
 8211
 8214
 8217
 8220
 8223
 8226
 8229
 8232
 8235
 8238
 8241
 8244
 8247
 8250
 8253
 8256
 8259
 8262
 8265
 8268
 8271
 8274
 8277
 8280
 8283
 8286
 8289
 8292
 8295
 8298
 8301
 8304
 8307
 8310
 8313
 8316
 8319
 8322
 8325
 8328
 8331
 8334
 8337
 8340
 8343
 8346
 8349
 8352
 8355
 8358
 8361
 8364
 8367
 8370
 8373
 8376
 8379
 8382
 8385
 8388
 8391
 8394
 8397
 8400
 8403
 8406
 8409
 8412
 8415
 8418
 8421
 8424
 8427
 8430
 8433
 8436
 8439
 8442
 8445
 8448
 8451
 8454
 8457
 8460
 8463
 8466
 8469
 8472
 8475
 8478
 8481
 8484
 8487
 8490
 8493
 8496
 8499
 8502
 8505
 8508
 8511
 8514
 8517
 8520
 8523
 8526
 8529
 8532
 8535
 8538
 8541
 8544
 8547
 8550
 8553
 8556
 8559
 8562
 8565
 8568
 8571
 8574
 8577
 8580
 8583
 8586
 8589
 8592
 8595
 8598
 8601
 8604
 8607
 8610
 8613
 8616
 8619
 8622
 8625
 8628
 8631
 8634
 8637
 8640
 8643
 8646
 8649
 8652
 8655
 8658
 8661
 8664
 8667
 8670
 8673
 8676
 8679
 8682
 8685
 8688
 8691
 8694
 8697
 8700
 8703
 8706
 8709
 8712
 8715
 8718
 8721
 8724
 8727
 8730
 8733
 8736
 8739
 8742
 8745
 8748
 8751
 8754
 8757
 8760
 8763
 8766
 8769
 8772
 8775
 8778
 8781
 8784
 8787
 8790
 8793
 8796
 8799
 8802
 8805
 8808
 8811
 8814
 8817
 8820
 8823
 8826
 8829
 8832
 8835
 8838
 8841
 8844
 8847
 8850
 8853
 8856
 8859
 8862
 8865
 8868
 8871
 8874
 8877
 8880
 8883
 8886
 8889
 8892
 8895
 8898
 8901
 8904
 8907
 8910
 8913
 8916
 8919
 8922
 8925
 8928
 8931
 8934
 8937
 8940
 8943
 8946
 8949
 8952
 8955
 8958
 8961
 8964
 8967
 8970
 8973
 8976
 8979
 8982
 8985
 8988
 8991
 8994
 8997
 9000
 9003
 9006
 9009
 9012
 9015
 9018
 9021
 9024
 9027
 9030
 9033
 9036
 9039
 9042
 9045
 9048
 9051
 9054
 9057
 9060
 9063
 9066
 9069
 9072
 9075
 9078
 9081
 9084
 9087
 9090
 9093
 9096
 9099
 9102
 9105
 9108
 9111
 9114
 9117
 9120
 9123
 9126
 9129
 9132
 9135
 9138
 9141
 9144
 9147
 9150
 9153
 9156
 9159
 9162
 9165
 9168
 9171
 9174
 9177
 9180
 9183
 9186
 9189
 9192
 9195
 9198
 9201
 9204
 9207
 9210
 9213
 9216
 9219
 9222
 9225
 9228
 9231
 9234
 9237
 9240
 9243
 9246
 9249
 9252
 9255
 9258
 9261
 9264
 9267
 9270
 9273
 9276
 9279
 9282
 9285
 9288
 9291
 9294
 9297
 9300
 9303
 9306
 9309
 9312
 9315
 9318
 9321
 9324
 9327
 9330
 9333
 9336
 9339
 9342
 9345
 9348
 9351
 9354
 9357
 9360
 9363
 9366
 9369
 9372
 9375
 9378
 9381
 9384
 9387
 9390
 9393
 9396
 9399
 9402
 9405
 9408
 9411
 9414
 9417
 9420
 9423
 9426
 9429
 9432
 9435
 9438
 9441
 9444
 9447
 9450
 9453
 9456
 9459
 9462
 9465
 9468
 9471
 9474
 9477
 9480
 9483
 9486
 9489
 9492
 9495
 9498
 9501
 9504
 9507
 9510
 9513
 9516
 9519
 9522
 9525
 9528
 9531
 9534
 9537
 9540
 9543
 9546
 9549
 9552
 9555
 9558
 9561
 9564
 9567
 9570
 9573
 9576
 9579
 9582
 9585
 9588
 9591
 9594
 9597
 9600
 9603
 9606
 9609
 9612
 9615
 9618
 9621
 9624
 9627
 9630
 9633
 9636
 9639
 9642
 9645
 9648
 9651
 9654
 9657
 9660
 9663
 9666
 9669
 9672
 9675
 9678
 9681
 9684
 9687
 9690
 9693
 9696
 9699
 9702
 9705
 9708
 9711
 9714
 9717
 9720
 9723
 9726
 9729
 9732
 9735
 9738
 9741
 9744
 9747
 9750
 9753
 9756
 9759
 9762
 9765
 9768
 9771
 9774
 9777
 9780
 9783
 9786
 9789
 9792
 9795
 9798
 9801
 9804
 9807
 9810
 9813
 9816
 9819
 9822
 9825
 9828
 9831
 9834
 9837
 9840
 9843
 9846
 9849
 9852
 9855
 9858
 9861
 9864
 9867
 9870
 9873
 9876
 9879
 9882
 9885
 9888
 9891
 9894
 9897
 9900
 9903
 9906
 9909
 9912
 9915
 9918
 9921
 9924
 9927
 9930
 9933
 9936
 9939
 9942
 9945
 9948
 9951
 9954
 9957
 9960
 9963
 9966
 9969
 9972
 9975
 9978
 9981
 9984
 9987
 9990
 9993
 9996
 9999
 10002
 10005
 10008
 10011
 10014
 10017
 10020
 10023
 10026
 10029
 10032
 10035
 10038
 10041
 10044
 10047
 10050
 10053
 10056
 10059
 10062
 10065
 10068
 10071
 10074
 10077
 10080
 10083
 10086
 10089
 10092
 10095
 10098
 10101
 10104
 10107
 10110
 10113
 10116
 10119
 10122
 10125
 10128
 10131
 10134
 10137
 10140
 10143
 10146
 10149
 10152
 10155
 10158
 10161
 10164
 10167
 10170
 10173
 10176
 10179
 10182
 10185
 10188
 10191
 10194
 10197
 10200
 10203
 10206
 10209
 10212
 10215
 10218
 10221
 10224
 10227
 10230
 10233
 10236
 10239
 10242
 10245
 10248
 10251
 10254
 10257
 10260
 10263
 10266
 10269
 10272
 10275
 10278
 10281
 10284
 10287
 10290
 10293
 10296
 10299
 10302
 10305
 10308
 10311
 10314
 10317
 10320
 10323
 10326
 10329
 10332
 10335
 10338
 10341
 10344
 10347
 10350
 10353
 10356
 10359
 10362
 10365
 10368
 10371
 10374
 10377
 10380
 10383
 10386
 10389
 10392
 10395
 10398
 10401
 10404
 10407
 10410
 10413
 10416
 10419
 10422
 10425
 10428
 10431
 10434
 10437
 10440
 10443
 10446
 10449
 10452
 10455
 10458
 10461
 10464
 10467
 10470
 10473
 10476
 10479
 10482
 10485
 10488
 10491
 10494
 10497
 10500
 10503
 10506
 10509
 10512
 10515
 10518
 10521
 10524
 10527
 10530
 10533
 10536
 10539
 10542
 10545
 10548
 10551
 10554
 10557
 10560
 10563
 10566
 10569
 10572
 10575
 10578
 10581
 10584
 10587
 10590
 10593
 10596
 10599
 10602
 10605
 10608
 10611
 10614
 10617
 10620
 10623
 10626
 10629
 10632
 10635
 10638
 10641
 10644
 10647
 10650
 10653
 10656
 10659
 10662
 10665
 10668
 10671
 10674
 10677
 10680
 10683
 10686
 10689
 10692
 10695
 10698
 10701
 10704
 10707
 10710
 10713
 10716
 10719
 10722
 10725
 10728
 10731
 10734
 10737
 10740
 10743
 10746
 10749
 10752
 10755
 10758
 10761
 10764
 10767
 10770
 10773
 10776
 10779
 10782
 10785
 10788
 10791
 10794
 10797
 10800
 10803
 10806
 10809
 10812
 10815
 10818
 10821
 10824
 10827
 10830
 10833
 10836
 10839
 10842
 10845
 10848
 10851
 10854
 10857
 10860
 10863
 10866
 10869
 10872
 10875
 10878
 10881
 10884
 10887
 10890
 10893
 10896
 10899
 10902
 10905
 10908
 10911
 10914
 10917
 10920
 10923
 10926
 10929
 10932
 10935
 10938
 10941
 10944
 10947
 10950
 10953
 10956
 10959
 10962
 10965
 10968
 10971
 10974
 10977
 10980
 10983
 10986
 10989
 10992
 10995
 10998
 11001
 11004
 11007
 11010
 11013
 11016
 11019
 11022
 11025
 11028
 11031
 11034
 11037
 11040
 11043
 11046
 11049
 11052
 11055
 11058
 11061
 11064
 11067
 11070
 11073
 11076
 11079
 11082
 11085
 11088
 11091
 11094
 11097
 11100
 11103
 11106
 11109
 11112
 11115
 11118
 11121
 11124
 11127
 11130
 11133
 11136
 11139
 11142
 11145
 11148
 11151
 11154
 11157
 11160
 11163
 11166
 11169
 11172
 11175
 11178
 11181
 11184
 11187
 11190
 11193
 11196
 11199
 11202
 11205
 11208
 11211
 11214
 11217
 11220
 11223
 11226
 11229
 11232
 11235
 11238
 11241
 11244
 11247
 11250
 11253
 11256
 11259
 11262
 11265
 11268
 11271
 11274
 11277
 11280
 11283
 11286
 11289
 11292
 11295
 11298
 11301
 11304
 11307
 11310
 11313
 11316
 11319
 11322
 11325
 11328
 11331
 11334
 11337
 11340
 11343
 11346
 11349
 11352
 11355
 11358
 11361
 11364
 11367
 11370
 11373
 11376
 11379
 11382
 11385
 11388
 11391
 11394
 11397
 11400
 11403
 11406
 11409
 11412
 11415
 11418
 11421
 11424
 11427
 11430
 11433
 11436
 11439
 11442
 11445
 11448
 11451
 11454
 11457
 11460
 11463
 11466
 11469
 11472
 11475
 11478
 11481
 11484
 11487
 11490
 11493
 11496
 11499
 11502
 11505
 11508
 11511
 11514
 11517
 11520
 11523
 11526
 11529
 11532
 11535
 11538
 11541
 11544
 11547
 11550
 11553
 11556
 11559
 11562
 11565
 11568
 11571
 11574
 11577
 11580
 11583
 11586
 11589
 11592
 11595
 11598
 11601
 11604
 11607
 11610
 11613
 11616
 11619
 11622
 11625
 11628
 11631
 11634
 11637
 11640
 11643
 11646
 11649
 11652
 11655
 11658
 11661
 11664
 11667
 11670
 11673
 11676
 11679
 11682
 11685
 11688
 11691
 11694
 11697
 11700
 11703
 11706
 11709
 11712
 11715
 11718
 11721
 11724
 11727
 11730
 11733
 11736
 11739
 11742
 11745
 11748
 11751
 11754
 11757
 11760
 11763
 11766
 11769
 11772
 11775
 11778
 11781
 11784
 11787
 11790
 11793
 11796
 11799
 11802
 11805
 11808
 11811
 11814
 11817
 11820
 11823
 11826
 11829
 11832
 11835
 11838
 11841
 11844
 11847
 11850
 11853
 11856
 11859
 11862
 11865
 11868
 11871
 11874
 11877
 11880
 11883
 11886
 11889
 11892
 11895
 11898
 11901
 11904
 11907
 11910
 11913
 11916
 11919
 11922
 11925
 11928
 11931
 11934
 11937
 11940
 11943
 11946
 11949
 11952
 11955
 11958
 11961
 11964
 11967
 11970
 11973
 11976
 11979
 11982
 11985
 11988
 11991
 11994
 11997
 12000
 12003
 12006
 12009
 12012
 12015
 12018
 12021
 12024
 12027
 12030
 12033
 12036
 12039
 12042
 12045
 12048
 12051
 12054
 12057
 12060
 12063
 12066
 12069
 12072
 12075
 12078
 12081
 12084
 12087
 12090
 12093
 12096
 12099
 12102
 12105
 12108
 12111
 12114
 12117
 12120
 12123
 12126
 12129
 12132
 12135
 12138
 12141
 12144
 12147
 12150
 12153
 12156
 12159
 12162
 12165
 12168
 12171
 12174
 12177
 12180
 12183
 12186
 12189
 12192
 12195
 12198
 12201
 12204
 12207
 12210
 12213
 12216
 12219
 12222
 12225
 12228
 12231
 12234
 12237
 12240
 12243
 12246
 12249
 12252
 12255
 12258
 12261
 12264
 12267
 12270
 12273
 12276
 12279
 12282
 12285
 12288
 12291
 12294
 12297
 12300
 12303
 12306
 12309
 12312
 12315
 12318
 12321
 12324
 12327
 12330
 12333
 12336
 12339
 12342
 12345
 12348
 12351
 12354
 12357
 12360
 12363
 12366
 12369
 12372
 12375
 12378
 12381
 12384
 12387
 12390
 12393
 12396
 12399
 12402
 12405
 12408
 12411
 12414
 12417
 12420
 12423
 12426
 12429
 12432
 12435
 12438
 12441
 12444
 12447
 12450
 12453
 12456
 12459
 12462
 12465
 12468
 12471
 12474
 12477
 12480
 12483
 12486
 12489
 12492
 12495
 12498
 12501
 12504
 12507
 12510
 12513
 12516
 12519
 12522
 12525
 12528
 12531
 12534
 12537
 12540
 12543
 12546
 12549
 12552
 12555
 12558
 12561
 12564
 12567
 12570
 12573
 12576
 12579
 12582
 12585
 12588
 12591
 12594
 12597
 12600
 12603
 12606
 12609
 12612
 12615
 12618
 12621
 12624
 12627
 12630
 12633
 12636
 12639
 12642
 12645
 12648
 12651
 12654
 12657
 12660
 12663
 12666
 12669
 12672
 12675
 12678
 12681
 12684
 12687
 12690
 12693
 12696
 12699
 12702
 12705
 12708
 12711
 12714
 12717
 12720
 12723
 12726
 12729
 12732
 12735
 12738
 12741
 12744
 12747
 12750
 12753
 12756
 12759
 12762
 12765
 12768
 12771
 12774
 12777
 12780
 12783
 12786
 12789
 12792
 12795
 12798
 12801
 12804
 12807
 12810
 12813
 12816
 12819
 12822
 12825
 12828
 12831
 12834
 12837
 12840
 12843
 12846
 12849
 12852
 12855
 12858
 12861
 12864
 12867
 12870
 12873
 12876
 12879
 12882
 12885
 12888
 12891
 12894
 12897
 12900
 12903
 12906
 12909
 12912
 12915
 12918
 12921
 12924
 12927
 12930
 12933
 12936
 12939
 12942
 12945
 12948
 12951
 12954
 12957
 12960
 12963
 12966
 12969
 12972
 12975
 12978
 12981
 12984
 12987
 12990
 12993
 12996
 12999
 13002
 13005
 13008
 13011
 13014
 13017
 13020
 13023
 13026
 13029
 13032
 13035
 13038
 13041
 13044
 13047
 13050
 13053
 13056
 13059
 13062
 13065
 13068
 13071
 13074
 13077
 13080
 13083
 13086
 13089
 13092
 13095
 13098
 13101
 13104
 13107
 13110
 13113
 13116
 13119
 13122
 13125
 13128
 13131
 13134
 13137
 13140
 13143
 13146
 13149
 13152
 13155
 13158
 13161
 13164
 13167
 13170
 13173
 13176
 13179
 13182
 13185
 13188
 13191
 13194
 13197
 13200
 13203
 13206
 13209
 13212
 13215
 13218
 13221
 13224
 13227
 13230
 13233
 13236
 13239
 13242
 13245
 13248
 13251
 13254
 13257
 13260
 13263
 13266
 13269
 13272
 13275
 13278
 13281
 13284
 13287
 13290
 13293
 13296
 13299
 13302
 13305
 13308
 13311
 13314
 13317
 13320
 13323
 13326
 13329
 13332
 13335
 13338
 13341
 13344
 13347
 13350
 13353
 13356
 13359
 13362
 13365
 13368
 13371
 13374
 13377
 13380
 13383
 13386
 13389
 13392
 13395
 13398
 13401
 13404
 13407
 13410
 13413
 13416
 13419
 13422
 13425
 13428
 13431
 13434
 13437
 13440
 13443
 13446
 13449
 13452
 13455
 13458
 13461
 13464
 13467
 13470
 13473
 13476
 13479
 13482
 13485
 13488
 13491
 13494
 13497
 13500
 13503
 13506
 13509
 13512
 13515
 13518
 13521
 13524
 13527
 13530
 13533
 13536
 13539
 13542
 13545
 13548
 13551
 13554
 13557
 13560
 13563
 13566
 13569
 13572
 13575
 13578
 13581
 13584
 13587
 13590
 13593
 13596
 13599
 13602
 13605
 13608
 13611
 13614
 13617
 13620
 13623
 13626
 13629
 13632
 13635
 13638
 13641
 13644
 13647
 13650
 13653
 13656
 13659
 13662
 13665
 13668
 13671
 13674
 13677
 13680
 13683
 13686
 13689
 13692
 13695
 13698
 13701
 13704
 13707
 13710
 13713
 13716
 13719
 13722
 13725
 13728
 13731
 13734
 13737
 13740
 13743
 13746
 13749
 13752
 13755
 13758
 13761
 13764
 13767
 13770
 13773
 13776
 13779
 13782
 13785
 13788
 13791
 13794
 13797
 13800
 13803
 13806
 13809
 13812
 13815
 13818
 13821
 13824
 13827
 13830
 13833
 13836
 13839
 13842
 13845
 13848
 13851
 13854
 13857
 13860
 13863
 13866
 13869
 13872
 13875
 13878
 13881
 13884
 13887
 13890
 13893
 13896
 13899
 13902
 13905
 13908
 13911
 13914
 13917
 13920
 13923
 13926
 13929
 13932
 13935
 13938
 13941
 13944
 13947
 13950
 13953
 13956
 13959
 13962
 13965
 13968
 13971
 13974
 13977
 13980
 13983
 13986
 13989
 13992
 13995
 13998
 14001
 14004
 14007
 14010
 14013
 14016
 14019
 14022
 14025
 14028
 14031
 14034
 14037
 14040
 14043
 14046
 14049
 14052
 14055
 14058
 14061
 14064
 14067
 14070
 14073
 14076
 14079
 14082
 14085
 14088
 14091
 14094
 14097
 14100
 14103
 14106
 14109
 14112
 14115
 14118
 14121
 14124
 14127
 14130
 14133
 14136
 14139
 14142
 14145
 14148
 14151
 14154
 14157
 14160
 14163
 14166
 14169
 14172
 14175
 14178
 14181
 14184
 14187
 14190
 14193
 14196
 14199
 14202
 14205
 14208
 14211
 14214
 14217
 14220
 14223
 14226
 14229
 14232
 14235
 14238
 14241
 14244
 14247
 14250
 14253
 14256
 14259
 14262
 14265
 14268
 14271
 14274
 14277
 14280
 14283
 14286
 14289
 14292
 14295
 14298
 14301
 14304
 14307
 14310
 14313
 14316
 14319
 14322
 14325
 14328
 14331
 14334
 14337
 14340
 14343
 14346
 14349
 14352
 14355
 14358
 14361
 14364
 14367
 14370
 14373
 14376
 14379
 14382
 14385
 14388
 14391
 14394
 14397
 14400
 14403
 14406
 14409
 14412
 14415
 14418
 14421
 14424
 14427
 14430
 14433
 14436
 14439
 14442
 14445
 14448
 14451
 14454
 14457
 14460
 14463
 14466
 14469
 14472
 14475
 14478
 14481
 14484
 14487
 14490
 14493
 14496
 14499
 14502
 14505
 14508
 14511
 14514
 14517
 14520
 14523
 14526
 14529
 14532
 14535
 14538
 14541
 14544
 14547
 14550
 14553
 14556
 14559
 14562
 14565
 14568
 14571
 14574
 14577
 14580
 14583
 14586
 14589
 14592
 14595
 14598
 14601
 14604
 14607
 14610
 14613
 14616
 14619
 14622
 14625
 14628
 14631
 14634
 14637
 14640
 14643
 14646
 14649
 14652
 14655
 14658
 14661
 14664
 14667
 14670
 14673
 14676
 14679
 14682
 14685
 14688
 14691
 14694
 14697
 14700
 14703
 14706
 14709
 14712
 14715
 14718
 14721
 14724
 14727
 14730
 14733
 14736
 14739
 14742
 14745
 14748
 14751
 14754
 14757
 14760
 14763
 14766
 14769
 14772
 14775
 14778
 14781
 14784
 14787
 14790
 14793
 14796
 14799
 14802
 14805
 14808
 14811
 14814
 14817
 14820
 14823
 14826
 14829
 14832
 14835
 14838
 14841
 14844
 14847
 14850
 14853
 14856
 14859
 14862
 14865
 14868
 14871
 14874
 14877
 14880
 14883
 14886
 14889
 14892
 14895
 14898
 14901
 14904
 14907
 14910
 14913
 14916
 14919
 14922
 14925
 14928
 14931
 14934
 14937
 14940
 14943
 14946
 14949
 14952
 14955
 14958
 14961
 14964
 14967
 14970
 14973
 14976
 14979
 14982
 14985
 14988
 14991
 14994
 14997
 15000
 15003
 15006
 15009
 15012
 15015
 15018
 15021
 15024
 15027
 15030
 15033
 15036
 15039
 15042
 15045
 15048
 15051
 15054
 15057
 15060
 15063
 15066
 15069
 15072
 15075
 15078
 15081
 15084
 15087
 15090
 15093
 15096
 15099
 15102
 15105
 15108
 15111
 15114
 15117
 15120
 15123
 15126
 15129
 15132
 15135
 15138
 15141
 15144
 15147
 15150
 15153
 15156
 15159
 15162
 15165
 15168
 15171
 15174
 15177
 15180
 15183
 15186
 15189
 15192
 15195
 15198
 15201
 15204
 15207
 15210
 15213
 15216
 15219
 15222
 15225
 15228
 15231
 15234
 15237
 15240
 15243
 15246
 15249
 15252
 15255
 15258
 15261
 15264
 15267
 15270
 15273
 15276
 15279
 15282
 15285
 15288
 15291
 15294
 15297
 15300
 15303
 15306
 15309
 15312
 15315
 15318
 15321
 15324
 15327
 15330
 15333
 15336
 15339
 15342
 15345
 15348
 15351
 15354
 15357
 15360
 15363
 15366
 15369
 15372
 15375
 15378
 15381
 15384
 15387
 15390
 15393
 15396
 15399
 15402
 15405
 15408
 15411
 15414
 15417
 15420
 15423
 15426
 15429
 15432
 15435
 15438
 15441
 15444
 15447
 15450
 15453
 15456
 15459
 15462
 15465
 15468
 15471
 15474
 15477
 15480
 15483
 15486
 15489
 15492
 15495
 15498
 15501
 15504
 15507
 15510
 15513
 15516
 15519
 15522
 15525
 15528
 15531
 15534
 15537
 15540
 15543
 15546
 15549
 15552
 15555
 15558
 15561
 15564
 15567
 15570
 15573
 15576
 15579
 15582
 15585
 15588
 15591
 15594
 15597
 15600
 15603
 15606
 15609
 15612
 15615
 15618
 15621
 15624
 15627
 15630
 15633
 15636
 15639
 15642
 15645
 15648
 15651
 15654
 15657
 15660
 15663
 15666
 15669
 15672
 15675
 15678
 15681
 15684
 15687
 15690
 15693
 15696
 15699
 15702
 15705
 15708
 15711
 15714
 15717
 15720
 15723
 15726
 15729
 15732
 15735
 15738
 15741
 15744
 15747
 15750
 15753
 15756
 15759
 15762
 15765
 15768
 15771
 15774
 15777
 15780
 15783
 15786
 15789
 15792
 15795
 15798
 15801
 15804
 15807
 15810
 15813
 15816
 15819
 15822
 15825
 15828
 15831
 15834
 15837
 15840
 15843
 15846
 15849
 15852
 15855
 15858
 15861
 15864
 15867
 15870
 15873
 15876
 15879
 15882
 15885
 15888
 15891
 15894
 15897
 15900
 15903
 15906
 15909
 15912
 15915
 15918
 15921
 15924
 15927
 15930
 15933
 15936
 15939
 15942
 15945
 15948
 15951
 15954
 15957
 15960
 15963
 15966
 15969
 15972
 15975
 15978
 15981
 15984
 15987
 15990
 15993
 15996
 15999
 16002
 16005
 16008
 16011
 16014
 16017
 16020
 16023
 16026
 16029
 16032
 16035
 16038
 16041
 16044
 16047
 16050
 16053
 16056
 16059
 16062
 16065
 16068
 16071
 16074
 16077
 16080
 16083
 16086
 16089
 16092
 16095
 16098
 16101
 16104
 16107
 16110
 16113
 16116
 16119
 16122
 16125
 16128
 16131
 16134
 16137
 16140
 16143
 16146
 16149
 16152
 16155
 16158
 16161
 16164
 16167
 16170
 16173
 16176
 16179
 16182
 16185
 16188
 16191
 16194
 16197
 16200
 16203
 16206
 16209
 16212
 16215
 16218
 16221
 16224
 16227
 16230
 16233
 16236
 16239
 16242
 16245
 16248
 16251
 16254
 16257
 16260
 16263
 16266
 16269
 16272
 16275
 16278
 16281
 16284
 16287
 16290
 16293
 16296
 16299
 16302
 16305
 16308
 16311
 16314
 16317
 16320
 16323
 16326
 16329
 16332
 16335
 16338
 16341
 16344
 16347
 16350
 16353
 16356
 16359
 16362
 16365
 16368
 16371
 16374
 16377
 16380
 16383
 16386
 16389
 16392
 16395
 16398
 16401
 16404
 16407
 16410
 16413
 16416
 16419
 16422
 16425
 16428
 16431
 16434
 16437
 16440
 16443
 16446
 16449
 16452
 16455
 16458
 16461
 16464
 16467
 16470
 16473
 16476
 16479
 16482
 16485
 16488
 16491
 16494
 16497
 16500
 16503
 16506
 16509
 16512
 16515
 16518
 16521
 16524
 16527
 16530
 16533
 16536
 16539
 16542
 16545
 16548
 16551
 16554
 16557
 16560
 16563
 16566
 16569
 16572
 16575
 16578
 16581
 16584
 16587
 16590
 16593
 16596
 16599
 16602
 16605
 16608
 16611
 16614
 16617
 16620
 16623
 16626
 16629
 16632
 16635
 16638
 16641
 16644
 16647
 16650
 16653
 16656
 16659
 16662
 16665
 16668
 16671
 16674
 16677
 16680
 16683
 16686
 16689
 16692
 16695
 16698
 16701
 16704
 16707
 16710
 16713
 16716
 16719
 16722
 16725
 16728
 16731
 16734
 16737
 16740
 16743
 16746
 16749
 16752
 16755
 16758
 16761
 16764
 16767
 16770
 16773
 16776
 16779
 16782
 16785
 16788
 16791
 16794
 16797
 16800
 16803
 16806
 16809
 16812
 16815
 16818
 16821
 16824
 16827
 16830
 16833
 16836
 16839
 16842
 16845
 16848
 16851
 16854
 16857
 16860
 16863
 16866
 16869
 16872
 16875
 16878
 16881
 16884
 16887
 16890
 16893
 16896
 16899
 16902
 16905
 16908
 16911
 16914
 16917
 16920
 16923
 16926
 16929
 16932
 16935
 16938
 16941
 16944
 16947
 16950
 16953
 16956
 16959
 16962
 16965
 16968
 16971
 16974
 16977
 16980
 16983
 16986
 16989
 16992
 16995
 16998
 17001
 17004
 17007
 17010
 17013
 17016
 17019
 17022
 17025
 17028
 17031
 17034
 17037
 17040
 17043
 17046
 17049
 17052
 17055
 17058
 17061
 17064
 17067
 17070
 17073
 17076
 17079
 17082
 17085
 17088
 17091
 17094
 17097
 17100
 17103
 17106
 17109
 17112
 17115
 17118
 17121
 17124
 17127
 17130
 17133
 17136
 17139
 17142
 17145
 17148
 17151
 17154
 17157
 17160
 17163
 17166
 17169
 17172
 17175
 17178
 17181
 17184
 17187
 17190
 17193
 17196
 17199
 17202
 17205
 17208
 17211
 17214
 17217
 17220
 17223
 17226
 17229
 17232
 17235
 17238
 17241
 17244
 17247
 17250
 17253
 17256
 17259
 17262
 17265
 17268
 17271
 17274
 17277
 17280
 17283
 17286
 17289
 17292
 17295
 17298
 17301
 17304
 17307
 17310
 17313
 17316
 17319
 17322
 17325
 17328
 17331
 17334
 17337
 17340
 17343
 17346
 17349
 17352
 17355
 17358
 17361
 17364
 17367
 17370
 17373
 17376
 17379
 17382
 17385
 17388
 17391
 17394
 17397
 17400
 17403
 17406
 17409
 17412
 17415
 17418
 17421
 17424
 17427
 17430
 17433
 17436
 17439
 17442
 17445
 17448
 17451
 17454
 17457
 17460
 17463
 17466
 17469
 17472
 17475
 17478
 17481
 17484
 17487
 17490
 17493
 17496
 17499
 17502
 17505
 17508
 17511
 17514
 17517
 17520
 17523
 17526
 17529
 17532
 17535
 17538
 17541
 17544
 17547
 17550
 17553
 17556
 17559
 17562
 17565
 17568
 17571
 17574
 17577
 17580
 17583
 17586
 17589
 17592
 17595
 17598
 17601
 17604
 17607
 17610
 17613
 17616
 17619
 17622
 17625
 17628
 17631
 17634
 17637
 17640
 17643
 17646
 17649
 17652
 17655
 17658
 17661
 17664
 17667
 17670
 17673
 17676
 17679
 17682
 17685
 17688
 17691
 17694
 17697
 17700
 17703
 17706
 17709
 17712
 17715
 17718
 17721
 17724
 17727
 17730
 17733
 17736
 17739
 17742
 17745
 17748
 17751
 17754
 17757
 17760
 17763
 17766
 17769
 17772
 17775
 17778
 17781
 17784
 17787
 17790
 17793
 17796
 17799
 17802
 17805
 17808
 17811
 17814
 17817
 17820
 17823
 17826
 17829
 17832
 17835
 17838
 17841
 17844
 17847
 17850
 17853
 17856
 17859
 17862
 17865
 17868
 17871
 17874
 17877
 17880
 17883
 17886
 17889
 17892
 17895
 17898
 17901
 17904
 17907
 17910
 17913
 17916
 17919
 17922
 17925
 17928
 17931
 17934
 17937
 17940
 17943
 17946
 17949
 17952
 17955
 17958
 17961
 17964
 17967
 17970
 17973
 17976
 17979
 17982
 17985
 17988
 17991
 17994
 17997
 18000
 18003
 18006
 18009
 18012
 18015
 18018
 18021
 18024
 18027
 18030
 18033
 18036
 18039
 18042
 18045
 18048
 18051
 18054
 18057
 18060
 18063
 18066
 18069
 18072
 18075
 18078
 18081
 18084
 18087
 18090
 18093
 18096
 18099
 18102
 18105
 18108
 18111
 18114
 18117
 18120
 18123
 18126
 18129
 18132
 18135
 18138
 18141
 18144
 18147
 18150
 18153
 18156
 18159
 18162
 18165
 18168
 18171
 18174
 18177
 18180
 18183
 18186
 18189
 18192
 18195
 18198
 18201
 18204
 18207
 18210
 18213
 18216
 18219
 18222
 18225
 18228
 18231
 18234
 18237
 18240
 18243
 18246
 18249
 18252
 18255
 18258
 18261
 18264
 18267
 18270
 18273
 18276
 18279
 18282
 18285
 18288
 18291
 18294
 18297
 18300
 18303
 18306
 18309
 18312
 18315
 18318
 18321
 18324
 18327
 18330
 18333
 18336
 18339
 18342
 18345
 18348
 18351
 18354
 18357
 18360
 18363
 18366
 18369
 18372
 18375
 18378
 18381
 18384
 18387
 18390
 18393
 18396
 18399
 18402
 18405
 18408
 18411
 18414
 18417
 18420
 18423
 18426
 18429
 18432
 18435
 18438
 18441
 18444
 18447
 18450
 18453
 18456
 18459
 18462
 18465
 18468
 18471
 18474
 18477
 18480
 18483
 18486
 18489
 18492
 18495
 18498
 18501
 18504
 18507
 18510
 18513
 18516
 18519
 18522
 18525
 18528
 18531
 18534
 18537
 18540
 18543
 18546
 18549
 18552
 18555
 18558
 18561
 18564
 18567
 18570
 18573
 18576
 18579
 18582
 18585
 18588
 18591
 18594
 18597
 18600
 18603
 18606
 18609
 18612
 18615
 18618
 18621
 18624
 18627
 18630
 18633
 18636
 18639
 18642
 18645
 18648
 18651
 18654
 18657
 18660
 18663
 18666
 18669
 18672
 18675
 18678
 18681
 18684
 18687
 18690
 18693
 18696
 18699
 18702
 18705
 18708
 18711
 18714
 18717
 18720
 18723
 18726
 18729
 18732
 18735
 18738
 18741
 18744
 18747
 18750
 18753
 18756
 18759
 18762
 18765
 18768
 18771
 18774
 18777
 18780
 18783
 18786
 18789
 18792
 18795
 18798
 18801
 18804
 18807
 18810
 18813
 18816
 18819
 18822
 18825
 18828
 18831
 18834
 18837
 18840
 18843
 18846
 18849
 18852
 18855
 18858
 18861
 18864
 18867
 18870
 18873
 18876
 18879
 18882
 18885
 18888
 18891
 18894
 18897
 18900
 18903
 18906
 18909
 18912
 18915
 18918
 18921
 18924
 18927
 18930
 18933
 18936
 18939
 18942
 18945
 18948
 18951
 18954
 18957
 18960
 18963
 18966
 18969
 18972
 18975
 18978
 18981
 18984
 18987
 18990
 18993
 18996
 18999
 19002
 19005
 19008
 19011
 19014
 19017
 19020
 19023
 19026
 19029
 19032
 19035
 19038
 19041
 19044
 19047
 19050
 19053
 19056
 19059
 19062
 19065
 19068
 19071
 19074
 19077
 19080
 19083
 19086
 19089
 19092
 19095
 19098
 19101
 19104
 19107
 19110
 19113
 19116
 19119
 19122
 19125
 19128
 19131
 19134
 19137
 19140
 19143
 19146
 19149
 19152
 19155
 19158
 19161
 19164
 19167
 19170
 19173
 19176
 19179
 19182
 19185
 19188
 19191
 19194
 19197
 19200
 19203
 19206
 19209
 19212
 19215
 19218
 19221
 19224
 19227
 19230
 19233
 19236
 19239
 19242
 19245
 19248
 19251
 19254
 19257
 19260
 19263
 19266
 19269
 19272
 19275
 19278
 19281
 19284
 19287
 19290
 19293
 19296
 19299
 19302
 19305
 19308
 19311
 19314
 19317
 19320
 19323
 19326
 19329
 19332
 19335
 19338
 19341
 19344
 19347
 19350
 19353
 19356
 19359
 19362
 19365
 19368
 19371
 19374
 19377
 19380
 19383
 19386
 19389
 19392
 19395
 19398
 19401
 19404
 19407
 19410
 19413
 19416
 19419
 19422
 19425
 19428
 19431
 19434
 19437
 19440
 19443
 19446
 19449
 19452
 19455
 19458
 19461
 19464
 19467
 19470
 19473
 19476
 19479
 19482
 19485
 19488
 19491
 19494
 19497
 19500
 19503
 19506
 19509
 19512
 19515
 19518
 19521
 19524
 19527
 19530
 19533
 19536
 19539
 19542
 19545
 19548
 19551
 19554
 19557
 19560
 19563
 19566
 19569
 19572
 19575
 19578
 19581
 19584
 19587
 19590
 19593
 19596
 19599
 19602
 19605
 19608
 19611
 19614
 19617
 19620
 19623
 19626
 19629
 19632
 19635
 19638
 19641
 19644
 19647
 19650
 19653
 19656
 19659
 19662
 19665
 19668
 19671
 19674
 19677
 19680
 19683
 19686
 19689
 19692
 19695
 19698
 19701
 19704
 19707
 19710
 19713
 19716
 19719
 19722
 19725
 19728
 19731
 19734
 19737
 19740
 19743
 19746
 19749
 19752
 19755
 19758
 19761
 19764
 19767
 19770
 19773
 19776
 19779
 19782
 19785
 19788
 19791
 19794
 19797
 19800
 19803
 19806
 19809
 19812
 19815
 19818
 19821
 19824
 19827
 19830
 19833
 19836
 19839
 19842
 19845
 19848
 19851
 19854
 19857
 19860
 19863
 19866
 19869
 19872
 19875
 19878
 19881
 19884
 19887
 19890
 19893
 19896
 19899
 19902
 19905
 19908
 19911
 19914
 19917
 19920
 19923
 19926
 19929
 19932
 19935
 19938
 19941
 19944
 19947
 19950
 19953
 19956
 19959
 19962
 19965
 19968
 19971
 19974
 19977
 19980
 19983
 19986
 19989
 19992
 19995
 19998
 20001
 20004
 20007
 20010
 20013
 20016
 20019
 20022
 20025
 20028
 20031
 20034
 20037
 20040
 20043
 20046
 20049
 20052
 20055
 20058
 20061
 20064
 20067
 20070
 20073
 20076
 20079
 20082
 20085
 20088
 20091
 20094
 20097
 20100
 20103
 20106
 20109
 20112
 20115
 20118
 20121
 20124
 20127
 20130
 20133
 20136
 20139
 20142
 20145
 20148
 20151
 20154
 20157
 20160
 20163
 20166
 20169
 20172
 20175
 20178
 20181
 20184
 20187
 20190
 20193
 20196
 20199
 20202
 20205
 20208
 20211
 20214
 20217
 20220
 20223
 20226
 20229
 20232
 20235
 20238
 20241
 20244
 20247
 20250
 20253
 20256
 20259
 20262
 20265
 20268
 20271
 20274
 20277
 20280
 20283
 20286
 20289
 20292
 20295
 20298
 20301
 20304
 20307
 20310
 20313
 20316
 20319
 20322
 20325
 20328
 20331
 20334
 20337
 20340
 20343
 20346
 20349
 20352
 20355
 20358
 20361
 20364
 20367
 20370
 20373
 20376
 20379
 20382
 20385
 20388
 20391
 20394
 20397
 20400
 20403
 20406
 20409
 20412
 20415
 20418
 20421
 20424
 20427
 20430
 20433
 20436
 20439
 20442
 20445
 20448
 20451
 20454
 20457
 20460
 20463
 20466
 20469
 20472
 20475
 20478
 20481
 20484
 20487
 20490
 20493
 20496
 20499
 20502
 20505
 20508
 20511
 20514
 20517
 20520
 20523
 20526
 20529
 20532
 20535
 20538
 20541
 20544
 20547
 20550
 20553
 20556
 20559
 20562
 20565
 20568
 20571
 20574
 20577
 20580
 20583
 20586
 20589
 20592
 20595
 20598
 20601
 20604
 20607
 20610
 20613
 20616
 20619
 20622
 20625
 20628
 20631
 20634
 20637
 20640
 20643
 20646
 20649
 20652
 20655
 20658
 20661
 20664
 20667
 20670
 20673
 20676
 20679
 20682
 20685
 20688
 20691
 20694
 20697
 20700
 20703
 20706
 20709
 20712
 20715
 20718
 20721
 20724
 20727
 20730
 20733
 20736
 20739
 20742
 20745
 20748
 20751
 20754
 20757
 20760
 20763
 20766
 20769
 20772
 20775
 20778
 20781
 20784
 20787
 20790
 20793
 20796
 20799
 20802
 20805
 20808
 20811
 20814
 20817
 20820
 20823
 20826
 20829
 20832
 20835
 20838
 20841
 20844
 20847
 20850
 20853
 20856
 20859
 20862
 20865
 20868
 20871
 20874
 20877
 20880
 20883
 20886
 20889
 20892
 20895
 20898
 20901
 20904
 20907
 20910
 20913
 20916
 20919
 20922
 20925
 20928
 20931
 20934
 20937
 20940
 20943
 20946
 20949
 20952
 20955
 20958
 20961
 20964
 20967
 20970
 20973
 20976
 20979
 20982
 20985
 20988
 20991
 20994
 20997
 21000
 21003
 21006
 21009
 21012
 21015
 21018
 21021
 21024
 21027
 21030
 21033
 21036
 21039
 21042
 21045
 21048
 21051
 21054
 21057
 21060
 21063
 21066
 21069
 21072
 21075
 21078
 21081
 21084
 21087
 21090
 21093
 21096
 21099
 21102
 21105
 21108
 21111
 21114
 21117
 21120
 21123
 21126
 21129
 21132
 21135
 21138
 21141
 21144
 21147
 21150
 21153
 21156
 21159
 21162
 21165
 21168
 21171
 21174
 21177
 21180
 21183
 21186
 21189
 21192
 21195
 21198
 21201
 21204
 21207
 21210
 21213
 21216
 21219
 21222
 21225
 21228
 21231
 21234
 21237
 21240
 21243
 21246
 21249
 21252
 21255
 21258
 21261
 21264
 21267
 21270
 21273
 21276
 21279
 21282
 21285
 21288
 21291
 21294
 21297
 21300
 21303
 21306
 21309
 21312
 21315
 21318
 21321
 21324
 21327
 21330
 21333
 21336
 21339
 21342
 21345
 21348
 21351
 21354
 21357
 21360
 21363
 21366
 21369
 21372
 21375
 21378
 21381
 21384
 21387
 21390
 21393
 21396
 21399
 21402
 21405
 21408
 21411
 21414
 21417
 21420
 21423
 21426
 21429
 21432
 21435
 21438
 21441
 21444
 21447
 21450
 21453
 21456
 21459
 21462
 21465
 21468
 21471
 21474
 21477
 21480
 21483
 21486
 21489
 21492
 21495
 21498
 21501
 21504
 21507
 21510
 21513
 21516
 21519
 21522
 21525
 21528
 21531
 21534
 21537
 21540
 21543
 21546
 21549
 21552
 21555
 21558
 21561
 21564
 21567
 21570
 21573
 21576
 21579
 21582
 21585
 21588
 21591
 21594
 21597
 21600
 21603
 21606
 21609
 21612
 21615
 21618
 21621
 21624
 21627
 21630
 21633
 21636
 21639
 21642
 21645
 21648
 21651
 21654
 21657
 21660
 21663
 21666
 21669
 21672
 21675
 21678
 21681
 21684
 21687
 21690
 21693
 21696
 21699
 21702
 21705
 21708
 21711
 21714
 21717
 21720
 21723
 21726
 21729
 21732
 21735
 21738
 21741
 21744
 21747
 21750
 21753
 21756
 21759
 21762
 21765
 21768
 21771
 21774
 21777
 21780
 21783
 21786
 21789
 21792
 21795
 21798
 21801
 21804
 21807
 21810
 21813
 21816
 21819
 21822
 21825
 21828
 21831
 21834
 21837
 21840
 21843
 21846
 21849
 21852
 21855
 21858
 21861
 21864
 21867
 21870
 21873
 21876
 21879
 21882
 21885
 21888
 21891
 21894
 21897
 21900
 21903
 21906
 21909
 21912
 21915
 21918
 21921
 21924
 21927
 21930
 21933
 21936
 21939
 21942
 21945
 21948
 21951
 21954
 21957
 21960
 21963
 21966
 21969
 21972
 21975
 21978
 21981
 21984
 21987
 21990
 21993
 21996
 21999
 22002
 22005
 22008
 22011
 22014
 22017
 22020
 22023
 22026
 22029
 22032
 22035
 22038
 22041
 22044
 22047
 22050
 22053
 22056
 22059
 22062
 22065
 22068
 22071
 22074
 22077
 22080
 22083
 22086
 22089
 22092
 22095
 22098
 22101
 22104
 22107
 22110
 22113
 22116
 22119
 22122
 22125
 22128
 22131
 22134
 22137
 22140
 22143
 22146
 22149
 22152
 22155
 22158
 22161
 22164
 22167
 22170
 22173
 22176
 22179
 22182
 22185
 22188
 22191
 22194
 22197
 22200
 22203
 22206
 22209
 22212
 22215
 22218
 22221
 22224
 22227
 22230
 22233
 22236
 22239
 22242
 22245
 22248
 22251
 22254
 22257
 22260
 22263
 22266
 22269
 22272
 22275
 22278
 22281
 22284
 22287
 22290
 22293
 22296
 22299
 22302
 22305
 22308
 22311
 22314
 22317
 22320
 22323
 22326
 22329
 22332
 22335
 22338
 22341
 22344
 22347
 22350
 22353
 22356
 22359
 22362
 22365
 22368
 22371
 22374
 22377
 22380
 22383
 22386
 22389
 22392
 22395
 22398
 22401
 22404
 22407
 22410
 22413
 22416
 22419
 22422
 22425
 22428
 22431
 22434
 22437
 22440
 22443
 22446
 22449
 22452
 22455
 22458
 22461
 22464
 22467
 22470
 22473
 22476
 22479
 22482
 22485
 22488
 22491
 22494
 22497
 22500
 22503
 22506
 22509
 22512
 22515
 22518
 22521
 22524
 22527
 22530
 22533
 22536
 22539
 22542
 22545
 22548
 22551
 22554
 22557
 22560
 22563
 22566
 22569
 22572
 22575
 22578
 22581
 22584
 22587
 22590
 22593
 22596
 22599
 22602
 22605
 22608
 22611
 22614
 22617
 22620
 22623
 22626
 22629
 22632
 22635
 22638
 22641
 22644
 22647
 22650
 22653
 22656
 22659
 22662
 22665
 22668
 22671
 22674
 22677
 22680
 22683
 22686
 22689
 22692
 22695
 22698
 22701
 22704
 22707
 22710
 22713
 22716
 22719
 22722
 22725
 22728
 22731
 22734
 22737
 22740
 22743
 22746
 22749
 22752
 22755
 22758
 22761
 22764
 22767
 22770
 22773
 22776
 22779
 22782
 22785
 22788
 22791
 22794
 22797
 22800
 22803
 22806
 22809
 22812
 22815
 22818
 22821
 22824
 22827
 22830
 22833
 22836
 22839
 22842
 22845
 22848
 22851
 22854
 22857
 22860
 22863
 22866
 22869
 22872
 22875
 22878
 22881
 22884
 22887
 22890
 22893
 22896
 22899
 22902
 22905
 22908
 22911
 22914
 22917
 22920
 22923
 22926
 22929
 22932
 22935
 22938
 22941
 22944
 22947
 22950
 22953
 22956
 22959
 22962
 22965
 22968
 22971
 22974
 22977
 22980
 22983
 22986
 22989
 22992
 22995
 22998
 23001
 23004
 23007
 23010
 23013
 23016
 23019
 23022
 23025
 23028
 23031
 23034
 23037
 23040
 23043
 23046
 23049
 23052
 23055
 23058
 23061
 23064
 23067
 23070
 23073
 23076
 23079
 23082
 23085
 23088
 23091
 23094
 23097
 23100
 23103
 23106
 23109
 23112
 23115
 23118
 23121
 23124
 23127
 23130
 23133
 23136
 23139
 23142
 23145
 23148
 23151
 23154
 23157
 23160
 23163
 23166
 23169
 23172
 23175
 23178
 23181
 23184
 23187
 23190
 23193
 23196
 23199
 23202
 23205
 23208
 23211
 23214
 23217
 23220
 23223
 23226
 23229
 23232
 23235
 23238
 23241
 23244
 23247
 23250
 23253
 23256
 23259
 23262
 23265
 23268
 23271
 23274
 23277
 23280
 23283
 23286
 23289
 23292
 23295
 23298
 23301
 23304
 23307
 23310
 23313
 23316
 23319
 23322
 23325
 23328
 23331
 23334
 23337
 23340
 23343
 23346
 23349
 23352
 23355
 23358
 23361
 23364
 23367
 23370
 23373
 23376
 23379
 23382
 23385
 23388
 23391
 23394
 23397
 23400
 23403
 23406
 23409
 23412
 23415
 23418
 23421
 23424
 23427
 23430
 23433
 23436
 23439
 23442
 23445
 23448
 23451
 23454
 23457
 23460
 23463
 23466
 23469
 23472
 23475
 23478
 23481
 23484
 23487
 23490
 23493
 23496
 23499
 23502
 23505
 23508
 23511
 23514
 23517
 23520
 23523
 23526
 23529
 23532
 23535
 23538
 23541
 23544
 23547
 23550
 23553
 23556
 23559
 23562
 23565
 23568
 23571
 23574
 23577
 23580
 23583
 23586
 23589
 23592
 23595
 23598
 23601
 23604
 23607
 23610
 23613
 23616
 23619
 23622
 23625
 23628
 23631
 23634
 23637
 23640
 23643
 23646
 23649
 23652
 23655
 23658
 23661
 23664
 23667
 23670
 23673
 23676
 23679
 23682
 23685
 23688
 23691
 23694
 23697
 23700
 23703
 23706
 23709
 23712
 23715
 23718
 23721
 23724
 23727
 23730
 23733
 23736
 23739
 23742
 23745
 23748
 23751
 23754
 23757
 23760
 23763
 23766
 23769
 23772
 23775
 23778
 23781
 23784
 23787
 23790
 23793
 23796
 23799
 23802
 23805
 23808
 23811
 23814
 23817
 23820
 23823
 23826
 23829
 23832
 23835
 23838
 23841
 23844
 23847
 23850
 23853
 23856
 23859
 23862
 23865
 23868
 23871
 23874
 23877
 23880
 23883
 23886
 23889
 23892
 23895
 23898
 23901
 23904
 23907
 23910
 23913
 23916
 23919
 23922
 23925
 23928
 23931
 23934
 23937
 23940
 23943
 23946
 23949
 23952
 23955
 23958
 23961
 23964
 23967
 23970
 23973
 23976
 23979
 23982
 23985
 23988
 23991
 23994
 23997
 24000
 24003
 24006
 24009
 24012
 24015
 24018
 24021
 24024
 24027
 24030
 24033
 24036
 24039
 24042
 24045
 24048
 24051
 24054
 24057
 24060
 24063
 24066
 24069
 24072
 24075
 24078
 24081
 24084
 24087
 24090
 24093
 24096
 24099
 24102
 24105
 24108
 24111
 24114
 24117
 24120
 24123
 24126
 24129
 24132
 24135
 24138
 24141
 24144
 24147
 24150
 24153
 24156
 24159
 24162
 24165
 24168
 24171
 24174
 24177
 24180
 24183
 24186
 24189
 24192
 24195
 24198
 24201
 24204
 24207
 24210
 24213
 24216
 24219
 24222
 24225
 24228
 24231
 24234
 24237
 24240
 24243
 24246
 24249
 24252
 24255
 24258
 24261
 24264
 24267
 24270
 24273
 24276
 24279
 24282
 24285
 24288
 24291
 24294
 24297
 24300
 24303
 24306
 24309
 24312
 24315
 24318
 24321
 24324
 24327
 24330
 24333
 24336
 24339
 24342
 24345
 24348
 24351
 24354
 24357
 24360
 24363
 24366
 24369
 24372
 24375
 24378
 24381
 24384
 24387
 24390
 24393
 24396
 24399
 24402
 24405
 24408
 24411
 24414
 24417
 24420
 24423
 24426
 24429
 24432
 24435
 24438
 24441
 24444
 24447
 24450
 24453
 24456
 24459
 24462
 24465
 24468
 24471
 24474
 24477
 24480
 24483
 24486
 24489
 24492
 24495
 24498
 24501
 24504
 24507
 24510
 24513
 24516
 24519
 24522
 24525
 24528
 24531
 24534
 24537
 24540
 24543
 24546
 24549
 24552
 24555
 24558
 24561
 24564
 24567
 24570
 24573
 24576
 24579
 24582
 24585
 24588
 24591
 24594
 24597
 24600
 24603
 24606
 24609
 24612
 24615
 24618
 24621
 24624
 24627
 24630
 24633
 24636
 24639
 24642
 24645
 24648
 24651
 24654
 24657
 24660
 24663
 24666
 24669
 24672
 24675
 24678
 24681
 24684
 24687
 24690
 24693
 24696
 24699
 24702
 24705
 24708
 24711
 24714
 24717
 24720
 24723
 24726
 24729
 24732
 24735
 24738
 24741
 24744
 24747
 24750
 24753
 24756
 24759
 24762
 24765
 24768
 24771
 24774
 24777
 24780
 24783
 24786
 24789
 24792
 24795
 24798
 24801
 24804
 24807
 24810
 24813
 24816
 24819
 24822
 24825
 24828
 24831
 24834
 24837
 24840
 24843
 24846
 24849
 24852
 24855
 24858
 24861
 24864
 24867
 24870
 24873
 24876
 24879
 24882
 24885
 24888
 24891
 24894
 24897
 24900
 24903
 24906
 24909
 24912
 24915
 24918
 24921
 24924
 24927
 24930
 24933
 24936
 24939
 24942
 24945
 24948
 24951
 24954
 24957
 24960
 24963
 24966
 24969
 24972
 24975
 24978
 24981
 24984
 24987
 24990
 24993
 24996
 24999
 25002
 25005
 25008
 25011
 25014
 25017
 25020
 25023
 25026
 25029
 25032
 25035
 25038
 25041
 25044
 25047
 25050
 25053
 25056
 25059
 25062
 25065
 25068
 25071
 25074
 25077
 25080
 25083
 25086
 25089
 25092
 25095
 25098
 25101
 25104
 25107
 25110
 25113
 25116
 25119
 25122
 25125
 25128
 25131
 25134
 25137
 25140
 25143
 25146
 25149
 25152
 25155
 25158
 25161
 25164
 25167
 25170
 25173
 25176
 25179
 25182
 25185
 25188
 25191
 25194
 25197
 25200
 25203
 25206
 25209
 25212
 25215
 25218
 25221
 25224
 25227
 25230
 25233
 25236
 25239
 25242
 25245
 25248
 25251
 25254
 25257
 25260
 25263
 25266
 25269
 25272
 25275
 25278
 25281
 25284
 25287
 25290
 25293
 25296
 25299
 25302
 25305
 25308
 25311
 25314
 25317
 25320
 25323
 25326
 25329
 25332
 25335
 25338
 25341
 25344
 25347
 25350
 25353
 25356
 25359
 25362
 25365
 25368
 25371
 25374
 25377
 25380
 25383
 25386
 25389
 25392
 25395
 25398
 25401
 25404
 25407
 25410
 25413
 25416
 25419
 25422
 25425
 25428
 25431
 25434
 25437
 25440
 25443
 25446
 25449
 25452
 25455
 25458
 25461
 25464
 25467
 25470
 25473
 25476
 25479
 25482
 25485
 25488
 25491
 25494
 25497
 25500
 25503
 25506
 25509
 25512
 25515
 25518
 25521
 25524
 25527
 25530
 25533
 25536
 25539
 25542
 25545
 25548
 25551
 25554
 25557
 25560
 25563
 25566
 25569
 25572
 25575
 25578
 25581
 25584
 25587
 25590
 25593
 25596
 25599
 25602
 25605
 25608
 25611
 25614
 25617
 25620
 25623
 25626
 25629
 25632
 25635
 25638
 25641
 25644
 25647
 25650
 25653
 25656
 25659
 25662
 25665
 25668
 25671
 25674
 25677
 25680
 25683
 25686
 25689
 25692
 25695
 25698
 25701
 25704
 25707
 25710
 25713
 25716
 25719
 25722
 25725
 25728
 25731
 25734
 25737
 25740
 25743
 25746
 25749
 25752
 25755
 25758
 25761
 25764
 25767
 25770
 25773
 25776
 25779
 25782
 25785
 25788
 25791
 25794
 25797
 25800
 25803
 25806
 25809
 25812
 25815
 25818
 25821
 25824
 25827
 25830
 25833
 25836
 25839
 25842
 25845
 25848
 25851
 25854
 25857
 25860
 25863
 25866
 25869
 25872
 25875
 25878
 25881
 25884
 25887
 25890
 25893
 25896
 25899
 25902
 25905
 25908
 25911
 25914
 25917
 25920
 25923
 25926
 25929
 25932
 25935
 25938
 25941
 25944
 25947
 25950
 25953
 25956
 25959
 25962
 25965
 25968
 25971
 25974
 25977
 25980
 25983
 25986
 25989
 25992
 25995
 25998
 26001
 26004
 26007
 26010
 26013
 26016
 26019
 26022
 26025
 26028
 26031
 26034
 26037
 26040
 26043
 26046
 26049
 26052
 26055
 26058
 26061
 26064
 26067
 26070
 26073
 26076
 26079
 26082
 26085
 26088
 26091
 26094
 26097
 26100
 26103
 26106
 26109
 26112
 26115
 26118
 26121
 26124
 26127
 26130
 26133
 26136
 26139
 26142
 26145
 26148
 26151
 26154
 26157
 26160
 26163
 26166
 26169
 26172
 26175
 26178
 26181
 26184
 26187
 26190
 26193
 26196
 26199
 26202
 26205
 26208
 26211
 26214
 26217
 26220
 26223
 26226
 26229
 26232
 26235
 26238
 26241
 26244
 26247
 26250
 26253
 26256
 26259
 26262
 26265
 26268
 26271
 26274
 26277
 26280
 26283
 26286
 26289
 26292
 26295
 26298
 26301
 26304
 26307
 26310
 26313
 26316
 26319
 26322
 26325
 26328
 26331
 26334
 26337
 26340
 26343
 26346
 26349
 26352
 26355
 26358
 26361
 26364
 26367
 26370
 26373
 26376
 26379
 26382
 26385
 26388
 26391
 26394
 26397
 26400
 26403
 26406
 26409
 26412
 26415
 26418
 26421
 26424
 26427
 26430
 26433
 26436
 26439
 26442
 26445
 26448
 26451
 26454
 26457
 26460
 26463
 26466
 26469
 26472
 26475
 26478
 26481
 26484
 26487
 26490
 26493
 26496
 26499
 26502
 26505
 26508
 26511
 26514
 26517
 26520
 26523
 26526
 26529
 26532
 26535
 26538
 26541
 26544
 26547
 26550
 26553
 26556
 26559
 26562
 26565
 26568
 26571
 26574
 26577
 26580
 26583
 26586
 26589
 26592
 26595
 26598
 26601
 26604
 26607
 26610
 26613
 26616
 26619
 26622
 26625
 26628
 26631
 26634
 26637
 26640
 26643
 26646
 26649
 26652
 26655
 26658
 26661
 26664
 26667
 26670
 26673
 26676
 26679
 26682
 26685
 26688
 26691
 26694
 26697
 26700
 26703
 26706
 26709
 26712
 26715
 26718
 26721
 26724
 26727
 26730
 26733
 26736
 26739
 26742
 26745
 26748
 26751
 26754
 26757
 26760
 26763
 26766
 26769
 26772
 26775
 26778
 26781
 26784
 26787
 26790
 26793
 26796
 26799
 26802
 26805
 26808
 26811
 26814
 26817
 26820
 26823
 26826
 26829
 26832
 26835
 26838
 26841
 26844
 26847
 26850
 26853
 26856
 26859
 26862
 26865
 26868
 26871
 26874
 26877
 26880
 26883
 26886
 26889
 26892
 26895
 26898
 26901
 26904
 26907
 26910
 26913
 26916
 26919
 26922
 26925
 26928
 26931
 26934
 26937
 26940
 26943
 26946
 26949
 26952
 26955
 26958
 26961
 26964
 26967
 26970
 26973
 26976
 26979
 26982
 26985
 26988
 26991
 26994
 26997
 27000
 27003
 27006
 27009
 27012
 27015
 27018
 27021
 27024
 27027
 27030
 27033
 27036
 27039
 27042
 27045
 27048
 27051
 27054
 27057
 27060
 27063
 27066
 27069
 27072
 27075
 27078
 27081
 27084
 27087
 27090
 27093
 27096
 27099
 27102
 27105
 27108
 27111
 27114
 27117
 27120
 27123
 27126
 27129
 27132
 27135
 27138
 27141
 27144
 27147
 27150
 27153
 27156
 27159
 27162
 27165
 27168
 27171
 27174
 27177
 27180
 27183
 27186
 27189
 27192
 27195
 27198
 27201
 27204
 27207
 27210
 27213
 27216
 27219
 27222
 27225
 27228
 27231
 27234
 27237
 27240
 27243
 27246
 27249
 27252
 27255
 27258
 27261
 27264
 27267
 27270
 27273
 27276
 27279
 27282
 27285
 27288
 27291
 27294
 27297
 27300
 27303
 27306
 27309
 27312
 27315
 27318
 27321
 27324
 27327
 27330
 27333
 27336
 27339
 27342
 27345
 27348
 27351
 27354
 27357
 27360
 27363
 27366
 27369
 27372
 27375
 27378
 27381
 27384
 27387
 27390
 27393
 27396
 27399
 27402
 27405
 27408
 27411
 27414
 27417
 27420
 27423
 27426
 27429
 27432
 27435
 27438
 27441
 27444
 27447
 27450
 27453
 27456
 27459
 27462
 27465
 27468
 27471
 27474
 27477
 27480
 27483
 27486
 27489
 27492
 27495
 27498
 27501
 27504
 27507
 27510
 27513
 27516
 27519
 27522
 27525
 27528
 27531
 27534
 27537
 27540
 27543
 27546
 27549
 27552
 27555
 27558
 27561
 27564
 27567
 27570
 27573
 27576
 27579
 27582
 27585
 27588
 27591
 27594
 27597
 27600
 27603
 27606
 27609
 27612
 27615
 27618
 27621
 27624
 27627
 27630
 27633
 27636
 27639
 27642
 27645
 27648
 27651
 27654
 27657
 27660
 27663
 27666
 27669
 27672
 27675
 27678
 27681
 27684
 27687
 27690
 27693
 27696
 27699
 27702
 27705
 27708
 27711
 27714
 27717
 27720
 27723
 27726
 27729
 27732
 27735
 27738
 27741
 27744
 27747
 27750
 27753
 27756
 27759
 27762
 27765
 27768
 27771
 27774
 27777
 27780
 27783
 27786
 27789
 27792
 27795
 27798
 27801
 27804
 27807
 27810
 27813
 27816
 27819
 27822
 27825
 27828
 27831
 27834
 27837
 27840
 27843
 27846
 27849
 27852
 27855
 27858
 27861
 27864
 27867
 27870
 27873
 27876
 27879
 27882
 27885
 27888
 27891
 27894
 27897
 27900
 27903
 27906
 27909
 27912
 27915
 27918
 27921
 27924
 27927
 27930
 27933
 27936
 27939
 27942
 27945
 27948
 27951
 27954
 27957
 27960
 27963
 27966
 27969
 27972
 27975
 27978
 27981
 27984
 27987
 27990
 27993
 27996
 27999
 28002
 28005
 28008
 28011
 28014
 28017
 28020
 28023
 28026
 28029
 28032
 28035
 28038
 28041
 28044
 28047
 28050
 28053
 28056
 28059
 28062
 28065
 28068
 28071
 28074
 28077
 28080
 28083
 28086
 28089
 28092
 28095
 28098
 28101
 28104
 28107
 28110
 28113
 28116
 28119
 28122
 28125
 28128
 28131
 28134
 28137
 28140
 28143
 28146
 28149
 28152
 28155
 28158
 28161
 28164
 28167
 28170
 28173
 28176
 28179
 28182
 28185
 28188
 28191
 28194
 28197
 28200
 28203
 28206
 28209
 28212
 28215
 28218
 28221
 28224
 28227
 28230
 28233
 28236
 28239
 28242
 28245
 28248
 28251
 28254
 28257
 28260
 28263
 28266
 28269
 28272
 28275
 28278
 28281
 28284
 28287
 28290
 28293
 28296
 28299
 28302
 28305
 28308
 28311
 28314
 28317
 28320
 28323
 28326
 28329
 28332
 28335
 28338
 28341
 28344
 28347
 28350
 28353
 28356
 28359
 28362
 28365
 28368
 28371
 28374
 28377
 28380
 28383
 28386
 28389
 28392
 28395
 28398
 28401
 28404
 28407
 28410
 28413
 28416
 28419
 28422
 28425
 28428
 28431
 28434
 28437
 28440
 28443
 28446
 28449
 28452
 28455
 28458
 28461
 28464
 28467
 28470
 28473
 28476
 28479
 28482
 28485
 28488
 28491
 28494
 28497
 28500
 28503
 28506
 28509
 28512
 28515
 28518
 28521
 28524
 28527
 28530
 28533
 28536
 28539
 28542
 28545
 28548
 28551
 28554
 28557
 28560
 28563
 28566
 28569
 28572
 28575
 28578
 28581
 28584
 28587
 28590
 28593
 28596
 28599
 28602
 28605
 28608
 28611
 28614
 28617
 28620
 28623
 28626
 28629
 28632
 28635
 28638
 28641
 28644
 28647
 28650
 28653
 28656
 28659
 28662
 28665
 28668
 28671
 28674
 28677
 28680
 28683
 28686
 28689
 28692
 28695
 28698
 28701
 28704
 28707
 28710
 28713
 28716
 28719
 28722
 28725
 28728
 28731
 28734
 28737
 28740
 28743
 28746
 28749
 28752
 28755
 28758
 28761
 28764
 28767
 28770
 28773
 28776
 28779
 28782
 28785
 28788
 28791
 28794
 28797
 28800
 28803
 28806
 28809
 28812
 28815
 28818
 28821
 28824
 28827
 28830
 28833
 28836
 28839
 28842
 28845
 28848
 28851
 28854
 28857
 28860
 28863
 28866
 28869
 28872
 28875
 28878
 28881
 28884
 28887
 28890
 28893
 28896
 28899
 28902
 28905
 28908
 28911
 28914
 28917
 28920
 28923
 28926
 28929
 28932
 28935
 28938
 28941
 28944
 28947
 28950
 28953
 28956
 28959
 28962
 28965
 28968
 28971
 28974
 28977
 28980
 28983
 28986
 28989
 28992
 28995
 28998
 29001
 29004
 29007
 29010
 29013
 29016
 29019
 29022
 29025
 29028
 29031
 29034
 29037
 29040
 29043
 29046
 29049
 29052
 29055
 29058
 29061
 29064
 29067
 29070
 29073
 29076
 29079
 29082
 29085
 29088
 29091
 29094
 29097
 29100
 29103
 29106
 29109
 29112
 29115
 29118
 29121
 29124
 29127
 29130
 29133
 29136
 29139
 29142
 29145
 29148
 29151
 29154
 29157
 29160
 29163
 29166
 29169
 29172
 29175
 29178
 29181
 29184
 29187
 29190
 29193
 29196
 29199
 29202
 29205
 29208
 29211
 29214
 29217
 29220
 29223
 29226
 29229
 29232
 29235
 29238
 29241
 29244
 29247
 29250
 29253
 29256
 29259
 29262
 29265
 29268
 29271
 29274
 29277
 29280
 29283
 29286
 29289
 29292
 29295
 29298
 29301
 29304
 29307
 29310
 29313
 29316
 29319
 29322
 29325
 29328
 29331
 29334
 29337
 29340
 29343
 29346
 29349
 29352
 29355
 29358
 29361
 29364
 29367
 29370
 29373
 29376
 29379
 29382
 29385
 29388
 29391
 29394
 29397
 29400
 29403
 29406
 29409
 29412
 29415
 29418
 29421
 29424
 29427
 29430
 29433
 29436
 29439
 29442
 29445
 29448
 29451
 29454
 29457
 29460
 29463
 29466
 29469
 29472
 29475
 29478
 29481
 29484
 29487
 29490
 29493
 29496
 29499
 29502
 29505
 29508
 29511
 29514
 29517
 29520
 29523
 29526
 29529
 29532
 29535
 29538
 29541
 29544
 29547
 29550
 29553
 29556
 29559
 29562
 29565
 29568
 29571
 29574
 29577
 29580
 29583
 29586
 29589
 29592
 29595
 29598
 29601
 29604
 29607
 29610
 29613
 29616
 29619
 29622
 29625
 29628
 29631
 29634
 29637
 29640
 29643
 29646
 29649
 29652
 29655
 29658
 29661
 29664
 29667
 29670
 29673
 29676
 29679
 29682
 29685
 29688
 29691
 29694
 29697
 29700
 29703
 29706
 29709
 29712
 29715
 29718
 29721
 29724
 29727
 29730
 29733
 29736
 29739
 29742
 29745
 29748
 29751
 29754
 29757
 29760
 29763
 29766
 29769
 29772
 29775
 29778
 29781
 29784
 29787
 29790
 29793
 29796
 29799
 29802
 29805
 29808
 29811
 29814
 29817
 29820
 29823
 29826
 29829
 29832
 29835
 29838
 29841
 29844
 29847
 29850
 29853
 29856
 29859
 29862
 29865
 29868
 29871
 29874
 29877
 29880
 29883
 29886
 29889
 29892
 29895
 29898
 29901
 29904
 29907
 29910
 29913
 29916
 29919
 29922
 29925
 29928
 29931
 29934
 29937
 29940
 29943
 29946
 29949
 29952
 29955
 29958
 29961
 29964
 29967
 29970
 29973
 29976
 29979
 29982
 29985
 29988
 29991
 29994
 29997
 30000
 30003
 30006
 30009
 30012
 30015
 30018
 30021
 30024
 30027
 30030
 30033
 30036
 30039
 30042
 30045
 30048
 30051
 30054
 30057
 30060
 30063
 30066
 30069
 30072
 30075
 30078
 30081
 30084
 30087
 30090
 30093
 30096
 30099
 30102
 30105
 30108
 30111
 30114
 30117
 30120
 30123
 30126
 30129
 30132
 30135
 30138
 30141
 30144
 30147
 30150
 30153
 30156
 30159
 30162
 30165
 30168
 30171
 30174
 30177
 30180
 30183
 30186
 30189
 30192
 30195
 30198
 30201
 30204
 30207
 30210
 30213
 30216
 30219
 30222
 30225
 30228
 30231
 30234
 30237
 30240
 30243
 30246
 30249
 30252
 30255
 30258
 30261
 30264
 30267
 30270
 30273
 30276
 30279
 30282
 30285
 30288
 30291
 30294
 30297
 30300
 30303
 30306
 30309
 30312
 30315
 30318
 30321
 30324
 30327
 30330
 30333
 30336
 30339
 30342
 30345
 30348
 30351
 30354
 30357
 30360
 30363
 30366
 30369
 30372
 30375
 30378
 30381
 30384
 30387
 30390
 30393
 30396
 30399
 30402
 30405
 30408
 30411
 30414
 30417
 30420
 30423
 30426
 30429
 30432
 30435
 30438
 30441
 30444
 30447
 30450
 30453
 30456
 30459
 30462
 30465
 30468
 30471
 30474
 30477
 30480
 30483
 30486
 30489
 30492
 30495
 30498
 30501
 30504
 30507
 30510
 30513
 30516
 30519
 30522
 30525
 30528
 30531
 30534
 30537
 30540
 30543
 30546
 30549
 30552
 30555
 30558
 30561
 30564
 30567
 30570
 30573
 30576
 30579
 30582
 30585
 30588
 30591
 30594
 30597
 30600
 30603
 30606
 30609
 30612
 30615
 30618
 30621
 30624
 30627
 30630
 30633
 30636
 30639
 30642
 30645
 30648
 30651
 30654
 30657
 30660
 30663
 30666
 30669
 30672
 30675
 30678
 30681
 30684
 30687
 30690
 30693
 30696
 30699
 30702
 30705
 30708
 30711
 30714
 30717
 30720
 30723
 30726
 30729
 30732
 30735
 30738
 30741
 30744
 30747
 30750
 30753
 30756
 30759
 30762
 30765
 30768
 30771
 30774
 30777
 30780
 30783
 30786
 30789
 30792
 30795
 30798
 30801
 30804
 30807
 30810
 30813
 30816
 30819
 30822
 30825
 30828
 30831
 30834
 30837
 30840
 30843
 30846
 30849
 30852
 30855
 30858
 30861
 30864
 30867
 30870
 30873
 30876
 30879
 30882
 30885
 30888
 30891
 30894
 30897
 30900
 30903
 30906
 30909
 30912
 30915
 30918
 30921
 30924
 30927
 30930
 30933
 30936
 30939
 30942
 30945
 30948
 30951
 30954
 30957
 30960
 30963
 30966
 30969
 30972
 30975
 30978
 30981
 30984
 30987
 30990
 30993
 30996
 30999
 31002
 31005
 31008
 31011
 31014
 31017
 31020
 31023
 31026
 31029
 31032
 31035
 31038
 31041
 31044
 31047
 31050
 31053
 31056
 31059
 31062
 31065
 31068
 31071
 31074
 31077
 31080
 31083
 31086
 31089
 31092
 31095
 31098
 31101
 31104
 31107
 31110
 31113
 31116
 31119
 31122
 31125
 31128
 31131
 31134
 31137
 31140
 31143
 31146
 31149
 31152
 31155
 31158
 31161
 31164
 31167
 31170
 31173
 31176
 31179
 31182
 31185
 31188
 31191
 31194
 31197
 31200
 31203
 31206
 31209
 31212
 31215
 31218
 31221
 31224
 31227
 31230
 31233
 31236
 31239
 31242
 31245
 31248
 31251
 31254
 31257
 31260
 31263
 31266
 31269
 31272
 31275
 31278
 31281
 31284
 31287
 31290
 31293
 31296
 31299
 31302
 31305
 31308
 31311
 31314
 31317
 31320
 31323
 31326
 31329
 31332
 31335
 31338
 31341
 31344
 31347
 31350
 31353
 31356
 31359
 31362
 31365
 31368
 31371
 31374
 31377
 31380
 31383
 31386
 31389
 31392
 31395
 31398
 31401
 31404
 31407
 31410
 31413
 31416
 31419
 31422
 31425
 31428
 31431
 31434
 31437
 31440
 31443
 31446
 31449
 31452
 31455
 31458
 31461
 31464
 31467
 31470
 31473
 31476
 31479
 31482
 31485
 31488
 31491
 31494
 31497
 31500
 31503
 31506
 31509
 31512
 31515
 31518
 31521
 31524
 31527
 31530
 31533
 31536
 31539
 31542
 31545
 31548
 31551
 31554
 31557
 31560
 31563
 31566
 31569
 31572
 31575
 31578
 31581
 31584
 31587
 31590
 31593
 31596
 31599
 31602
 31605
 31608
 31611
 31614
 31617
 31620
 31623
 31626
 31629
 31632
 31635
 31638
 31641
 31644
 31647
 31650
 31653
 31656
 31659
 31662
 31665
 31668
 31671
 31674
 31677
 31680
 31683
 31686
 31689
 31692
 31695
 31698
 31701
 31704
 31707
 31710
 31713
 31716
 31719
 31722
 31725
 31728
 31731
 31734
 31737
 31740
 31743
 31746
 31749
 31752
 31755
 31758
 31761
 31764
 31767
 31770
 31773
 31776
 31779
 31782
 31785
 31788
 31791
 31794
 31797
 31800
 31803
 31806
 31809
 31812
 31815
 31818
 31821
 31824
 31827
 31830
 31833
 31836
 31839
 31842
 31845
 31848
 31851
 31854
 31857
 31860
 31863
 31866
 31869
 31872
 31875
 31878
 31881
 31884
 31887
 31890
 31893
 31896
 31899
 31902
 31905
 31908
 31911
 31914
 31917
 31920
 31923
 31926
 31929
 31932
 31935
 31938
 31941
 31944
 31947
 31950
 31953
 31956
 31959
 31962
 31965
 31968
 31971
 31974
 31977
 31980
 31983
 31986
 31989
 31992
 31995
 31998
 32001
 32004
 32007
 32010
 32013
 32016
 32019
 32022
 32025
 32028
 32031
 32034
 32037
 32040
 32043
 32046
 32049
 32052
 32055
 32058
 32061
 32064
 32067
 32070
 32073
 32076
 32079
 32082
 32085
 32088
 32091
 32094
 32097
 32100
 32103
 32106
 32109
 32112
 32115
 32118
 32121
 32124
 32127
 32130
 32133
 32136
 32139
 32142
 32145
 32148
 32151
 32154
 32157
 32160
 32163
 32166
 32169
 32172
 32175
 32178
 32181
 32184
 32187
 32190
 32193
 32196
 32199
 32202
 32205
 32208
 32211
 32214
 32217
 32220
 32223
 32226
 32229
 32232
 32235
 32238
 32241
 32244
 32247
 32250
 32253
 32256
 32259
 32262
 32265
 32268
 32271
 32274
 32277
 32280
 32283
 32286
 32289
 32292
 32295
 32298
 32301
 32304
 32307
 32310
 32313
 32316
 32319
 32322
 32325
 32328
 32331
 32334
 32337
 32340
 32343
 32346
 32349
 32352
 32355
 32358
 32361
 32364
 32367
 32370
 32373
 32376
 32379
 32382
 32385
 32388
 32391
 32394
 32397
 32400
 32403
 32406
 32409
 32412
 32415
 32418
 32421
 32424
 32427
 32430
 32433
 32436
 32439
 32442
 32445
 32448
 32451
 32454
 32457
 32460
 32463
 32466
 32469
 32472
 32475
 32478
 32481
 32484
 32487
 32490
 32493
 32496
 32499
 32502
 32505
 32508
 32511
 32514
 32517
 32520
 32523
 32526
 32529
 32532
 32535
 32538
 32541
 32544
 32547
 32550
 32553
 32556
 32559
 32562
 32565
 32568
 32571
 32574
 32577
 32580
 32583
 32586
 32589
 32592
 32595
 32598
 32601
 32604
 32607
 32610
 32613
 32616
 32619
 32622
 32625
 32628
 32631
 32634
 32637
 32640
 32643
 32646
 32649
 32652
 32655
 32658
 32661
 32664
 32667
 32670
 32673
 32676
 32679
 32682
 32685
 32688
 32691
 32694
 32697
 32700
 32703
 32706
 32709
 32712
 32715
 32718
 32721
 32724
 32727
 32730
 32733
 32736
 32739
 32742
 32745
 32748
 32751
 32754
 32757
 32760
 32763
 32766
 32769
 32772
 32775
 32778
 32781
 32784
 32787
 32790
 32793
 32796
 32799
 32802
 32805
 32808
 32811
 32814
 32817
 32820
 32823
 32826
 32829
 32832
 32835
 32838
 32841
 32844
 32847
 32850
 32853
 32856
 32859
 32862
 32865
 32868
 32871
 32874
 32877
 32880
 32883
 32886
 32889
 32892
 32895
 32898
        </DataArray>
        <DataArray type="UInt8" Name="types">
 5
 5
 5
 5
 5
 5
 5
 5
 5
 5
 5
 5
 5
 5
 5
 5
 5
 5
 5
 5
 5
 5
 5
 5
 5
 5
 5
 5
 5
 5
 5
 5
 5
 5
 5
 5
 5
 5
 5
 5
 5
 5
 5
 5
 5
 5
 5
 5
 5
 5
 5
 5
 5
 5
 5
 5
 5
 5
 5
 5
 5
 5
 5
 5
 5
 5
 5
 5
 5
 5
 5
 5
 5
 5
 5
 5
 5
 5
 5
 5
 5
 5
 5
 5
 5
 5
 5
 5
 5
 5
 5
 5
 5
 5
 5
 5
 5
 5
 5
 5
 5
 5
 5
 5
 5
 5
 5
 5
 5
 5
 5
 5
 5
 5
 5
 5
 5
 5
 5
 5
 5
 5
 5
 5
 5
 5
 5
 5
 5
 5
 5
 5
 5
 5
 5
 5
 5
 5
 5
 5
 5
 5
 5
 5
 5
 5
 5
 5
 5
 5
 5
 5
 5
 5
 5
 5
 5
 5
 5
 5
 5
 5
 5
 5
 5
 5
 5
 5
 5
 5
 5
 5
 5
 5
 5
 5
 5
 5
 5
 5
 5
 5
 5
 5
 5
 5
 5
 5
 5
 5
 5
 5
 5
 5
 5
 5
 5
 5
 5
 5
 5
 5
 5
 5
 5
 5
 5
 5
 5
 5
 5
 5
 5
 5
 5
 5
 5
 5
 5
 5
 5
 5
 5
 5
 5
 5
 5
 5
 5
 5
 5
 5
 5
 5
 5
 5
 5
 5
 5
 5
 5
 5
 5
 5
 5
 5
 5
 5
 5
 5
 5
 5
 5
 5
 5
 5
 5
 5
 5
 5
 5
 5
 5
 5
 5
 5
 5
 5
 5
 5
 5
 5
 5
 5
 5
 5
 5
 5
 5
 5
 5
 5
 5
 5
 5
 5
 5
 5
 5
 5
 5
 5
 5
 5
 5
 5
 5
 5
 5
 5
 5
 5
 5
 5
 5
 5
 5
 5
 5
 5
 5
 5
 5
 5
 5
 5
 5
 5
 5
 5
 5
 5
 5
 5
 5
 5
 5
 5
 5
 5
 5
 5
 5
 5
 5
 5
 5
 5
 5
 5
 5
 5
 5
 5
 5
 5
 5
 5
 5
 5
 5
 5
 5
 5
 5
 5
 5
 5
 5
 5
 5
 5
 5
 5
 5
 5
 5
 5
 5
 5
 5
 5
 5
 5
 5
 5
 5
 5
 5
 5
 5
 5
 5
 5
 5
 5
 5
 5
 5
 5
 5
 5
 5
 5
 5
 5
 5
 5
 5
 5
 5
 5
 5
 5
 5
 5
 5
 5
 5
 5
 5
 5
 5
 5
 5
 5
 5
 5
 5
 5
 5
 5
 5
 5
 5
 5
 5
 5
 5
 5
 5
 5
 5
 5
 5
 5
 5
 5
 5
 5
 5
 5
 5
 5
 5
 5
 5
 5
 5
 5
 5
 5
 5
 5
 5
 5
 5
 5
 5
 5
 5
 5
 5
 5
 5
 5
 5
 5
 5
 5
 5
 5
 5
 5
 5
 5
 5
 5
 5
 5
 5
 5
 5
 5
 5
 5
 5
 5
 5
 5
 5
 5
 5
 5
 5
 5
 5
 5
 5
 5
 5
 5
 5
 5
 5
 5
 5
 5
 5
 5
 5
 5
 5
 5
 5
 5
 5
 5
 5
 5
 5
 5
 5
 5
 5
 5
 5
 5
 5
 5
 5
 5
 5
 5
 5
 5
 5
 5
 5
 5
 5
 5
 5
 5
 5
 5
 5
 5
 5
 5
 5
 5
 5
 5
 5
 5
 5
 5
 5
 5
 5
 5
 5
 5
 5
 5
 5
 5
 5
 5
 5
 5
 5
 5
 5
 5
 5
 5
 5
 5
 5
 5
 5
 5
 5
 5
 5
 5
 5
 5
 5
 5
 5
 5
 5
 5
 5
 5
 5
 5
 5
 5
 5
 5
 5
 5
 5
 5
 5
 5
 5
 5
 5
 5
 5
 5
 5
 5
 5
 5
 5
 5
 5
 5
 5
 5
 5
 5
 5
 5
 5
 5
 5
 5
 5
 5
 5
 5
 5
 5
 5
 5
 5
 5
 5
 5
 5
 5
 5
 5
 5
 5
 5
 5
 5
 5
 5
 5
 5
 5
 5
 5
 5
 5
 5
 5
 5
 5
 5
 5
 5
 5
 5
 5
 5
 5
 5
 5
 5
 5
 5
 5
 5
 5
 5
 5
 5
 5
 5
 5
 5
 5
 5
 5
 5
 5
 5
 5
 5
 5
 5
 5
 5
 5
 5
 5
 5
 5
 5
 5
 5
 5
 5
 5
 5
 5
 5
 5
 5
 5
 5
 5
 5
 5
 5
 5
 5
 5
 5
 5
 5
 5
 5
 5
 5
 5
 5
 5
 5
 5
 5
 5
 5
 5
 5
 5
 5
 5
 5
 5
 5
 5
 5
 5
 5
 5
 5
 5
 5
 5
 5
 5
 5
 5
 5
 5
 5
 5
 5
 5
 5
 5
 5
 5
 5
 5
 5
 5
 5
 5
 5
 5
 5
 5
 5
 5
 5
 5
 5
 5
 5
 5
 5
 5
 5
 5
 5
 5
 5
 5
 5
 5
 5
 5
 5
 5
 5
 5
 5
 5
 5
 5
 5
 5
 5
 5
 5
 5
 5
 5
 5
 5
 5
 5
 5
 5
 5
 5
 5
 5
 5
 5
 5
 5
 5
 5
 5
 5
 5
 5
 5
 5
 5
 5
 5
 5
 5
 5
 5
 5
 5
 5
 5
 5
 5
 5
 5
 5
 5
 5
 5
 5
 5
 5
 5
 5
 5
 5
 5
 5
 5
 5
 5
 5
 5
 5
 5
 5
 5
 5
 5
 5
 5
 5
 5
 5
 5
 5
 5
 5
 5
 5
 5
 5
 5
 5
 5
 5
 5
 5
 5
 5
 5
 5
 5
 5
 5
 5
 5
 5
 5
 5
 5
 5
 5
 5
 5
 5
 5
 5
 5
 5
 5
 5
 5
 5
 5
 5
 5
 5
 5
 5
 5
 5
 5
 5
 5
 5
 5
 5
 5
 5
 5
 5
 5
 5
 5
 5
 5
 5
 5
 5
 5
 5
 5
 5
 5
 5
 5
 5
 5
 5
 5
 5
 5
 5
 5
 5
 5
 5
 5
 5
 5
 5
 5
 5
 5
 5
 5
 5
 5
 5
 5
 5
 5
 5
 5
 5
 5
 5
 5
 5
 5
 5
 5
 5
 5
 5
 5
 5
 5
 5
 5
 5
 5
 5
 5
 5
 5
 5
 5
 5
 5
 5
 5
 5
 5
 5
 5
 5
 5
 5
 5
 5
 5
 5
 5
 5
 5
 5
 5
 5
 5
 5
 5
 5
 5
 5
 5
 5
 5
 5
 5
 5
 5
 5
 5
 5
 5
 5
 5
 5
 5
 5
 5
 5
 5
 5
 5
 5
 5
 5
 5
 5
 5
 5
 5
 5
 5
 5
 5
 5
 5
 5
 5
 5
 5
 5
 5
 5
 5
 5
 5
 5
 5
 5
 5
 5
 5
 5
 5
 5
 5
 5
 5
 5
 5
 5
 5
 5
 5
 5
 5
 5
 5
 5
 5
 5
 5
 5
 5
 5
 5
 5
 5
 5
 5
 5
 5
 5
 5
 5
 5
 5
 5
 5
 5
 5
 5
 5
 5
 5
 5
 5
 5
 5
 5
 5
 5
 5
 5
 5
 5
 5
 5
 5
 5
 5
 5
 5
 5
 5
 5
 5
 5
 5
 5
 5
 5
 5
 5
 5
 5
 5
 5
 5
 5
 5
 5
 5
 5
 5
 5
 5
 5
 5
 5
 5
 5
 5
 5
 5
 5
 5
 5
 5
 5
 5
 5
 5
 5
 5
 5
 5
 5
 5
 5
 5
 5
 5
 5
 5
 5
 5
 5
 5
 5
 5
 5
 5
 5
 5
 5
 5
 5
 5
 5
 5
 5
 5
 5
 5
 5
 5
 5
 5
 5
 5
 5
 5
 5
 5
 5
 5
 5
 5
 5
 5
 5
 5
 5
 5
 5
 5
 5
 5
 5
 5
 5
 5
 5
 5
 5
 5
 5
 5
 5
 5
 5
 5
 5
 5
 5
 5
 5
 5
 5
 5
 5
 5
 5
 5
 5
 5
 5
 5
 5
 5
 5
 5
 5
 5
 5
 5
 5
 5
 5
 5
 5
 5
 5
 5
 5
 5
 5
 5
 5
 5
 5
 5
 5
 5
 5
 5
 5
 5
 5
 5
 5
 5
 5
 5
 5
 5
 5
 5
 5
 5
 5
 5
 5
 5
 5
 5
 5
 5
 5
 5
 5
 5
 5
 5
 5
 5
 5
 5
 5
 5
 5
 5
 5
 5
 5
 5
 5
 5
 5
 5
 5
 5
 5
 5
 5
 5
 5
 5
 5
 5
 5
 5
 5
 5
 5
 5
 5
 5
 5
 5
 5
 5
 5
 5
 5
 5
 5
 5
 5
 5
 5
 5
 5
 5
 5
 5
 5
 5
 5
 5
 5
 5
 5
 5
 5
 5
 5
 5
 5
 5
 5
 5
 5
 5
 5
 5
 5
 5
 5
 5
 5
 5
 5
 5
 5
 5
 5
 5
 5
 5
 5
 5
 5
 5
 5
 5
 5
 5
 5
 5
 5
 5
 5
 5
 5
 5
 5
 5
 5
 5
 5
 5
 5
 5
 5
 5
 5
 5
 5
 5
 5
 5
 5
 5
 5
 5
 5
 5
 5
 5
 5
 5
 5
 5
 5
 5
 5
 5
 5
 5
 5
 5
 5
 5
 5
 5
 5
 5
 5
 5
 5
 5
 5
 5
 5
 5
 5
 5
 5
 5
 5
 5
 5
 5
 5
 5
 5
 5
 5
 5
 5
 5
 5
 5
 5
 5
 5
 5
 5
 5
 5
 5
 5
 5
 5
 5
 5
 5
 5
 5
 5
 5
 5
 5
 5
 5
 5
 5
 5
 5
 5
 5
 5
 5
 5
 5
 5
 5
 5
 5
 5
 5
 5
 5
 5
 5
 5
 5
 5
 5
 5
 5
 5
 5
 5
 5
 5
 5
 5
 5
 5
 5
 5
 5
 5
 5
 5
 5
 5
 5
 5
 5
 5
 5
 5
 5
 5
 5
 5
 5
 5
 5
 5
 5
 5
 5
 5
 5
 5
 5
 5
 5
 5
 5
 5
 5
 5
 5
 5
 5
 5
 5
 5
 5
 5
 5
 5
 5
 5
 5
 5
 5
 5
 5
 5
 5
 5
 5
 5
 5
 5
 5
 5
 5
 5
 5
 5
 5
 5
 5
 5
 5
 5
 5
 5
 5
 5
 5
 5
 5
 5
 5
 5
 5
 5
 5
 5
 5
 5
 5
 5
 5
 5
 5
 5
 5
 5
 5
 5
 5
 5
 5
 5
 5
 5
 5
 5
 5
 5
 5
 5
 5
 5
 5
 5
 5
 5
 5
 5
 5
 5
 5
 5
 5
 5
 5
 5
 5
 5
 5
 5
 5
 5
 5
 5
 5
 5
 5
 5
 5
 5
 5
 5
 5
 5
 5
 5
 5
 5
 5
 5
 5
 5
 5
 5
 5
 5
 5
 5
 5
 5
 5
 5
 5
 5
 5
 5
 5
 5
 5
 5
 5
 5
 5
 5
 5
 5
 5
 5
 5
 5
 5
 5
 5
 5
 5
 5
 5
 5
 5
 5
 5
 5
 5
 5
 5
 5
 5
 5
 5
 5
 5
 5
 5
 5
 5
 5
 5
 5
 5
 5
 5
 5
 5
 5
 5
 5
 5
 5
 5
 5
 5
 5
 5
 5
 5
 5
 5
 5
 5
 5
 5
 5
 5
 5
 5
 5
 5
 5
 5
 5
 5
 5
 5
 5
 5
 5
 5
 5
 5
 5
 5
 5
 5
 5
 5
 5
 5
 5
 5
 5
 5
 5
 5
 5
 5
 5
 5
 5
 5
 5
 5
 5
 5
 5
 5
 5
 5
 5
 5
 5
 5
 5
 5
 5
 5
 5
 5
 5
 5
 5
 5
 5
 5
 5
 5
 5
 5
 5
 5
 5
 5
 5
 5
 5
 5
 5
 5
 5
 5
 5
 5
 5
 5
 5
 5
 5
 5
 5
 5
 5
 5
 5
 5
 5
 5
 5
 5
 5
 5
 5
 5
 5
 5
 5
 5
 5
 5
 5
 5
 5
 5
 5
 5
 5
 5
 5
 5
 5
 5
 5
 5
 5
 5
 5
 5
 5
 5
 5
 5
 5
 5
 5
 5
 5
 5
 5
 5
 5
 5
 5
 5
 5
 5
 5
 5
 5
 5
 5
 5
 5
 5
 5
 5
 5
 5
 5
 5
 5
 5
 5
 5
 5
 5
 5
 5
 5
 5
 5
 5
 5
 5
 5
 5
 5
 5
 5
 5
 5
 5
 5
 5
 5
 5
 5
 5
 5
 5
 5
 5
 5
 5
 5
 5
 5
 5
 5
 5
 5
 5
 5
 5
 5
 5
 5
 5
 5
 5
 5
 5
 5
 5
 5
 5
 5
 5
 5
 5
 5
 5
 5
 5
 5
 5
 5
 5
 5
 5
 5
 5
 5
 5
 5
 5
 5
 5
 5
 5
 5
 5
 5
 5
 5
 5
 5
 5
 5
 5
 5
 5
 5
 5
 5
 5
 5
 5
 5
 5
 5
 5
 5
 5
 5
 5
 5
 5
 5
 5
 5
 5
 5
 5
 5
 5
 5
 5
 5
 5
 5
 5
 5
 5
 5
 5
 5
 5
 5
 5
 5
 5
 5
 5
 5
 5
 5
 5
 5
 5
 5
 5
 5
 5
 5
 5
 5
 5
 5
 5
 5
 5
 5
 5
 5
 5
 5
 5
 5
 5
 5
 5
 5
 5
 5
 5
 5
 5
 5
 5
 5
 5
 5
 5
 5
 5
 5
 5
 5
 5
 5
 5
 5
 5
 5
 5
 5
 5
 5
 5
 5
 5
 5
 5
 5
 5
 5
 5
 5
 5
 5
 5
 5
 5
 5
 5
 5
 5
 5
 5
 5
 5
 5
 5
 5
 5
 5
 5
 5
 5
 5
 5
 5
 5
 5
 5
 5
 5
 5
 5
 5
 5
 5
 5
 5
 5
 5
 5
 5
 5
 5
 5
 5
 5
 5
 5
 5
 5
 5
 5
 5
 5
 5
 5
 5
 5
 5
 5
 5
 5
 5
 5
 5
 5
 5
 5
 5
 5
 5
 5
 5
 5
 5
 5
 5
 5
 5
 5
 5
 5
 5
 5
 5
 5
 5
 5
 5
 5
 5
 5
 5
 5
 5
 5
 5
 5
 5
 5
 5
 5
 5
 5
 5
 5
 5
 5
 5
 5
 5
 5
 5
 5
 5
 5
 5
 5
 5
 5
 5
 5
 5
 5
 5
 5
 5
 5
 5
 5
 5
 5
 5
 5
 5
 5
 5
 5
 5
 5
 5
 5
 5
 5
 5
 5
 5
 5
 5
 5
 5
 5
 5
 5
 5
 5
 5
 5
 5
 5
 5
 5
 5
 5
 5
 5
 5
 5
 5
 5
 5
 5
 5
 5
 5
 5
 5
 5
 5
 5
 5
 5
 5
 5
 5
 5
 5
 5
 5
 5
 5
 5
 5
 5
 5
 5
 5
 5
 5
 5
 5
 5
 5
 5
 5
 5
 5
 5
 5
 5
 5
 5
 5
 5
 5
 5
 5
 5
 5
 5
 5
 5
 5
 5
 5
 5
 5
 5
 5
 5
 5
 5
 5
 5
 5
 5
 5
 5
 5
 5
 5
 5
 5
 5
 5
 5
 5
 5
 5
 5
 5
 5
 5
 5
 5
 5
 5
 5
 5
 5
 5
 5
 5
 5
 5
 5
 5
 5
 5
 5
 5
 5
 5
 5
 5
 5
 5
 5
 5
 5
 5
 5
 5
 5
 5
 5
 5
 5
 5
 5
 5
 5
 5
 5
 5
 5
 5
 5
 5
 5
 5
 5
 5
 5
 5
 5
 5
 5
 5
 5
 5
 5
 5
 5
 5
 5
 5
 5
 5
 5
 5
 5
 5
 5
 5
 5
 5
 5
 5
 5
 5
 5
 5
 5
 5
 5
 5
 5
 5
 5
 5
 5
 5
 5
 5
 5
 5
 5
 5
 5
 5
 5
 5
 5
 5
 5
 5
 5
 5
 5
 5
 5
 5
 5
 5
 5
 5
 5
 5
 5
 5
 5
 5
 5
 5
 5
 5
 5
 5
 5
 5
 5
 5
 5
 5
 5
 5
 5
 5
 5
 5
 5
 5
 5
 5
 5
 5
 5
 5
 5
 5
 5
 5
 5
 5
 5
 5
 5
 5
 5
 5
 5
 5
 5
 5
 5
 5
 5
 5
 5
 5
 5
 5
 5
 5
 5
 5
 5
 5
 5
 5
 5
 5
 5
 5
 5
 5
 5
 5
 5
 5
 5
 5
 5
 5
 5
 5
 5
 5
 5
 5
 5
 5
 5
 5
 5
 5
 5
 5
 5
 5
 5
 5
 5
 5
 5
 5
 5
 5
 5
 5
 5
 5
 5
 5
 5
 5
 5
 5
 5
 5
 5
 5
 5
 5
 5
 5
 5
 5
 5
 5
 5
 5
 5
 5
 5
 5
 5
 5
 5
 5
 5
 5
 5
 5
 5
 5
 5
 5
 5
 5
 5
 5
 5
 5
 5
 5
 5
 5
 5
 5
 5
 5
 5
 5
 5
 5
 5
 5
 5
 5
 5
 5
 5
 5
 5
 5
 5
 5
 5
 5
 5
 5
 5
 5
 5
 5
 5
 5
 5
 5
 5
 5
 5
 5
 5
 5
 5
 5
 5
 5
 5
 5
 5
 5
 5
 5
 5
 5
 5
 5
 5
 5
 5
 5
 5
 5
 5
 5
 5
 5
 5
 5
 5
 5
 5
 5
 5
 5
 5
 5
 5
 5
 5
 5
 5
 5
 5
 5
 5
 5
 5
 5
 5
 5
 5
 5
 5
 5
 5
 5
 5
 5
 5
 5
 5
 5
 5
 5
 5
 5
 5
 5
 5
 5
 5
 5
 5
 5
 5
 5
 5
 5
 5
 5
 5
 5
 5
 5
 5
 5
 5
 5
 5
 5
 5
 5
 5
 5
 5
 5
 5
 5
 5
 5
 5
 5
 5
 5
 5
 5
 5
 5
 5
 5
 5
 5
 5
 5
 5
 5
 5
 5
 5
 5
 5
 5
 5
 5
 5
 5
 5
 5
 5
 5
 5
 5
 5
 5
 5
 5
 5
 5
 5
 5
 5
 5
 5
 5
 5
 5
 5
 5
 5
 5
 5
 5
 5
 5
 5
 5
 5
 5
 5
 5
 5
 5
 5
 5
 5
 5
 5
 5
 5
 5
 5
 5
 5
 5
 5
 5
 5
 5
 5
 5
 5
 5
 5
 5
 5
 5
 5
 5
 5
 5
 5
 5
 5
 5
 5
 5
 5
 5
 5
 5
 5
 5
 5
 5
 5
 5
 5
 5
 5
 5
 5
 5
 5
 5
 5
 5
 5
 5
 5
 5
 5
 5
 5
 5
 5
 5
 5
 5
 5
 5
 5
 5
 5
 5
 5
 5
 5
 5
 5
 5
 5
 5
 5
 5
 5
 5
 5
 5
 5
 5
 5
 5
 5
 5
 5
 5
 5
 5
 5
 5
 5
 5
 5
 5
 5
 5
 5
 5
 5
 5
 5
 5
 5
 5
 5
 5
 5
 5
 5
 5
 5
 5
 5
 5
 5
 5
 5
 5
 5
 5
 5
 5
 5
 5
 5
 5
 5
 5
 5
 5
 5
 5
 5
 5
 5
 5
 5
 5
 5
 5
 5
 5
 5
 5
 5
 5
 5
 5
 5
 5
 5
 5
 5
 5
 5
 5
 5
 5
 5
 5
 5
 5
 5
 5
 5
 5
 5
 5
 5
 5
 5
 5
 5
 5
 5
 5
 5
 5
 5
 5
 5
 5
 5
 5
 5
 5
 5
 5
 5
 5
 5
 5
 5
 5
 5
 5
 5
 5
 5
 5
 5
 5
 5
 5
 5
 5
 5
 5
 5
 5
 5
 5
 5
 5
 5
 5
 5
 5
 5
 5
 5
 5
 5
 5
 5
 5
 5
 5
 5
 5
 5
 5
 5
 5
 5
 5
 5
 5
 5
 5
 5
 5
 5
 5
 5
 5
 5
 5
 5
 5
 5
 5
 5
 5
 5
 5
 5
 5
 5
 5
 5
 5
 5
 5
 5
 5
 5
 5
 5
 5
 5
 5
 5
 5
 5
 5
 5
 5
 5
 5
 5
 5
 5
 5
 5
 5
 5
 5
 5
 5
 5
 5
 5
 5
 5
 5
 5
 5
 5
 5
 5
 5
 5
 5
 5
 5
 5
 5
 5
 5
 5
 5
 5
 5
 5
 5
 5
 5
 5
 5
 5
 5
 5
 5
 5
 5
 5
 5
 5
 5
 5
 5
 5
 5
 5
 5
 5
 5
 5
 5
 5
 5
 5
 5
 5
 5
 5
 5
 5
 5
 5
 5
 5
 5
 5
 5
 5
 5
 5
 5
 5
 5
 5
 5
 5
 5
 5
 5
 5
 5
 5
 5
 5
 5
 5
 5
 5
 5
 5
 5
 5
 5
 5
 5
 5
 5
 5
 5
 5
 5
 5
 5
 5
 5
 5
 5
 5
 5
 5
 5
 5
 5
 5
 5
 5
 5
 5
 5
 5
 5
 5
 5
 5
 5
 5
 5
 5
 5
 5
 5
 5
 5
 5
 5
 5
 5
 5
 5
 5
 5
 5
 5
 5
 5
 5
 5
 5
 5
 5
 5
 5
 5
 5
 5
 5
 5
 5
 5
 5
 5
 5
 5
 5
 5
 5
 5
 5
 5
 5
 5
 5
 5
 5
 5
 5
 5
 5
 5
 5
 5
 5
 5
 5
 5
 5
 5
 5
 5
 5
 5
 5
 5
 5
 5
 5
 5
 5
 5
 5
 5
 5
 5
 5
 5
 5
 5
 5
 5
 5
 5
 5
 5
 5
 5
 5
 5
 5
 5
 5
 5
 5
 5
 5
 5
 5
 5
 5
 5
 5
 5
 5
 5
 5
 5
 5
 5
 5
 5
 5
 5
 5
 5
 5
 5
 5
 5
 5
 5
 5
 5
 5
 5
 5
 5
 5
 5
 5
 5
 5
 5
 5
 5
 5
 5
 5
 5
 5
 5
 5
 5
 5
 5
 5
 5
 5
 5
 5
 5
 5
 5
 5
 5
 5
 5
 5
 5
 5
 5
 5
 5
 5
 5
 5
 5
 5
 5
 5
 5
 5
 5
 5
 5
 5
 5
 5
 5
 5
 5
 5
 5
 5
 5
 5
 5
 5
 5
 5
 5
 5
 5
 5
 5
 5
 5
 5
 5
 5
 5
 5
 5
 5
 5
 5
 5
 5
 5
 5
 5
 5
 5
 5
 5
 5
 5
 5
 5
 5
 5
 5
 5
 5
 5
 5
 5
 5
 5
 5
 5
 5
 5
 5
 5
 5
 5
 5
 5
 5
 5
 5
 5
 5
 5
 5
 5
 5
 5
 5
 5
 5
 5
 5
 5
 5
 5
 5
 5
 5
 5
 5
 5
 5
 5
 5
 5
 5
 5
 5
 5
 5
 5
 5
 5
 5
 5
 5
 5
 5
 5
 5
 5
 5
 5
 5
 5
 5
 5
 5
 5
 5
 5
 5
 5
 5
 5
 5
 5
 5
 5
 5
 5
 5
 5
 5
 5
 5
 5
 5
 5
 5
 5
 5
 5
 5
 5
 5
 5
 5
 5
 5
 5
 5
 5
 5
 5
 5
 5
 5
 5
 5
 5
 5
 5
 5
 5
 5
 5
 5
 5
 5
 5
 5
 5
 5
 5
 5
 5
 5
 5
 5
 5
 5
 5
 5
 5
 5
 5
 5
 5
 5
 5
 5
 5
 5
 5
 5
 5
 5
 5
 5
 5
 5
 5
 5
 5
 5
 5
 5
 5
 5
 5
 5
 5
 5
 5
 5
 5
 5
 5
 5
 5
 5
 5
 5
 5
 5
 5
 5
 5
 5
 5
 5
 5
 5
 5
 5
 5
 5
 5
 5
 5
 5
 5
 5
 5
 5
 5
 5
 5
 5
 5
 5
 5
 5
 5
 5
 5
 5
 5
 5
 5
 5
 5
 5
 5
 5
 5
 5
 5
 5
 5
 5
 5
 5
 5
 5
 5
 5
 5
 5
 5
 5
 5
 5
 5
 5
 5
 5
 5
 5
 5
 5
 5
 5
 5
 5
 5
 5
 5
 5
 5
 5
 5
 5
 5
 5
 5
 5
 5
 5
 5
 5
 5
 5
 5
 5
 5
 5
 5
 5
 5
 5
 5
 5
 5
 5
 5
 5
 5
 5
 5
 5
 5
 5
 5
 5
 5
 5
 5
 5
 5
 5
 5
 5
 5
 5
 5
 5
 5
 5
 5
 5
 5
 5
 5
 5
 5
 5
 5
 5
 5
 5
 5
 5
 5
 5
 5
 5
 5
 5
 5
 5
 5
 5
 5
 5
 5
 5
 5
 5
 5
 5
 5
 5
 5
 5
 5
 5
 5
 5
 5
 5
 5
 5
 5
 5
 5
 5
 5
 5
 5
 5
 5
 5
 5
 5
 5
 5
 5
 5
 5
 5
 5
 5
 5
 5
 5
 5
 5
 5
 5
 5
 5
 5
 5
 5
 5
 5
 5
 5
 5
 5
 5
 5
 5
 5
 5
 5
 5
 5
 5
 5
 5
 5
 5
 5
 5
 5
 5
 5
 5
 5
 5
 5
 5
 5
 5
 5
 5
 5
 5
 5
 5
 5
 5
 5
 5
 5
 5
 5
 5
 5
 5
 5
 5
 5
 5
 5
 5
 5
 5
 5
 5
 5
 5
 5
 5
 5
 5
 5
 5
 5
 5
 5
 5
 5
 5
 5
 5
 5
 5
 5
 5
 5
 5
 5
 5
 5
 5
 5
 5
 5
 5
 5
 5
 5
 5
 5
 5
 5
 5
 5
 5
 5
 5
 5
 5
 5
 5
 5
 5
 5
 5
 5
 5
 5
 5
 5
 5
 5
 5
 5
 5
 5
 5
 5
 5
 5
 5
 5
 5
 5
 5
 5
 5
 5
 5
 5
 5
 5
 5
 5
 5
 5
 5
 5
 5
 5
 5
 5
 5
 5
 5
 5
 5
 5
 5
 5
 5
 5
 5
 5
 5
 5
 5
 5
 5
 5
 5
 5
 5
 5
 5
 5
 5
 5
 5
 5
 5
 5
 5
 5
 5
 5
 5
 5
 5
 5
 5
 5
 5
 5
 5
 5
 5
 5
 5
 5
 5
 5
 5
 5
 5
 5
 5
 5
 5
 5
 5
 5
 5
 5
 5
 5
 5
 5
 5
 5
 5
 5
 5
 5
 5
 5
 5
 5
 5
 5
 5
 5
 5
 5
 5
 5
 5
 5
 5
 5
 5
 5
 5
 5
 5
 5
 5
 5
 5
 5
 5
 5
 5
 5
 5
 5
 5
 5
 5
 5
 5
 5
 5
 5
 5
 5
 5
 5
 5
 5
 5
 5
 5
 5
 5
 5
 5
 5
 5
 5
 5
 5
 5
 5
 5
 5
 5
 5
 5
 5
 5
 5
 5
 5
 5
 5
 5
 5
 5
 5
 5
 5
 5
 5
 5
 5
 5
 5
 5
 5
 5
 5
 5
 5
 5
 5
 5
 5
 5
 5
 5
 5
 5
 5
 5
 5
 5
 5
 5
 5
 5
 5
 5
 5
 5
 5
 5
 5
 5
 5
 5
 5
 5
 5
 5
 5
 5
 5
 5
 5
 5
 5
 5
 5
 5
 5
 5
 5
 5
 5
 5
 5
 5
 5
 5
 5
 5
 5
 5
 5
 5
 5
 5
 5
 5
 5
 5
 5
 5
 5
 5
 5
 5
 5
 5
 5
 5
 5
 5
 5
 5
 5
 5
 5
 5
 5
 5
 5
 5
 5
 5
 5
 5
 5
 5
 5
 5
 5
 5
 5
 5
 5
 5
 5
 5
 5
 5
 5
 5
 5
 5
 5
 5
 5
 5
 5
 5
 5
 5
 5
 5
 5
 5
 5
 5
 5
 5
 5
 5
 5
 5
 5
 5
 5
 5
 5
 5
 5
 5
 5
 5
 5
 5
 5
 5
 5
 5
 5
 5
 5
 5
 5
 5
 5
 5
 5
 5
 5
 5
 5
 5
 5
 5
 5
 5
 5
 5
 5
 5
 5
 5
 5
 5
 5
 5
 5
 5
 5
 5
 5
 5
 5
 5
 5
 5
 5
 5
 5
 5
 5
 5
 5
 5
 5
 5
 5
 5
 5
 5
 5
 5
 5
 5
 5
 5
 5
 5
 5
 5
 5
 5
 5
 5
 5
 5
 5
 5
 5
 5
 5
 5
 5
 5
 5
 5
 5
 5
 5
 5
 5
 5
 5
 5
 5
 5
 5
 5
 5
 5
 5
 5
 5
 5
 5
 5
 5
 5
 5
 5
 5
 5
 5
 5
 5
 5
 5
 5
 5
 5
 5
 5
 5
 5
 5
 5
 5
 5
 5
 5
 5
 5
 5
 5
 5
 5
 5
 5
 5
 5
 5
 5
 5
 5
 5
 5
 5
 5
 5
 5
 5
 5
 5
 5
 5
 5
 5
 5
 5
 5
 5
 5
 5
 5
 5
 5
 5
 5
 5
 5
 5
 5
 5
 5
 5
 5
 5
 5
 5
 5
 5
 5
 5
 5
 5
 5
 5
 5
 5
 5
 5
 5
 5
 5
 5
 5
 5
 5
 5
 5
 5
 5
 5
 5
 5
 5
 5
 5
 5
 5
 5
 5
 5
 5
 5
 5
 5
 5
 5
 5
 5
 5
 5
 5
 5
 5
 5
 5
 5
 5
 5
 5
 5
 5
 5
 5
 5
 5
 5
 5
 5
 5
 5
 5
 5
 5
 5
 5
 5
 5
 5
 5
 5
 5
 5
 5
 5
 5
 5
 5
 5
 5
 5
 5
 5
 5
 5
 5
 5
 5
 5
 5
 5
 5
 5
 5
 5
 5
 5
 5
 5
 5
 5
 5
 5
 5
 5
 5
 5
 5
 5
 5
 5
 5
 5
 5
 5
 5
 5
 5
 5
 5
 5
 5
 5
 5
 5
 5
 5
 5
 5
 5
 5
 5
 5
 5
 5
 5
 5
 5
 5
 5
 5
 5
 5
 5
 5
 5
 5
 5
 5
 5
 5
 5
 5
 5
 5
 5
 5
 5
 5
 5
 5
 5
 5
 5
 5
 5
 5
 5
 5
 5
 5
 5
 5
 5
 5
 5
 5
 5
 5
 5
 5
 5
 5
 5
 5
 5
 5
 5
 5
 5
 5
 5
 5
 5
 5
 5
 5
 5
 5
 5
 5
 5
 5
 5
 5
 5
 5
 5
 5
 5
 5
 5
 5
 5
 5
 5
 5
 5
 5
 5
 5
 5
 5
 5
 5
 5
 5
 5
 5
 5
 5
 5
 5
 5
 5
 5
 5
 5
 5
 5
 5
 5
 5
 5
 5
 5
 5
 5
 5
 5
 5
 5
 5
 5
 5
 5
 5
 5
 5
 5
 5
 5
 5
 5
 5
 5
 5
 5
 5
 5
 5
 5
 5
 5
 5
 5
 5
 5
 5
 5
 5
 5
 5
 5
 5
 5
 5
 5
 5
 5
 5
 5
 5
 5
 5
 5
 5
 5
 5
 5
 5
 5
 5
 5
 5
 5
 5
 5
 5
 5
 5
 5
 5
 5
 5
 5
 5
 5
 5
 5
 5
 5
 5
 5
 5
 5
 5
 5
 5
 5
 5
 5
 5
 5
 5
 5
 5
 5
 5
 5
 5
 5
 5
 5
 5
 5
 5
 5
 5
 5
 5
 5
 5
 5
 5
 5
 5
 5
 5
 5
 5
 5
 5
 5
 5
 5
 5
 5
 5
 5
 5
 5
 5
 5
 5
 5
 5
 5
 5
 5
 5
 5
 5
 5
 5
 5
 5
 5
 5
 5
 5
 5
 5
 5
 5
 5
 5
 5
 5
 5
 5
 5
 5
 5
 5
 5
 5
 5
 5
 5
 5
 5
 5
 5
 5
 5
 5
 5
 5
 5
 5
 5
 5
 5
 5
 5
 5
 5
 5
 5
 5
 5
 5
 5
 5
 5
 5
 5
 5
 5
 5
 5
 5
 5
 5
 5
 5
 5
 5
 5
 5
 5
 5
 5
 5
 5
 5
 5
 5
 5
 5
 5
 5
 5
 5
 5
 5
 5
 5
 5
 5
 5
 5
 5
 5
 5
 5
 5
 5
 5
 5
 5
 5
 5
 5
 5
 5
 5
 5
 5
 5
 5
 5
 5
 5
 5
 5
 5
 5
 5
 5
 5
 5
 5
 5
 5
 5
 5
 5
 5
 5
 5
 5
 5
 5
 5
 5
 5
 5
 5
 5
 5
 5
 5
 5
 5
 5
 5
 5
 5
 5
 5
 5
 5
 5
 5
 5
 5
 5
 5
 5
 5
 5
 5
 5
 5
 5
 5
 5
 5
 5
 5
 5
 5
 5
 5
 5
 5
 5
 5
 5
 5
 5
 5
 5
 5
 5
 5
 5
 5
 5
 5
 5
 5
 5
 5
 5
 5
 5
 5
 5
 5
 5
 5
 5
 5
 5
 5
 5
 5
 5
 5
 5
 5
 5
 5
 5
 5
 5
 5
 5
 5
 5
 5
 5
 5
 5
 5
 5
 5
 5
 5
 5
 5
 5
 5
 5
 5
 5
 5
 5
 5
 5
 5
 5
 5
 5
 5
 5
 5
 5
 5
 5
 5
 5
 5
 5
 5
 5
 5
 5
 5
 5
 5
 5
 5
 5
 5
 5
 5
 5
 5
 5
 5
 5
 5
 5
 5
 5
 5
 5
 5
 5
 5
 5
 5
 5
 5
 5
 5
 5
 5
 5
 5
 5
 5
 5
 5
 5
 5
 5
 5
 5
 5
 5
 5
 5
 5
 5
 5
 5
 5
 5
 5
 5
 5
 5
 5
 5
 5
 5
 5
 5
 5
 5
 5
 5
 5
 5
 5
 5
 5
 5
 5
 5
 5
 5
 5
 5
 5
 5
 5
 5
 5
 5
 5
 5
 5
 5
 5
 5
 5
 5
 5
 5
 5
 5
 5
 5
 5
 5
 5
 5
 5
 5
 5
 5
 5
 5
 5
 5
 5
 5
 5
 5
 5
 5
 5
 5
 5
 5
 5
 5
 5
 5
 5
 5
 5
 5
 5
 5
 5
 5
 5
 5
 5
 5
 5
 5
 5
 5
 5
 5
 5
 5
 5
 5
 5
 5
 5
 5
 5
 5
 5
 5
 5
 5
 5
 5
 5
 5
 5
 5
 5
 5
 5
 5
 5
 5
 5
 5
 5
 5
 5
 5
 5
 5
 5
 5
 5
 5
 5
 5
 5
 5
 5
 5
 5
 5
 5
 5
 5
 5
 5
 5
 5
 5
 5
 5
 5
 5
 5
 5
 5
 5
 5
 5
 5
 5
 5
 5
 5
 5
 5
 5
 5
 5
 5
 5
 5
 5
 5
 5
 5
 5
 5
 5
 5
 5
 5
 5
 5
 5
 5
 5
 5
 5
 5
 5
 5
 5
 5
 5
 5
 5
 5
 5
 5
 5
 5
 5
 5
 5
 5
 5
 5
 5
 5
 5
 5
 5
 5
 5
 5
 5
 5
 5
 5
 5
 5
 5
 5
 5
 5
 5
 5
 5
 5
 5
 5
 5
 5
 5
 5
 5
 5
 5
 5
 5
 5
 5
 5
 5
 5
 5
 5
 5
 5
 5
 5
 5
 5
 5
 5
 5
 5
 5
 5
 5
 5
 5
 5
 5
 5
 5
 5
 5
 5
 5
 5
 5
 5
 5
 5
 5
 5
 5
 5
 5
 5
 5
 5
 5
 5
 5
 5
 5
 5
 5
 5
 5
 5
 5
 5
 5
 5
 5
 5
 5
 5
 5
 5
 5
 5
 5
 5
 5
 5
 5
 5
 5
 5
 5
 5
 5
 5
 5
 5
 5
 5
 5
 5
 5
 5
 5
 5
 5
 5
 5
 5
 5
 5
 5
 5
 5
 5
 5
 5
 5
 5
 5
 5
 5
 5
 5
 5
 5
 5
 5
 5
 5
 5
 5
 5
 5
 5
 5
 5
 5
 5
 5
 5
 5
 5
 5
 5
 5
 5
 5
 5
 5
 5
 5
 5
 5
 5
 5
 5
 5
 5
 5
 5
 5
 5
 5
 5
 5
 5
 5
 5
 5
 5
 5
 5
 5
 5
 5
 5
 5
 5
 5
 5
 5
 5
 5
 5
 5
 5
 5
 5
 5
 5
 5
 5
 5
 5
 5
 5
 5
 5
 5
 5
 5
 5
 5
 5
 5
 5
 5
 5
 5
 5
 5
 5
 5
 5
 5
 5
 5
 5
 5
 5
 5
 5
 5
 5
 5
 5
 5
 5
 5
 5
 5
 5
 5
 5
 5
 5
 5
 5
 5
 5
 5
 5
 5
 5
 5
 5
 5
 5
 5
 5
 5
 5
 5
 5
 5
 5
 5
 5
 5
 5
 5
 5
 5
 5
 5
 5
 5
 5
 5
 5
 5
 5
 5
 5
 5
 5
 5
 5
 5
 5
 5
 5
 5
 5
 5
 5
 5
 5
 5
 5
 5
 5
 5
 5
 5
 5
 5
 5
 5
 5
 5
 5
 5
 5
 5
 5
 5
 5
 5
 5
 5
 5
 5
 5
 5
 5
 5
 5
 5
 5
 5
 5
 5
 5
 5
 5
 5
 5
 5
 5
 5
 5
 5
 5
 5
 5
 5
 5
 5
 5
 5
 5
 5
 5
 5
 5
 5
 5
 5
 5
 5
 5
 5
 5
 5
 5
 5
 5
 5
 5
 5
 5
 5
 5
 5
 5
 5
 5
 5
 5
 5
 5
 5
 5
 5
 5
 5
 5
 5
 5
 5
 5
 5
 5
 5
 5
 5
 5
 5
 5
 5
 5
 5
 5
 5
 5
 5
 5
 5
 5
 5
 5
 5
 5
 5
 5
 5
 5
 5
 5
 5
 5
 5
 5
 5
 5
 5
 5
 5
 5
 5
 5
 5
 5
 5
 5
 5
 5
 5
 5
 5
 5
 5
 5
 5
 5
 5
 5
 5
 5
 5
 5
 5
 5
 5
 5
 5
 5
 5
 5
 5
 5
 5
 5
 5
 5
 5
 5
 5
 5
 5
 5
 5
 5
 5
 5
 5
 5
 5
 5
 5
 5
 5
 5
 5
 5
 5
 5
 5
 5
 5
 5
 5
 5
 5
 5
 5
 5
 5
 5
 5
 5
 5
 5
 5
 5
 5
 5
 5
 5
 5
 5
 5
 5
 5
 5
 5
 5
 5
 5
 5
 5
 5
 5
 5
 5
 5
 5
 5
 5
 5
 5
 5
 5
 5
 5
 5
 5
 5
 5
 5
 5
 5
 5
 5
 5
 5
 5
 5
 5
 5
 5
 5
 5
 5
 5
 5
 5
 5
 5
 5
 5
 5
 5
 5
 5
 5
 5
 5
 5
 5
 5
 5
 5
 5
 5
 5
 5
 5
 5
 5
 5
 5
 5
 5
 5
 5
 5
 5
 5
 5
 5
 5
 5
 5
 5
 5
 5
 5
 5
 5
 5
 5
 5
 5
 5
 5
 5
 5
 5
 5
 5
 5
 5
 5
 5
 5
 5
 5
 5
 5
 5
 5
 5
 5
 5
 5
 5
 5
 5
 5
 5
 5
 5
 5
 5
 5
 5
 5
 5
 5
 5
 5
 5
 5
 5
 5
 5
 5
 5
 5
 5
 5
 5
 5
 5
 5
 5
 5
 5
 5
 5
 5
 5
 5
 5
 5
 5
 5
 5
 5
 5
 5
 5
 5
 5
 5
 5
 5
 5
 5
 5
 5
 5
 5
 5
 5
 5
 5
 5
 5
 5
 5
 5
 5
 5
 5
 5
 5
 5
 5
 5
 5
 5
 5
 5
 5
 5
 5
 5
 5
 5
 5
 5
 5
 5
 5
 5
 5
 5
 5
 5
 5
 5
 5
 5
 5
 5
 5
 5
 5
 5
 5
 5
 5
 5
 5
 5
 5
 5
 5
 5
 5
 5
 5
 5
 5
 5
 5
 5
 5
 5
 5
 5
 5
 5
 5
 5
 5
 5
 5
 5
 5
 5
 5
 5
 5
 5
 5
 5
 5
 5
 5
 5
 5
 5
 5
 5
 5
 5
 5
 5
 5
 5
 5
 5
 5
 5
 5
 5
 5
 5
 5
 5
 5
 5
 5
 5
 5
 5
 5
 5
 5
 5
 5
 5
 5
 5
 5
 5
 5
 5
 5
 5
 5
 5
 5
 5
 5
 5
 5
 5
 5
 5
 5
 5
 5
 5
 5
 5
 5
 5
 5
 5
 5
 5
 5
 5
 5
 5
 5
 5
 5
 5
 5
 5
 5
 5
 5
 5
 5
 5
 5
 5
 5
 5
 5
 5
 5
 5
 5
 5
 5
 5
 5
 5
 5
 5
 5
 5
 5
 5
 5
 5
 5
 5
 5
 5
 5
 5
 5
 5
 5
 5
 5
 5
 5
 5
 5
 5
 5
 5
 5
 5
 5
 5
 5
 5
 5
 5
 5
 5
 5
 5
 5
 5
 5
 5
 5
 5
 5
 5
 5
 5
 5
 5
 5
 5
 5
 5
 5
 5
 5
 5
 5
 5
 5
 5
 5
 5
 5
 5
 5
 5
 5
 5
 5
 5
 5
 5
 5
 5
 5
 5
 5
 5
 5
 5
 5
 5
 5
 5
 5
 5
 5
 5
 5
 5
 5
 5
 5
 5
 5
 5
 5
 5
 5
 5
 5
 5
 5
 5
 5
 5
 5
 5
 5
 5
 5
 5
 5
 5
 5
 5
 5
 5
 5
 5
 5
 5
 5
 5
 5
 5
 5
 5
 5
 5
 5
 5
 5
 5
 5
 5
 5
 5
 5
 5
 5
 5
 5
 5
 5
 5
 5
 5
 5
 5
 5
 5
 5
 5
 5
 5
 5
 5
 5
 5
 5
 5
 5
 5
 5
 5
 5
 5
 5
 5
 5
 5
 5
 5
 5
 5
 5
 5
 5
 5
 5
 5
 5
 5
 5
 5
 5
 5
 5
 5
 5
 5
 5
 5
 5
 5
 5
 5
 5
 5
 5
 5
 5
 5
 5
 5
 5
 5
 5
 5
 5
 5
 5
 5
 5
 5
 5
 5
 5
 5
 5
 5
 5
 5
 5
 5
 5
 5
 5
 5
 5
 5
 5
 5
 5
 5
 5
 5
 5
 5
 5
 5
 5
 5
 5
 5
 5
 5
 5
 5
 5
 5
 5
 5
 5
 5
 5
 5
 5
 5
 5
 5
 5
 5
 5
 5
 5
 5
 5
 5
 5
 5
 5
 5
 5
 5
 5
 5
 5
 5
 5
 5
 5
 5
 5
 5
 5
 5
 5
 5
 5
 5
 5
 5
 5
 5
 5
 5
 5
 5
 5
 5
 5
 5
 5
 5
 5
 5
 5
 5
 5
 5
 5
 5
 5
 5
 5
 5
 5
 5
 5
 5
 5
 5
 5
 5
 5
 5
 5
 5
 5
 5
 5
 5
 5
 5
 5
 5
 5
 5
 5
 5
 5
 5
 5
 5
 5
 5
 5
 5
 5
 5
 5
 5
 5
 5
 5
 5
 5
 5
 5
 5
 5
 5
 5
 5
 5
 5
 5
 5
 5
 5
 5
 5
 5
 5
 5
 5
 5
 5
 5
 5
 5
 5
 5
 5
 5
 5
 5
 5
 5
 5
 5
 5
 5
 5
 5
 5
 5
 5
 5
 5
 5
 5
 5
 5
 5
 5
 5
 5
 5
 5
 5
 5
 5
 5
 5
 5
 5
 5
 5
 5
 5
 5
 5
 5
 5
 5
 5
 5
 5
 5
 5
 5
 5
 5
 5
 5
 5
 5
 5
 5
 5
 5
 5
 5
 5
 5
 5
 5
 5
 5
 5
 5
 5
 5
 5
 5
 5
 5
 5
 5
 5
 5
 5
 5
 5
 5
 5
 5
 5
 5
 5
 5
 5
 5
 5
 5
 5
 5
 5
 5
 5
 5
 5
 5
 5
 5
 5
 5
 5
 5
 5
 5
 5
 5
 5
 5
 5
 5
 5
 5
 5
 5
 5
 5
 5
 5
 5
 5
 5
 5
 5
 5
 5
 5
 5
 5
 5
 5
 5
 5
 5
 5
 5
 5
 5
 5
 5
 5
 5
 5
 5
 5
 5
 5
 5
 5
 5
 5
 5
 5
 5
 5
 5
 5
 5
 5
 5
 5
 5
 5
 5
 5
 5
 5
 5
 5
 5
 5
 5
 5
 5
 5
 5
 5
 5
 5
 5
 5
 5
 5
 5
 5
 5
 5
 5
 5
 5
 5
 5
 5
 5
 5
 5
 5
 5
 5
 5
 5
 5
 5
 5
 5
 5
 5
 5
 5
 5
 5
 5
 5
 5
 5
 5
 5
 5
 5
 5
 5
 5
 5
 5
 5
 5
 5
 5
 5
 5
 5
 5
 5
 5
 5
 5
 5
 5
 5
 5
 5
 5
 5
 5
 5
 5
 5
 5
 5
 5
 5
 5
 5
 5
 5
 5
 5
 5
 5
 5
 5
 5
 5
 5
 5
 5
 5
 5
 5
 5
 5
 5
 5
 5
 5
 5
 5
 5
 5
 5
 5
 5
 5
 5
 5
 5
 5
 5
 5
 5
 5
 5
 5
 5
 5
 5
 5
 5
 5
 5
 5
 5
 5
 5
 5
 5
 5
 5
 5
 5
 5
 5
 5
 5
 5
 5
 5
 5
 5
 5
 5
 5
 5
 5
 5
 5
 5
 5
 5
 5
 5
 5
 5
 5
 5
 5
 5
 5
 5
 5
 5
 5
 5
 5
 5
 5
 5
 5
 5
 5
 5
 5
 5
 5
 5
 5
 5
 5
 5
 5
 5
 5
 5
 5
 5
 5
 5
 5
 5
 5
 5
 5
 5
 5
 5
 5
 5
 5
 5
 5
 5
 5
 5
 5
 5
 5
 5
 5
 5
 5
 5
 5
 5
 5
 5
 5
 5
 5
 5
 5
 5
 5
 5
 5
 5
 5
 5
 5
 5
 5
 5
 5
 5
 5
 5
 5
 5
 5
 5
 5
 5
 5
 5
 5
 5
 5
 5
 5
 5
 5
 5
 5
 5
 5
 5
 5
 5
 5
 5
 5
 5
 5
 5
 5
 5
 5
 5
 5
 5
 5
 5
 5
 5
 5
 5
 5
 5
 5
 5
 5
 5
 5
 5
 5
 5
 5
 5
 5
 5
 5
 5
 5
 5
 5
 5
 5
 5
 5
 5
 5
 5
 5
 5
 5
 5
 5
 5
 5
 5
 5
 5
 5
 5
 5
 5
 5
 5
 5
 5
 5
 5
 5
 5
 5
 5
 5
 5
 5
 5
 5
 5
 5
 5
 5
 5
 5
 5
 5
 5
 5
 5
 5
 5
 5
 5
 5
 5
 5
 5
 5
 5
 5
 5
 5
 5
 5
 5
 5
 5
 5
 5
 5
 5
 5
 5
 5
 5
 5
 5
 5
 5
 5
 5
 5
 5
 5
 5
 5
 5
 5
 5
 5
 5
 5
 5
 5
 5
 5
 5
 5
 5
 5
 5
 5
 5
 5
 5
 5
 5
 5
 5
 5
 5
 5
 5
 5
 5
 5
 5
 5
 5
 5
 5
 5
 5
 5
 5
 5
 5
 5
 5
 5
 5
 5
 5
 5
 5
 5
 5
 5
 5
 5
 5
 5
 5
 5
 5
 5
 5
 5
 5
 5
 5
 5
 5
 5
 5
 5
 5
 5
 5
 5
 5
 5
 5
 5
 5
 5
 5
 5
 5
 5
 5
 5
 5
 5
 5
 5
 5
 5
 5
 5
 5
 5
 5
 5
 5
 5
 5
 5
 5
 5
 5
 5
 5
 5
 5
 5
 5
 5
 5
 5
 5
 5
 5
 5
 5
 5
 5
 5
 5
 5
 5
 5
 5
 5
 5
 5
 5
 5
 5
 5
 5
 5
 5
 5
 5
 5
 5
 5
 5
 5
 5
 5
 5
 5
 5
 5
 5
 5
 5
 5
 5
 5
 5
 5
 5
 5
 5
 5
 5
 5
 5
 5
 5
 5
 5
 5
 5
 5
 5
 5
 5
 5
 5
 5
 5
 5
 5
 5
 5
 5
 5
 5
 5
 5
 5
 5
 5
 5
 5
 5
 5
 5
 5
 5
 5
 5
 5
 5
 5
 5
 5
 5
 5
 5
 5
 5
 5
 5
 5
 5
 5
 5
 5
 5
 5
 5
 5
 5
 5
 5
 5
 5
 5
 5
 5
 5
 5
 5
 5
 5
 5
 5
 5
 5
 5
 5
 5
 5
 5
 5
 5
 5
 5
 5
 5
 5
 5
 5
 5
 5
 5
 5
 5
 5
 5
 5
 5
 5
 5
 5
 5
 5
 5
 5
 5
 5
 5
 5
 5
 5
 5
 5
 5
 5
 5
 5
 5
 5
 5
 5
 5
 5
 5
 5
 5
 5
 5
 5
 5
 5
 5
 5
 5
 5
 5
 5
 5
 5
 5
 5
 5
 5
 5
 5
 5
 5
 5
 5
 5
 5
 5
 5
 5
 5
 5
 5
 5
 5
 5
 5
 5
 5
 5
 5
 5
 5
 5
 5
 5
 5
 5
 5
 5
 5
 5
 5
 5
 5
 5
 5
 5
 5
 5
 5
 5
 5
 5
 5
 5
 5
 5
 5
 5
 5
 5
 5
 5
 5
 5
 5
 5
 5
 5
 5
 5
 5
 5
 5
 5
 5
 5
 5
 5
 5
 5
 5
 5
 5
 5
 5
 5
 5
 5
 5
 5
 5
 5
 5
 5
 5
 5
 5
 5
 5
 5
 5
 5
 5
 5
 5
 5
 5
 5
 5
 5
 5
 5
 5
 5
 5
 5
 5
 5
 5
 5
 5
 5
 5
 5
 5
 5
 5
 5
 5
 5
 5
 5
 5
 5
 5
 5
 5
 5
 5
 5
 5
 5
 5
 5
 5
 5
 5
 5
 5
 5
 5
 5
 5
 5
 5
 5
 5
 5
 5
 5
 5
 5
 5
 5
 5
 5
 5
 5
 5
 5
 5
 5
 5
 5
 5
 5
 5
 5
 5
 5
 5
 5
 5
 5
 5
 5
 5
 5
 5
 5
 5
 5
 5
 5
 5
 5
 5
 5
 5
 5
 5
 5
 5
 5
 5
 5
 5
 5
 5
 5
 5
 5
 5
 5
 5
 5
 5
 5
 5
 5
 5
 5
 5
 5
 5
 5
 5
 5
 5
 5
 5
 5
 5
 5
 5
 5
 5
 5
 5
 5
 5
 5
 5
 5
 5
 5
 5
 5
 5
 5
 5
 5
 5
 5
 5
 5
 5
 5
 5
 5
 5
 5
 5
 5
 5
 5
 5
 5
 5
 5
 5
 5
 5
 5
 5
 5
 5
 5
 5
 5
 5
 5
 5
 5
 5
 5
 5
 5
 5
 5
 5
 5
 5
 5
 5
 5
 5
 5
 5
 5
 5
 5
 5
 5
 5
 5
 5
 5
 5
 5
 5
 5
 5
 5
 5
 5
 5
 5
 5
 5
 5
 5
 5
 5
 5
 5
 5
 5
 5
 5
 5
 5
 5
 5
 5
 5
 5
 5
 5
 5
 5
 5
 5
 5
 5
 5
 5
 5
 5
 5
 5
 5
 5
 5
 5
 5
 5
 5
 5
 5
 5
 5
 5
 5
 5
 5
 5
 5
 5
 5
 5
 5
 5
 5
 5
 5
 5
 5
 5
 5
 5
 5
 5
 5
 5
 5
 5
 5
 5
 5
 5
 5
 5
 5
 5
 5
 5
 5
 5
 5
 5
 5
 5
 5
 5
 5
 5
 5
 5
 5
 5
 5
 5
 5
 5
 5
 5
 5
 5
 5
 5
 5
 5
 5
 5
 5
 5
 5
 5
 5
 5
 5
 5
 5
 5
 5
 5
 5
 5
 5
 5
 5
 5
 5
 5
 5
 5
 5
 5
 5
 5
 5
 5
 5
 5
 5
 5
 5
 5
 5
 5
 5
 5
 5
 5
 5
 5
 5
 5
 5
 5
 5
 5
 5
 5
 5
 5
 5
 5
 5
 5
 5
 5
 5
 5
 5
 5
 5
 5
 5
 5
 5
 5
 5
 5
 5
 5
 5
 5
 5
 5
 5
 5
 5
 5
 5
 5
 5
 5
 5
 5
 5
 5
 5
 5
 5
 5
 5
 5
 5
 5
 5
 5
 5
 5
 5
 5
 5
 5
 5
 5
 5
 5
 5
 5
 5
 5
 5
 5
 5
 5
 5
 5
 5
 5
 5
 5
 5
 5
 5
 5
 5
 5
 5
 5
 5
 5
 5
 5
 5
 5
 5
 5
 5
 5
 5
 5
 5
 5
 5
 5
 5
 5
 5
 5
 5
 5
 5
 5
 5
 5
 5
 5
 5
 5
 5
 5
 5
 5
 5
 5
 5
 5
 5
 5
 5
 5
 5
 5
 5
 5
 5
 5
 5
 5
 5
 5
 5
 5
 5
 5
 5
 5
 5
 5
 5
 5
 5
 5
 5
 5
 5
 5
 5
 5
 5
 5
 5
 5
 5
 5
 5
 5
 5
 5
 5
 5
 5
 5
 5
 5
 5
 5
 5
 5
 5
 5
 5
 5
 5
 5
 5
 5
 5
 5
 5
 5
 5
 5
 5
 5
 5
 5
 5
 5
 5
 5
 5
 5
 5
 5
 5
 5
 5
 5
 5
 5
 5
 5
 5
 5
 5
 5
 5
 5
 5
 5
 5
 5
 5
 5
 5
 5
 5
 5
 5
 5
 5
 5
 5
 5
 5
 5
 5
 5
 5
 5
 5
 5
 5
 5
 5
 5
 5
 5
 5
 5
 5
 5
 5
 5
 5
 5
 5
 5
 5
 5
 5
 5
 5
 5
 5
 5
 5
 5
 5
 5
 5
 5
 5
 5
 5
 5
 5
 5
 5
 5
 5
 5
 5
 5
 5
 5
 5
 5
 5
 5
 5
 5
 5
 5
 5
 5
 5
 5
 5
 5
 5
 5
 5
 5
 5
 5
 5
 5
 5
 5
 5
 5
 5
 5
 5
 5
 5
 5
 5
 5
 5
 5
 5
 5
 5
 5
 5
 5
 5
 5
 5
 5
 5
 5
 5
 5
 5
 5
 5
 5
 5
 5
 5
 5
 5
 5
 5
 5
 5
 5
 5
 5
 5
 5
 5
 5
 5
 5
 5
 5
 5
 5
 5
 5
 5
 5
 5
 5
 5
 5
 5
 5
 5
 5
 5
 5
 5
 5
 5
 5
 5
 5
 5
 5
 5
 5
 5
 5
 5
 5
 5
 5
 5
 5
 5
 5
 5
 5
 5
 5
 5
 5
 5
 5
 5
 5
 5
 5
 5
 5
 5
 5
 5
 5
 5
 5
 5
 5
 5
 5
 5
 5
 5
 5
 5
 5
 5
 5
 5
 5
 5
 5
 5
 5
 5
 5
 5
 5
 5
 5
 5
 5
 5
 5
 5
 5
 5
 5
 5
 5
 5
 5
 5
 5
 5
 5
 5
 5
 5
 5
 5
 5
 5
 5
 5
 5
 5
 5
 5
 5
 5
 5
 5
 5
 5
 5
 5
 5
 5
 5
 5
 5
 5
 5
 5
 5
 5
 5
 5
 5
 5
 5
 5
 5
 5
 5
 5
 5
 5
 5
 5
 5
 5
 5
 5
 5
 5
 5
 5
 5
 5
 5
 5
 5
 5
 5
 5
 5
 5
 5
 5
 5
 5
 5
 5
 5
 5
 5
 5
 5
 5
 5
 5
 5
 5
 5
 5
 5
 5
 5
 5
 5
 5
 5
 5
 5
 5
 5
 5
 5
 5
 5
 5
 5
 5
 5
 5
 5
 5
 5
 5
 5
 5
 5
 5
 5
 5
 5
 5
 5
 5
 5
 5
 5
 5
 5
 5
 5
 5
 5
 5
 5
 5
 5
 5
 5
 5
 5
 5
 5
 5
 5
 5
 5
 5
 5
 5
 5
 5
 5
 5
 5
 5
 5
 5
 5
 5
 5
 5
 5
 5
 5
 5
 5
 5
 5
 5
 5
 5
 5
 5
 5
 5
 5
 5
 5
 5
 5
 5
 5
 5
 5
 5
 5
 5
 5
 5
 5
 5
 5
 5
 5
 5
 5
 5
 5
 5
 5
 5
 5
 5
 5
 5
 5
 5
 5
 5
 5
 5
 5
 5
 5
 5
 5
 5
 5
 5
 5
 5
 5
 5
 5
 5
 5
 5
 5
 5
 5
 5
 5
 5
 5
 5
 5
 5
 5
 5
 5
 5
 5
 5
 5
 5
 5
 5
 5
 5
 5
 5
 5
 5
 5
 5
 5
 5
 5
 5
 5
 5
 5
 5
 5
 5
 5
 5
 5
 5
 5
 5
 5
 5
 5
 5
 5
 5
 5
 5
 5
 5
 5
 5
 5
 5
 5
 5
 5
 5
 5
 5
 5
 5
 5
 5
 5
 5
 5
 5
 5
 5
 5
 5
 5
 5
 5
 5
 5
 5
 5
 5
 5
 5
 5
 5
 5
 5
 5
 5
 5
 5
 5
 5
 5
 5
 5
 5
 5
 5
 5
 5
 5
 5
 5
 5
 5
 5
 5
 5
 5
 5
 5
 5
 5
 5
 5
 5
 5
 5
 5
 5
 5
 5
 5
 5
 5
 5
 5
 5
 5
 5
 5
 5
 5
 5
 5
 5
 5
 5
 5
 5
 5
 5
 5
 5
 5
 5
 5
 5
 5
 5
 5
 5
 5
 5
 5
 5
 5
 5
 5
 5
 5
 5
 5
 5
 5
 5
 5
 5
 5
 5
 5
 5
 5
 5
 5
 5
 5
 5
 5
 5
 5
 5
 5
 5
 5
 5
 5
 5
 5
 5
 5
 5
 5
 5
 5
 5
 5
 5
 5
 5
 5
 5
 5
 5
 5
 5
 5
 5
 5
 5
 5
 5
 5
 5
 5
 5
 5
 5
 5
 5
 5
 5
 5
 5
 5
 5
 5
 5
 5
 5
 5
 5
 5
 5
 5
 5
 5
 5
 5
 5
 5
 5
 5
 5
 5
 5
 5
 5
 5
 5
 5
 5
 5
 5
 5
 5
 5
 5
 5
 5
 5
 5
 5
 5
 5
 5
 5
 5
 5
 5
 5
 5
 5
 5
 5
 5
 5
 5
 5
 5
 5
 5
 5
 5
 5
 5
 5
 5
 5
 5
 5
 5
 5
 5
 5
 5
 5
 5
 5
 5
 5
 5
 5
 5
 5
 5
 5
 5
 5
 5
 5
 5
 5
 5
 5
 5
 5
 5
 5
 5
 5
 5
 5
 5
 5
 5
 5
 5
 5
 5
 5
 5
 5
 5
 5
 5
 5
 5
 5
 5
 5
 5
 5
 5
 5
 5
 5
 5
 5
 5
 5
 5
 5
 5
 5
 5
 5
 5
 5
 5
 5
 5
 5
 5
 5
 5
 5
 5
 5
 5
 5
 5
 5
 5
 5
 5
 5
 5
 5
 5
 5
 5
 5
 5
 5
 5
 5
 5
 5
 5
 5
 5
 5
 5
 5
 5
 5
 5
 5
 5
 5
 5
 5
 5
 5
 5
 5
 5
 5
 5
 5
 5
 5
 5
 5
 5
 5
 5
 5
 5
 5
 5
 5
 5
 5
 5
 5
 5
 5
 5
 5
 5
 5
 5
 5
 5
 5
 5
 5
 5
 5
 5
 5
 5
 5
 5
 5
 5
 5
 5
 5
 5
 5
 5
 5
 5
 5
 5
 5
 5
 5
 5
 5
 5
 5
 5
 5
 5
 5
 5
 5
 5
 5
 5
 5
 5
 5
 5
 5
 5
 5
 5
 5
 5
 5
 5
 5
 5
 5
 5
 5
 5
 5
 5
 5
 5
 5
 5
 5
 5
 5
 5
 5
 5
 5
 5
 5
 5
 5
 5
 5
 5
 5
 5
 5
 5
 5
 5
 5
 5
 5
 5
 5
 5
 5
 5
 5
 5
 5
 5
 5
 5
 5
 5
 5
 5
 5
 5
 5
 5
 5
 5
 5
 5
 5
 5
 5
 5
 5
 5
 5
 5
 5
 5
 5
 5
 5
 5
 5
 5
 5
 5
 5
 5
 5
 5
 5
 5
 5
 5
 5
 5
 5
 5
 5
 5
 5
 5
 5
 5
 5
 5
 5
 5
 5
 5
 5
 5
 5
 5
 5
 5
 5
 5
 5
 5
 5
 5
 5
 5
 5
 5
 5
 5
 5
 5
 5
 5
 5
 5
 5
 5
 5
 5
 5
 5
 5
 5
 5
 5
 5
 5
 5
 5
 5
 5
 5
 5
 5
 5
 5
 5
 5
 5
 5
 5
 5
 5
 5
 5
 5
 5
 5
 5
 5
 5
 5
 5
 5
 5
 5
 5
 5
 5
 5
 5
 5
 5
 5
 5
 5
 5
 5
 5
 5
 5
 5
 5
 5
 5
 5
 5
 5
 5
 5
 5
 5
 5
 5
 5
 5
 5
 5
 5
 5
 5
 5
 5
 5
 5
 5
 5
 5
 5
 5
 5
 5
 5
 5
 5
 5
 5
 5
 5
 5
 5
 5
 5
 5
 5
 5
 5
 5
 5
 5
 5
 5
 5
 5
 5
 5
 5
 5
 5
 5
 5
 5
 5
 5
 5
 5
 5
 5
 5
 5
 5
 5
 5
 5
 5
 5
 5
 5
 5
 5
 5
 5
 5
 5
 5
 5
 5
 5
 5
 5
 5
 5
 5
 5
 5
 5
 5
 5
 5
 5
 5
 5
 5
 5
 5
 5
 5
 5
 5
 5
 5
 5
 5
 5
 5
 5
 5
 5
 5
 5
 5
 5
 5
 5
 5
 5
 5
 5
 5
 5
 5
 5
 5
 5
 5
 5
 5
 5
 5
 5
 5
 5
 5
 5
 5
 5
 5
 5
 5
 5
 5
 5
 5
 5
 5
 5
 5
 5
 5
 5
 5
 5
 5
 5
 5
 5
 5
 5
 5
 5
 5
 5
 5
 5
 5
 5
 5
 5
 5
 5
 5
 5
 5
 5
 5
 5
 5
 5
 5
 5
 5
 5
 5
 5
 5
 5
 5
 5
 5
 5
 5
 5
 5
 5
 5
 5
 5
 5
 5
 5
 5
 5
 5
 5
 5
 5
 5
 5
 5
 5
 5
 5
 5
 5
 5
 5
 5
 5
 5
 5
 5
 5
 5
 5
 5
 5
 5
 5
 5
 5
 5
 5
 5
 5
 5
 5
 5
 5
 5
 5
 5
 5
 5
 5
 5
 5
 5
 5
 5
 5
 5
 5
 5
 5
 5
 5
 5
 5
 5
 5
 5
 5
 5
 5
 5
 5
 5
 5
 5
 5
 5
 5
 5
 5
 5
 5
 5
 5
 5
 5
 5
 5
 5
 5
 5
 5
 5
 5
 5
 5
 5
 5
 5
 5
 5
 5
 5
 5
 5
 5
 5
 5
 5
 5
 5
 5
 5
 5
 5
 5
 5
 5
 5
 5
 5
 5
 5
 5
 5
 5
 5
 5
 5
 5
 5
 5
 5
 5
 5
 5
 5
 5
 5
 5
 5
 5
 5
 5
 5
 5
 5
 5
 5
 5
 5
 5
 5
 5
 5
 5
 5
 5
 5
 5
 5
 5
 5
 5
 5
 5
 5
 5
 5
 5
 5
 5
 5
 5
 5
 5
 5
 5
 5
 5
 5
 5
 5
 5
 5
 5
 5
 5
 5
 5
 5
 5
 5
 5
 5
 5
 5
 5
 5
 5
 5
 5
 5
 5
 5
 5
 5
 5
 5
 5
 5
 5
 5
 5
 5
 5
 5
 5
 5
 5
 5
 5
 5
 5
 5
 5
 5
 5
 5
 5
 5
 5
 5
 5
 5
 5
 5
 5
 5
 5
 5
 5
 5
 5
 5
 5
 5
 5
 5
 5
 5
 5
 5
 5
 5
 5
 5
 5
 5
 5
 5
 5
 5
 5
 5
 5
 5
 5
 5
 5
 5
 5
 5
 5
 5
 5
 5
 5
 5
 5
 5
 5
 5
 5
 5
 5
 5
 5
 5
 5
 5
 5
 5
 5
 5
 5
 5
 5
 5
 5
 5
 5
 5
 5
 5
 5
 5
 5
 5
 5
 5
 5
 5
 5
 5
 5
 5
 5
 5
 5
 5
 5
 5
 5
 5
 5
 5
 5
 5
 5
 5
 5
 5
 5
 5
 5
 5
 5
 5
 5
 5
 5
 5
 5
 5
 5
 5
 5
 5
 5
 5
 5
 5
 5
 5
 5
 5
 5
 5
 5
 5
 5
 5
 5
 5
 5
 5
 5
 5
 5
 5
 5
 5
 5
 5
 5
 5
 5
 5
 5
 5
 5
 5
 5
 5
 5
 5
 5
 5
 5
 5
 5
 5
 5
 5
 5
 5
 5
 5
 5
 5
 5
 5
 5
 5
 5
 5
 5
 5
 5
 5
 5
 5
 5
 5
 5
 5
 5
 5
 5
 5
 5
 5
 5
 5
 5
 5
 5
 5
 5
 5
 5
 5
 5
 5
 5
 5
 5
 5
 5
 5
 5
 5
 5
 5
 5
 5
 5
 5
 5
 5
 5
 5
 5
 5
 5
 5
 5
 5
 5
 5
 5
 5
 5
 5
 5
 5
 5
 5
 5
 5
 5
 5
 5
 5
 5
 5
 5
 5
 5
 5
 5
 5
 5
 5
 5
 5
 5
 5
 5
 5
 5
 5
 5
 5
 5
 5
 5
 5
 5
 5
 5
 5
 5
 5
 5
 5
 5
 5
 5
 5
 5
 5
 5
 5
 5
 5
 5
 5
 5
 5
 5
 5
 5
 5
 5
 5
 5
 5
 5
 5
 5
 5
 5
 5
 5
 5
 5
 5
 5
 5
 5
 5
 5
 5
 5
 5
 5
 5
 5
 5
 5
 5
 5
 5
 5
 5
 5
 5
 5
 5
 5
 5
 5
 5
 5
 5
 5
 5
 5
 5
 5
 5
 5
 5
 5
 5
 5
 5
 5
 5
 5
 5
 5
 5
 5
 5
 5
 5
 5
 5
 5
 5
 5
 5
 5
 5
 5
 5
 5
 5
 5
 5
 5
 5
 5
 5
 5
 5
 5
 5
 5
 5
 5
 5
 5
 5
 5
 5
 5
 5
 5
 5
 5
 5
 5
 5
 5
 5
 5
 5
 5
 5
 5
 5
 5
 5
 5
 5
 5
 5
 5
 5
 5
 5
 5
 5
 5
 5
 5
 5
 5
 5
 5
 5
 5
 5
 5
 5
 5
 5
 5
 5
 5
 5
 5
 5
 5
 5
 5
 5
 5
 5
 5
 5
 5
 5
 5
 5
 5
 5
 5
 5
 5
 5
 5
 5
 5
 5
 5
 5
 5
 5
 5
 5
 5
 5
 5
 5
 5
 5
 5
 5
 5
 5
 5
 5
 5
 5
 5
 5
 5
 5
 5
 5
 5
 5
 5
 5
 5
 5
 5
 5
 5
 5
 5
 5
 5
 5
 5
 5
 5
 5
 5
 5
 5
 5
 5
 5
 5
 5
 5
 5
 5
 5
 5
 5
 5
 5
 5
 5
 5
 5
 5
 5
 5
 5
 5
 5
 5
 5
 5
 5
 5
 5
 5
 5
 5
 5
 5
 5
 5
 5
 5
 5
 5
 5
 5
 5
 5
 5
 5
 5
 5
 5
 5
 5
 5
 5
 5
 5
 5
 5
 5
 5
 5
 5
 5
 5
 5
 5
 5
 5
 5
 5
 5
 5
 5
 5
 5
 5
 5
 5
 5
 5
 5
 5
 5
 5
 5
 5
 5
 5
 5
 5
 5
 5
 5
 5
 5
 5
 5
 5
 5
 5
 5
 5
 5
 5
 5
 5
 5
 5
 5
 5
 5
 5
 5
 5
 5
 5
 5
 5
 5
 5
 5
 5
 5
 5
 5
 5
 5
 5
 5
 5
 5
 5
 5
 5
 5
 5
 5
 5
 5
 5
 5
 5
 5
 5
 5
 5
 5
 5
 5
 5
 5
 5
 5
 5
 5
 5
 5
 5
 5
 5
 5
 5
 5
 5
 5
 5
 5
 5
 5
 5
 5
 5
 5
 5
 5
 5
 5
 5
 5
 5
 5
 5
 5
 5
 5
 5
 5
 5
 5
 5
 5
 5
 5
 5
 5
 5
 5
 5
 5
 5
 5
 5
 5
 5
 5
 5
 5
 5
 5
 5
 5
 5
 5
 5
 5
 5
 5
 5
 5
 5
 5
 5
 5
 5
 5
 5
 5
 5
 5
 5
 5
 5
 5
 5
 5
 5
 5
 5
 5
 5
 5
 5
 5
 5
 5
 5
 5
 5
 5
 5
 5
 5
 5
 5
 5
 5
 5
 5
 5
 5
 5
 5
 5
 5
 5
 5
 5
 5
 5
 5
 5
 5
 5
 5
 5
 5
 5
 5
 5
 5
 5
 5
 5
 5
 5
 5
 5
 5
 5
 5
 5
 5
 5
 5
 5
 5
 5
 5
 5
 5
 5
 5
 5
 5
 5
 5
 5
 5
 5
 5
 5
 5
 5
 5
 5
 5
 5
 5
 5
 5
 5
 5
 5
 5
 5
 5
 5
 5
 5
 5
 5
 5
 5
 5
 5
 5
 5
 5
 5
 5
 5
 5
 5
 5
 5
 5
 5
 5
 5
 5
 5
 5
 5
 5
 5
 5
 5
 5
 5
 5
 5
 5
 5
 5
 5
 5
 5
 5
 5
 5
 5
 5
 5
 5
 5
 5
 5
 5
 5
 5
 5
 5
 5
 5
 5
 5
 5
 5
 5
 5
 5
 5
 5
 5
 5
 5
 5
 5
 5
 5
 5
 5
 5
 5
 5
 5
 5
 5
 5
 5
 5
 5
 5
 5
 5
 5
 5
 5
 5
 5
 5
 5
 5
 5
 5
 5
 5
 5
 5
 5
 5
 5
 5
 5
 5
 5
 5
 5
 5
 5
 5
 5
 5
 5
 5
 5
 5
 5
 5
 5
 5
 5
 5
 5
 5
 5
 5
 5
 5
 5
 5
 5
 5
 5
 5
 5
 5
 5
 5
 5
 5
 5
 5
 5
 5
 5
 5
 5
 5
 5
 5
 5
 5
 5
 5
 5
 5
 5
 5
 5
 5
 5
 5
 5
 5
 5
 5
 5
 5
 5
 5
 5
 5
 5
 5
 5
 5
 5
 5
 5
 5
 5
 5
 5
 5
 5
 5
 5
 5
 5
 5
 5
 5
 5
 5
 5
 5
 5
 5
 5
 5
 5
 5
 5
 5
 5
 5
 5
 5
 5
 5
 5
 5
 5
 5
 5
 5
 5
 5
 5
 5
 5
 5
 5
 5
 5
 5
 5
 5
 5
 5
 5
 5
 5
 5
 5
 5
 5
 5
 5
 5
 5
 5
 5
 5
 5
 5
 5
 5
 5
 5
 5
 5
 5
 5
 5
 5
 5
 5
 5
 5
 5
 5
 5
 5
 5
 5
 5
 5
 5
 5
 5
 5
 5
 5
 5
 5
 5
 5
 5
 5
 5
 5
 5
 5
 5
 5
 5
 5
 5
 5
 5
 5
 5
 5
 5
 5
 5
 5
 5
 5
 5
 5
 5
 5
 5
 5
 5
 5
 5
 5
 5
 5
 5
 5
 5
 5
 5
 5
 5
 5
 5
 5
 5
 5
 5
 5
 5
 5
 5
 5
 5
 5
 5
 5
 5
 5
 5
 5
 5
 5
 5
 5
 5
 5
 5
 5
 5
 5
 5
 5
 5
 5
 5
 5
 5
 5
 5
 5
 5
 5
 5
 5
        </DataArray>
        <DataArray type="Int32" Name="connectivity">
 41 25 81
 13 41 81
 41 9 82
 25 41 82
 42 25 83
 0 42 83
 42 13 81
 25 42 81
 43 26 84
 13 43 84
 43 1 85
 26 43 85
 41 26 86
 9 41 86
 41 13 84
 26 41 84
 44 26 87
 14 44 87
 44 9 86
 26 44 86
 45 26 85
 1 45 85
 45 14 87
 26 45 87
 46 27 88
 14 46 88
 46 4 89
 27 46 89
 44 27 90
 9 44 90
 44 14 88
 27 44 88
 47 27 91
 15 47 91
 47 9 90
 27 47 90
 48 27 89
 4 48 89
 48 15 91
 27 48 91
 49 28 92
 15 49 92
 49 3 93
 28 49 93
 47 28 94
 9 47 94
 47 15 92
 28 47 92
 50 28 95
 16 50 95
 50 9 94
 28 50 94
 51 28 93
 3 51 93
 51 16 95
 28 51 95
 53 25 96
 16 53 96
 53 0 83
 25 53 83
 50 25 82
 9 50 82
 50 16 96
 25 50 96
 55 29 97
 18 55 97
 55 10 98
 29 55 98
 56 29 99
 1 56 99
 56 18 97
 29 56 97
 57 30 100
 18 57 100
 57 2 101
 30 57 101
 55 30 102
 10 55 102
 55 18 100
 30 55 100
 58 30 103
 17 58 103
 58 10 102
 30 58 102
 54 30 101
 2 54 101
 54 17 103
 30 54 103
 52 31 104
 17 52 104
 52 5 105
 31 52 105
 58 31 106
 10 58 106
 58 17 104
 31 58 104
 59 31 107
 19 59 107
 59 10 106
 31 59 106
 60 31 105
 5 60 105
 60 19 107
 31 60 107
 61 32 108
 19 61 108
 61 4 109
 32 61 109
 59 32 110
 10 59 110
 59 19 108
 32 59 108
 62 32 111
 14 62 111
 62 10 110
 32 62 110
 46 32 109
 4 46 109
 46 14 111
 32 46 111
 45 29 112
 14 45 112
 45 1 99
 29 45 99
 62 29 98
 10 62 98
 62 14 112
 29 62 112
 63 33 113
 15 63 113
 114 63 145
 145 11 202
 114 145 202
 33 63 114
 49 33 115
 3 49 115
 49 15 113
 33 49 113
 48 34 116
 15 48 116
 48 4 117
 34 48 117
 63 34 118
 145 118 171
 11 145 171
 63 118 145
 63 15 116
 34 63 116
 146 119 172
 2645 172 3163
 64 2645 3163
 146 172 2645
 34 119 146
 4302 173 5063
 147 4302 5063
 119 173 4302
 203 173 5437
 5437 20 5438
 203 5437 5438
 5063 203 5064
 147 5063 5064
 173 203 5063
 204 172 4303
 4303 147 4304
 204 4303 4304
 3163 204 3164
 64 3163 3164
 172 204 3163
 172 119 4302
 4302 147 4303
 172 4302 4303
 2061 174 2325
 148 2061 2325
 118 174 2061
 205 174 2646
 2646 64 2647
 205 2646 2647
 2325 205 2326
 148 2325 2326
 174 205 2325
 206 171 2062
 2062 148 2063
 206 2062 2063
 11 171 206
 171 118 2061
 2061 148 2062
 171 2061 2062
 118 34 146
 174 146 2645
 2645 64 2646
 174 2645 2646
 118 146 174
 65 34 117
 4 65 117
 119 65 149
 173 149 5436
 5436 20 5437
 173 5436 5437
 119 149 173
 34 65 119
 175 150 207
 207 120 263
 175 207 263
 66 150 175
 150 35 176
 207 176 264
 120 207 264
 150 176 207
 486 313 839
 312 486 839
 208 313 486
 907 901 997
 840 907 997
 907 485 945
 901 907 945
 996 901 1128
 484 996 1128
 996 840 997
 901 996 997
 840 313 841
 907 841 908
 485 907 908
 840 841 907
 902 788 937
 787 902 937
 902 485 903
 788 902 903
 871 788 3653
 177 871 3653
 871 787 937
 788 871 937
 1038 901 1039
 787 1038 1039
 1038 484 1128
 901 1038 1128
 902 901 945
 485 902 945
 902 787 1039
 901 902 1039
 976 839 977
 1137 977 1140
 484 1137 1140
 976 977 1137
 312 839 976
 839 313 840
 977 840 996
 996 484 1140
 977 996 1140
 839 840 977
 481 312 956
 151 481 956
 481 208 486
 312 481 486
 310 265 421
 208 310 421
 310 120 422
 265 310 422
 553 482 625
 625 423 761
 553 625 761
 313 482 553
 482 265 554
 625 554 667
 423 625 667
 482 554 625
 809 725 810
 555 809 810
 809 485 865
 725 809 865
 726 725 795
 423 726 795
 726 555 810
 725 726 810
 789 788 851
 555 789 851
 789 177 3653
 788 789 3653
 809 788 903
 485 809 903
 809 555 851
 788 809 851
 841 553 842
 842 485 908
 841 842 908
 313 553 841
 761 725 843
 553 761 843
 761 423 795
 725 761 795
 842 725 865
 485 842 865
 842 553 843
 725 842 843
 313 208 421
 421 265 482
 313 421 482
 5500 1734 5501
 1624 5500 5501
 5500 1303 5509
 1734 5500 5509
 4474 4468 5502
 1734 4474 5502
 4474 483 5047
 4468 4474 5047
 4468 1624 5501
 5501 1734 5502
 4468 5501 5502
 1624 331 5499
 5499 1303 5500
 1624 5499 5500
 4504 1773 4510
 4510 1304 5083
 4504 4510 5083
 1303 1773 4504
 4517 1774 5108
 1773 4517 5108
 4517 311 4518
 1774 4517 4518
 4510 1774 4511
 1304 4510 4511
 4510 1773 5108
 1774 4510 5108
 4505 1735 5079
 1734 4505 5079
 4505 1304 4506
 1735 4505 4506
 4474 1735 4475
 483 4474 4475
 4474 1734 5079
 1735 4474 5079
 5509 4504 5510
 1734 5509 5510
 1303 4504 5509
 4505 4504 5083
 1304 4505 5083
 4505 1734 5510
 4504 4505 5510
 4386 4378 5484
 1625 4386 5484
 4386 739 5023
 4378 4386 5023
 4378 499 5483
 5483 1625 5484
 4378 5483 5484
 4469 1626 5039
 1625 4469 5039
 4469 483 4470
 1626 4469 4470
 4386 1626 4387
 739 4386 4387
 4386 1625 5039
 1626 4386 5039
 4379 853 4993
 740 4379 4993
 4379 739 4380
 853 4379 4380
 4300 853 4301
 177 4300 4301
 4300 740 4993
 853 4300 4993
 5473 4378 5474
 740 5473 5474
 499 4378 5473
 4379 4378 5023
 739 4379 5023
 4379 740 5474
 4378 4379 5474
 5481 1624 5482
 499 5481 5482
 331 1624 5481
 5489 4468 5490
 1625 5489 5490
 1624 4468 5489
 4469 4468 5047
 483 4469 5047
 4469 1625 5490
 4468 4469 5490
 5482 1625 5483
 499 5482 5483
 5482 1624 5489
 1625 5482 5489
 5497 1302 5498
 331 5497 5498
 20 1302 5497
 1303 1302 1772
 1773 1772 4516
 4517 4516 5101
 311 4517 5101
 1773 4516 4517
 1303 1772 1773
 5498 1303 5499
 331 5498 5499
 1302 1303 5498
 1191 1062 1237
 1425 1237 1499
 974 1425 1499
 1191 1237 1425
 955 1062 1191
 1062 312 1138
 1237 1138 1365
 1365 974 1499
 1237 1365 1499
 1062 1138 1237
 1621 1424 1687
 1423 1621 1687
 1621 1190 1622
 1424 1621 1622
 1567 1424 1568
 974 1567 1568
 1567 1423 1687
 1424 1567 1687
 1775 1620 1776
 1423 1775 1776
 1775 311 3987
 1620 1775 3987
 1621 1620 1725
 1190 1621 1725
 1621 1423 1776
 1620 1621 1776
 1279 1191 1459
 1459 1190 1549
 1279 1459 1549
 955 1191 1279
 1425 1424 1550
 1191 1425 1550
 1425 974 1568
 1424 1425 1568
 1459 1424 1622
 1190 1459 1622
 1459 1191 1550
 1424 1459 1550
 955 151 956
 956 312 1062
 955 956 1062
 1427 1136 1551
 1036 1427 1551
 1427 975 1428
 1136 1427 1428
 1280 1136 1281
 484 1280 1281
 1280 1036 1551
 1136 1280 1551
 1688 1426 1689
 1036 1688 1689
 1688 483 3929
 1426 1688 3929
 1427 1426 1623
 975 1427 1623
 1427 1036 1689
 1426 1427 1689
 1139 976 1238
 1238 975 1366
 1139 1238 1366
 312 976 1139
 1137 1136 1239
 976 1137 1239
 1137 484 1281
 1136 1137 1281
 1238 1136 1428
 975 1238 1428
 1238 976 1239
 1136 1238 1239
 1460 1037 1461
 787 1460 1461
 1460 739 3831
 1037 1460 3831
 1038 1037 1367
 484 1038 1367
 1038 787 1461
 1037 1038 1461
 871 853 3735
 787 871 3735
 871 177 4301
 853 871 4301
 1460 853 4380
 739 1460 4380
 1460 787 3735
 853 1460 3735
 1627 1626 3891
 1036 1627 3891
 1627 739 4387
 1626 1627 4387
 1688 1626 4470
 483 1688 4470
 1688 1036 3891
 1626 1688 3891
 1280 1037 1628
 1036 1280 1628
 1280 484 1367
 1037 1280 1367
 1627 1037 3831
 739 1627 3831
 1627 1036 1628
 1037 1627 1628
 1777 1566 1778
 1305 1777 1778
 1777 1304 3963
 1566 1777 3963
 1569 1566 1690
 974 1569 1690
 1569 1305 1778
 1566 1569 1778
 1736 1735 3935
 1305 1736 3935
 1736 483 4475
 1735 1736 4475
 1777 1735 4506
 1304 1777 4506
 1777 1305 3935
 1735 1777 3935
 1779 1774 3957
 1423 1779 3957
 1779 1304 4511
 1774 1779 4511
 1775 1774 4518
 311 1775 4518
 1775 1423 3957
 1774 1775 3957
 1567 1566 1780
 1423 1567 1780
 1567 974 1690
 1566 1567 1690
 1779 1566 3963
 1304 1779 3963
 1779 1423 1780
 1566 1779 1780
 1307 1306 1462
 1138 1307 1462
 1307 975 1501
 1306 1307 1501
 1365 1306 1570
 974 1365 1570
 1365 1138 1462
 1306 1365 1462
 1138 312 1139
 1307 1139 1366
 975 1307 1366
 1138 1139 1307
 1500 1426 1737
 1305 1500 1737
 1500 975 1623
 1426 1500 1623
 1736 1426 3929
 483 1736 3929
 1736 1305 1737
 1426 1736 1737
 1569 1306 1655
 1305 1569 1655
 1569 974 1570
 1306 1569 1570
 1500 1306 1501
 975 1500 1501
 1500 1305 1655
 1306 1500 1655
 209 175 314
 151 209 314
 66 175 209
 208 175 263
 263 120 310
 208 263 310
 314 208 481
 151 314 481
 175 208 314
 66 7 121
 121 35 150
 66 121 150
 939 317 1014
 316 939 1014
 210 317 939
 1078 880 1243
 879 1078 1243
 317 880 1078
 1463 1308 1694
 1242 1463 1694
 1463 880 5218
 1308 1463 5218
 1693 1308 1805
 178 1693 1805
 1693 1242 1694
 1308 1693 1694
 1503 1243 5182
 1242 1503 5182
 879 1243 1503
 1243 880 1463
 1463 1242 5182
 1243 1463 5182
 1014 879 1175
 316 1014 1175
 1014 317 1078
 879 1014 1078
 923 316 986
 152 923 986
 923 210 939
 316 923 939
 315 266 424
 210 315 424
 315 122 425
 266 315 425
 775 426 929
 317 775 929
 775 266 776
 426 775 776
 1309 1012 5174
 881 1309 5174
 880 1012 1309
 1012 426 1130
 1130 881 5174
 1012 1130 5174
 1629 1308 1630
 881 1629 1630
 1629 178 1805
 1308 1629 1805
 1309 1308 5218
 880 1309 5218
 1309 881 1630
 1308 1309 1630
 880 317 929
 929 426 1012
 880 929 1012
 317 210 424
 424 266 775
 317 424 775
 2875 2874 3455
 1781 2875 3455
 1742 2874 2875
 2874 1370 2943
 2943 1781 3455
 2874 2943 3455
 2347 2319 2876
 1781 2347 2876
 2347 773 2597
 2319 2347 2597
 2875 2319 3347
 1742 2875 3347
 2875 1781 2876
 2319 2875 2876
 1742 321 2873
 2873 1370 2874
 1742 2873 2874
 2373 2363 3012
 1738 2373 3012
 2373 1371 2699
 2363 2373 2699
 3011 2363 3621
 1370 3011 3621
 3011 1738 3012
 2363 3011 3012
 2420 1739 2759
 1738 2420 2759
 2420 211 2421
 1739 2420 2421
 2373 1739 2374
 1371 2373 2374
 2373 1738 2759
 1739 2373 2759
 2364 1782 2641
 1781 2364 2641
 2364 1371 2365
 1782 2364 2365
 2347 1782 2348
 773 2347 2348
 2347 1781 2641
 1782 2347 2641
 2943 2363 2944
 1781 2943 2944
 2943 1370 3621
 2363 2943 3621
 2364 2363 2699
 1371 2364 2699
 2364 1781 2944
 2363 2364 2944
 2289 2277 2772
 1743 2289 2772
 2289 1241 2527
 2277 2289 2527
 2771 2277 3137
 1240 2771 3137
 2771 1743 2772
 2277 2771 2772
 2320 1744 2547
 1743 2320 2547
 2320 773 2321
 1744 2320 2321
 2289 1744 2290
 1241 2289 2290
 2289 1743 2547
 1744 2289 2547
 2278 1692 2499
 1691 2278 2499
 2278 1241 2279
 1692 2278 2279
 2247 1692 2248
 178 2247 2248
 2247 1691 2499
 1692 2247 2499
 2711 2277 2712
 1691 2711 2712
 2711 1240 3137
 2277 2711 3137
 2278 2277 2527
 1241 2278 2527
 2278 1691 2712
 2277 2278 2712
 2769 1742 2770
 1240 2769 2770
 321 1742 2769
 2831 2319 2832
 1743 2831 2832
 2831 1742 3347
 2319 2831 3347
 2320 2319 2597
 773 2320 2597
 2320 1743 2832
 2319 2320 2832
 2771 2770 3235
 1743 2771 3235
 1240 2770 2771
 2770 1742 2831
 2831 1743 3235
 2770 2831 3235
 2871 338 2872
 321 2871 2872
 64 338 2871
 3009 1666 3010
 1370 3009 3010
 338 1666 3009
 3087 2419 3088
 1738 3087 3088
 3087 1666 3983
 2419 3087 3983
 2420 2419 2817
 211 2420 2817
 2420 1738 3088
 2419 2420 3088
 3011 3010 3795
 1738 3011 3795
 1370 3010 3011
 3010 1666 3087
 3087 1738 3795
 3010 3087 3795
 2872 1370 2873
 321 2872 2873
 2872 338 3009
 1370 2872 3009
 1074 1051 1166
 337 1074 1166
 1074 316 1192
 1051 1074 1192
 1552 1373 1656
 1372 1552 1656
 1052 1373 1552
 1373 1051 1572
 1572 1372 1656
 1373 1572 1656
 1740 1519 1741
 1372 1740 1741
 1740 211 1816
 1519 1740 1816
 1552 1519 1635
 1052 1552 1635
 1552 1372 1741
 1519 1552 1741
 1052 337 1166
 1166 1051 1373
 1052 1166 1373
 337 152 986
 986 316 1074
 337 986 1074
 1574 1369 1695
 1368 1574 1695
 1174 1369 1574
 1369 879 1553
 1553 1368 1695
 1369 1553 1695
 1745 1573 1746
 1368 1745 1746
 1745 773 1819
 1573 1745 1819
 1574 1573 1696
 1174 1574 1696
 1574 1368 1746
 1573 1574 1746
 1174 316 1175
 1175 879 1369
 1174 1175 1369
 1726 1502 1727
 1242 1726 1727
 1726 1241 1815
 1502 1726 1815
 1503 1502 1657
 879 1503 1657
 1503 1242 1727
 1502 1503 1727
 1693 1692 1809
 1242 1693 1809
 1693 178 2248
 1692 1693 2248
 1726 1692 2279
 1241 1726 2279
 1726 1242 1809
 1692 1726 1809
 1747 1744 1820
 1368 1747 1820
 1747 1241 2290
 1744 1747 2290
 1745 1744 2321
 773 1745 2321
 1745 1368 1820
 1744 1745 1820
 1553 1502 1748
 1368 1553 1748
 1553 879 1657
 1502 1553 1657
 1747 1502 1815
 1241 1747 1815
 1747 1368 1748
 1502 1747 1748
 1783 1571 1784
 1429 1783 1784
 1783 1371 1821
 1571 1783 1821
 1576 1571 1697
 1051 1576 1697
 1576 1429 1784
 1571 1576 1784
 1785 1782 1822
 1429 1785 1822
 1785 773 2348
 1782 1785 2348
 1783 1782 2365
 1371 1783 2365
 1783 1429 1822
 1782 1783 1822
 1749 1739 1823
 1372 1749 1823
 1749 1371 2374
 1739 1749 2374
 1740 1739 2421
 211 1740 2421
 1740 1372 1823
 1739 1740 1823
 1572 1571 1750
 1372 1572 1750
 1572 1051 1697
 1571 1572 1697
 1749 1571 1821
 1371 1749 1821
 1749 1372 1750
 1571 1749 1750
 1192 1174 1430
 1051 1192 1430
 316 1174 1192
 1575 1573 1786
 1429 1575 1786
 1575 1174 1696
 1573 1575 1696
 1785 1573 1819
 773 1785 1819
 1785 1429 1786
 1573 1785 1786
 1576 1430 1698
 1429 1576 1698
 1051 1430 1576
 1430 1174 1575
 1575 1429 1698
 1430 1575 1698
 212 179 318
 152 212 318
 35 179 212
 210 179 267
 267 122 315
 210 267 315
 318 210 923
 152 318 923
 179 210 318
 2186 1104 2187
 1040 2186 2187
 2186 493 2219
 1104 2186 2219
 1997 1975 2188
 1104 1997 2188
 1997 487 2071
 1975 1997 2071
 1975 1040 2187
 2187 1104 2188
 1975 2187 2188
 1040 319 2185
 2185 493 2186
 1040 2185 2186
 2027 2011 2268
 1025 2027 2268
 2027 1024 2123
 2011 2027 2123
 2011 493 2267
 2267 1025 2268
 2011 2267 2268
 2040 1129 2149
 1025 2040 2149
 2040 213 2041
 1129 2040 2041
 2027 1129 2028
 1024 2027 2028
 2027 1025 2149
 1129 2027 2149
 2012 1196 2109
 1104 2012 2109
 2012 1024 2013
 1196 2012 2013
 1997 1196 1998
 487 1997 1998
 1997 1104 2109
 1196 1997 2109
 2219 2011 2220
 1104 2219 2220
 493 2011 2219
 2012 2011 2123
 1024 2012 2123
 2012 1104 2220
 2011 2012 2220
 1951 1116 1963
 1963 1092 2035
 1951 1963 2035
 982 1116 1951
 1976 1212 2057
 1116 1976 2057
 1976 487 1977
 1212 1976 1977
 1963 1212 1964
 1092 1963 1964
 1963 1116 2057
 1212 1963 2057
 1952 1198 2019
 1093 1952 2019
 1952 1092 1953
 1198 1952 1953
 1945 1198 1946
 180 1945 1946
 1945 1093 2019
 1198 1945 2019
 1093 982 1951
 1952 1951 2035
 1092 1952 2035
 1093 1951 1952
 2119 1040 2120
 982 2119 2120
 319 1040 2119
 2145 1975 2146
 1116 2145 2146
 1040 1975 2145
 1976 1975 2071
 487 1976 2071
 1976 1116 2146
 1975 1976 2146
 1116 982 2120
 2120 1040 2145
 1116 2120 2145
 2183 326 2184
 319 2183 2184
 148 326 2183
 2265 494 2266
 493 2265 2266
 326 494 2265
 2297 2039 2298
 1025 2297 2298
 2297 494 2525
 2039 2297 2525
 2040 2039 2177
 213 2040 2177
 2040 1025 2298
 2039 2040 2298
 2266 1025 2267
 493 2266 2267
 2266 494 2297
 1025 2266 2297
 2184 493 2185
 319 2184 2185
 2184 326 2265
 493 2184 2265
 1319 1318 5162
 5162 491 5242
 1319 5162 5242
 325 1318 1319
 1318 324 3739
 5162 3739 5163
 491 5162 5163
 1318 3739 5162
 1321 1320 4813
 1117 1321 4813
 1321 492 5354
 1320 1321 5354
 1431 1320 5243
 491 1431 5243
 1431 1117 4813
 1320 1431 4813
 1193 1118 1322
 1117 1193 1322
 1193 213 1967
 1118 1193 1967
 1321 1118 4893
 492 1321 4893
 1321 1117 1322
 1118 1321 1322
 5352 1319 5353
 492 5352 5353
 325 1319 5352
 1320 1319 5242
 5242 491 5243
 1320 5242 5243
 5353 1320 5354
 492 5353 5354
 1319 1320 5353
 325 122 1317
 1317 324 1318
 325 1317 1318
 3721 3712 4555
 1211 3721 4555
 3721 1194 4977
 3712 3721 4977
 3713 3712 4880
 1080 3713 4880
 3713 1211 4555
 3712 3713 4555
 1374 1311 3722
 1211 1374 3722
 1374 487 1935
 1311 1374 1935
 3721 1311 4639
 1194 3721 4639
 3721 1211 3722
 1311 3721 3722
 4975 3711 4976
 1194 4975 4976
 324 3711 4975
 4879 3712 5493
 3711 4879 5493
 4879 1080 4880
 3712 4879 4880
 4976 3712 4977
 1194 4976 4977
 4976 3711 5493
 3712 4976 5493
 1314 1313 3624
 1197 1314 3624
 1314 1092 1917
 1313 1314 1917
 3623 1313 4482
 1080 3623 4482
 3623 1197 3624
 1313 3623 3624
 1282 1198 1907
 1197 1282 1907
 1282 180 1946
 1198 1282 1946
 1314 1198 1953
 1092 1314 1953
 1314 1197 1907
 1198 1314 1907
 1375 1212 1927
 1211 1375 1927
 1375 1092 1964
 1212 1375 1964
 1374 1212 1977
 487 1374 1977
 1374 1211 1927
 1212 1374 1927
 3713 1313 3714
 1211 3713 3714
 3713 1080 4482
 1313 3713 4482
 1375 1313 1917
 1092 1375 1917
 1375 1211 3714
 1313 1375 3714
 1310 1244 3742
 1195 1310 3742
 1310 1024 1949
 1244 1310 1949
 3741 1244 4745
 491 3741 4745
 3741 1195 3742
 1244 3741 3742
 1312 1196 1943
 1195 1312 1943
 1312 487 1998
 1196 1312 1998
 1310 1196 2013
 1024 1310 2013
 1310 1195 1943
 1196 1310 1943
 1245 1129 1954
 1117 1245 1954
 1245 1024 2028
 1129 1245 2028
 1193 1129 2041
 213 1193 2041
 1193 1117 1954
 1129 1193 1954
 1431 1244 1432
 1117 1431 1432
 1431 491 4745
 1244 1431 4745
 1245 1244 1949
 1024 1245 1949
 1245 1117 1432
 1244 1245 1432
 3740 3739 5035
 5035 1194 5036
 3740 5035 5036
 5163 3740 5164
 491 5163 5164
 3739 3740 5163
 3739 324 4975
 4975 1194 5035
 3739 4975 5035
 3751 1311 3752
 1195 3751 3752
 3751 1194 4639
 1311 3751 4639
 1312 1311 1935
 487 1312 1935
 1312 1195 3752
 1311 1312 3752
 3741 3740 4681
 1195 3741 4681
 3741 491 5164
 3740 3741 5164
 3751 3740 5036
 1194 3751 5036
 3751 1195 4681
 3740 3751 4681
 268 206 320
 427 320 983
 1004 983 1937
 1938 1937 2009
 180 1938 2009
 1004 1937 1938
 427 983 1004
 268 320 427
 11 206 268
 2063 319 2064
 206 2063 2064
 2063 148 2183
 319 2063 2183
 982 320 2065
 2065 319 2119
 982 2065 2119
 983 982 1093
 1937 1093 1945
 1945 180 2009
 1937 1945 2009
 983 1093 1937
 320 982 983
 320 206 2064
 2064 319 2065
 320 2064 2065
 2487 322 2488
 269 2487 2488
 205 322 2487
 2551 1464 2552
 428 2551 2552
 322 1464 2551
 2601 2213 2602
 1465 2601 2602
 2601 1464 2977
 2213 2601 2977
 2214 2213 2443
 178 2214 2443
 2214 1465 2602
 2213 2214 2602
 2553 2552 2919
 1465 2553 2919
 428 2552 2553
 2552 1464 2601
 2601 1465 2919
 2552 2601 2919
 2488 428 2489
 269 2488 2489
 2488 322 2551
 428 2488 2551
 2326 269 2327
 148 2326 2327
 2326 205 2487
 269 2326 2487
 2647 321 2648
 205 2647 2648
 2647 64 2871
 321 2647 2871
 2649 1240 2650
 322 2649 2650
 2649 321 2769
 1240 2649 2769
 2652 2651 3059
 1691 2652 3059
 1464 2651 2652
 2651 1240 2711
 2711 1691 3059
 2651 2711 3059
 2247 2213 2653
 1691 2247 2653
 2247 178 2443
 2213 2247 2443
 2652 2213 2977
 1464 2652 2977
 2652 1691 2653
 2213 2652 2653
 1464 322 2650
 2650 1240 2651
 1464 2650 2651
 322 205 2648
 2648 321 2649
 322 2648 2649
 749 626 5031
 556 749 5031
 488 626 749
 626 429 668
 668 556 5031
 626 668 5031
 669 629 783
 556 669 783
 669 323 2014
 629 669 2014
 749 629 5089
 488 749 5089
 749 556 783
 629 749 783
 488 266 557
 557 429 626
 488 557 626
 670 630 1094
 558 670 1094
 670 489 1995
 630 670 1995
 1042 630 5001
 429 1042 5001
 1042 558 1094
 630 1042 1094
 1119 631 1971
 558 1119 1971
 1119 213 2054
 631 1119 2054
 670 631 2075
 489 670 2075
 670 558 1971
 631 670 1971
 671 632 2001
 556 671 2001
 671 489 2106
 632 671 2106
 669 632 2115
 323 669 2115
 669 556 2001
 632 669 2001
 668 630 697
 556 668 697
 668 429 5001
 630 668 5001
 671 630 1995
 489 671 1995
 671 556 697
 630 671 697
 883 882 958
 628 883 958
 883 627 2033
 882 883 2033
 911 882 5175
 426 911 5175
 911 628 958
 882 911 958
 805 779 2020
 628 805 2020
 805 323 2128
 779 805 2128
 883 779 2161
 627 883 2161
 883 628 2020
 779 883 2020
 1467 1466 2037
 881 1467 2037
 1467 627 2179
 1466 1467 2179
 1629 1466 2215
 178 1629 2215
 1629 881 2037
 1466 1629 2037
 1130 882 1468
 881 1130 1468
 1130 426 5175
 882 1130 5175
 1467 882 2033
 627 1467 2033
 1467 881 1468
 882 1467 1468
 776 488 835
 426 776 835
 266 488 776
 836 629 863
 628 836 863
 836 488 5089
 629 836 5089
 805 629 2014
 323 805 2014
 805 628 863
 629 805 863
 911 835 5118
 628 911 5118
 426 835 911
 835 488 836
 836 628 5118
 835 836 5118
 425 325 490
 266 425 490
 122 325 425
 1041 559 5426
 5426 492 5427
 1041 5426 5427
 429 559 1041
 559 325 5352
 5352 492 5426
 559 5352 5426
 1213 1118 1214
 558 1213 1214
 1213 492 4893
 1118 1213 4893
 1119 1118 1967
 213 1119 1967
 1119 558 1214
 1118 1119 1214
 1042 1041 4943
 558 1042 4943
 429 1041 1042
 1213 1041 5427
 492 1213 5427
 1213 558 4943
 1041 1213 4943
 490 429 557
 266 490 557
 490 325 559
 429 490 559
 2328 430 2329
 326 2328 2329
 2328 269 2391
 430 2328 2391
 2331 2330 2548
 560 2331 2548
 494 2330 2331
 2330 430 2359
 2359 560 2548
 2330 2359 2548
 2053 2039 2332
 560 2053 2332
 2053 213 2177
 2039 2053 2177
 2331 2039 2525
 494 2331 2525
 2331 560 2332
 2039 2331 2332
 494 326 2329
 2329 430 2330
 494 2329 2330
 326 148 2327
 2327 269 2328
 326 2327 2328
 2491 2490 2783
 633 2491 2783
 495 2490 2491
 2490 428 2528
 2528 633 2783
 2490 2528 2783
 2127 2113 2492
 633 2127 2492
 2127 323 2309
 2113 2127 2309
 2491 2113 2731
 495 2491 2731
 2491 633 2492
 2113 2491 2492
 495 269 2489
 2489 428 2490
 495 2489 2490
 2178 2159 2554
 1465 2178 2554
 2178 627 2369
 2159 2178 2369
 2553 2159 2853
 428 2553 2853
 2553 1465 2554
 2159 2553 2554
 2214 1466 2399
 1465 2214 2399
 2214 178 2215
 1466 2214 2215
 2178 1466 2179
 627 2178 2179
 2178 1465 2399
 1466 2178 2399
 2160 779 2355
 633 2160 2355
 2160 627 2161
 779 2160 2161
 2127 779 2128
 323 2127 2128
 2127 633 2355
 779 2127 2355
 2528 2159 2529
 633 2528 2529
 2528 428 2853
 2159 2528 2853
 2160 2159 2369
 627 2160 2369
 2160 633 2529
 2159 2160 2529
 2105 2073 2394
 561 2105 2394
 2105 489 2259
 2073 2105 2259
 2393 2073 2605
 430 2393 2605
 2393 561 2394
 2073 2393 2394
 2114 632 2285
 561 2114 2285
 2114 323 2115
 632 2114 2115
 2105 632 2106
 489 2105 2106
 2105 561 2285
 632 2105 2285
 2074 631 2211
 560 2074 2211
 2074 489 2075
 631 2074 2075
 2053 631 2054
 213 2053 2054
 2053 560 2211
 631 2053 2211
 2359 2073 2360
 560 2359 2360
 2359 430 2605
 2073 2359 2605
 2074 2073 2259
 489 2074 2259
 2074 560 2360
 2073 2074 2360
 2391 495 2392
 430 2391 2392
 269 495 2391
 2435 2113 2436
 561 2435 2436
 2435 495 2731
 2113 2435 2731
 2114 2113 2309
 323 2114 2309
 2114 561 2436
 2113 2114 2436
 2393 2392 2671
 561 2393 2671
 430 2392 2393
 2392 495 2435
 2435 561 2671
 2392 2435 2671
 4770 1107 4771
 1007 4770 4771
 4770 1006 4853
 1107 4770 4853
 3121 3045 4772
 1107 3121 4772
 3121 327 4080
 3045 3121 4080
 3045 1007 4771
 4771 1107 4772
 3045 4771 4772
 1007 270 4769
 4769 1006 4770
 1007 4769 4770
 3357 3295 4950
 1120 3357 4950
 3357 1106 4322
 3295 3357 4322
 3295 1006 4949
 4949 1120 4950
 3295 4949 4950
 3546 1219 4414
 1120 3546 4414
 3546 214 3547
 1219 3546 3547
 3357 1219 3358
 1106 3357 3358
 3357 1120 4414
 1219 3357 4414
 3296 1216 4230
 1107 3296 4230
 3296 1106 3297
 1216 3296 3297
 3121 1216 3122
 327 3121 3122
 3121 1107 4230
 1216 3121 4230
 4853 3295 4854
 1107 4853 4854
 1006 3295 4853
 3296 3295 4322
 1106 3296 4322
 3296 1107 4854
 3295 3296 4854
 2929 2877 4598
 1050 2929 4598
 2929 562 3779
 2877 2929 3779
 2877 496 4597
 4597 1050 4598
 2877 4597 4598
 3046 1143 3930
 1050 3046 3930
 3046 327 3047
 1143 3046 3047
 2929 1143 2930
 562 2929 2930
 2929 1050 3930
 1143 2929 3930
 2878 1010 3637
 566 2878 3637
 2878 562 2879
 1010 2878 2879
 2807 1010 2808
 181 2807 2808
 2807 566 3637
 1010 2807 3637
 4432 2877 4433
 566 4432 4433
 496 2877 4432
 2878 2877 3779
 562 2878 3779
 2878 566 4433
 2877 2878 4433
 4595 1007 4596
 496 4595 4596
 270 1007 4595
 4695 3045 4696
 1050 4695 4696
 1007 3045 4695
 3046 3045 4080
 327 3046 4080
 3046 1050 4696
 3045 3046 4696
 4596 1050 4597
 496 4596 4597
 4596 1007 4695
 1050 4596 4695
 4767 328 4768
 270 4767 4768
 147 328 4767
 4947 1028 4948
 1006 4947 4948
 328 1028 4947
 4994 3545 4995
 1120 4994 4995
 1028 3545 4994
 3546 3545 4531
 214 3546 4531
 3546 1120 4995
 3545 3546 4995
 4948 1120 4949
 1006 4948 4949
 4948 1028 4994
 1120 4948 4994
 4768 1006 4769
 270 4768 4769
 4768 328 4947
 1006 4768 4947
 1506 1505 1701
 1701 1105 1702
 1506 1701 1702
 329 1505 1506
 1505 271 1510
 1701 1510 1704
 1105 1701 1704
 1505 1510 1701
 1508 1507 1631
 1218 1508 1631
 1508 1176 1700
 1507 1508 1700
 1514 1507 1703
 1105 1514 1703
 1514 1218 1631
 1507 1514 1631
 1324 1323 1509
 1218 1324 1509
 1324 214 1433
 1323 1324 1433
 1508 1323 1577
 1176 1508 1577
 1508 1218 1509
 1323 1508 1509
 1663 1506 1699
 1176 1663 1699
 329 1506 1663
 1507 1506 1702
 1702 1105 1703
 1507 1702 1703
 1699 1507 1700
 1176 1699 1700
 1506 1507 1699
 329 120 1504
 1504 271 1505
 329 1504 1505
 1469 1381 1554
 1142 1469 1554
 1469 1141 1660
 1381 1469 1660
 1382 1381 1579
 497 1382 1579
 1382 1142 1554
 1381 1382 1554
 1284 1283 1470
 1142 1284 1470
 1284 327 1379
 1283 1284 1379
 1469 1283 1580
 1141 1469 1580
 1469 1142 1470
 1283 1469 1470
 1658 1380 1659
 1141 1658 1659
 271 1380 1658
 1381 1380 1578
 1578 497 1579
 1381 1578 1579
 1659 1381 1660
 1141 1659 1660
 1380 1381 1659
 1168 1167 1286
 577 1168 1286
 1168 562 1246
 1167 1168 1246
 1285 1167 1471
 497 1285 1471
 1285 577 1286
 1167 1285 1286
 1054 1010 1169
 577 1054 1169
 1054 181 2808
 1010 1054 2808
 1168 1010 2879
 562 1168 2879
 1168 577 1169
 1010 1168 1169
 1217 1143 1326
 1142 1217 1326
 1217 562 2930
 1143 1217 2930
 1284 1143 3047
 327 1284 3047
 1284 1142 1326
 1143 1284 1326
 1382 1167 1383
 1142 1382 1383
 1382 497 1471
 1167 1382 1471
 1217 1167 1246
 562 1217 1246
 1217 1142 1383
 1167 1217 1383
 1378 1376 1513
 1215 1378 1513
 1378 1106 1472
 1376 1378 1472
 1512 1376 1632
 1105 1512 1632
 1512 1215 1513
 1376 1512 1513
 1325 1216 1434
 1215 1325 1434
 1325 327 3122
 1216 1325 3122
 1378 1216 3297
 1106 1378 3297
 1378 1215 1434
 1216 1378 1434
 1377 1219 1473
 1218 1377 1473
 1377 1106 3358
 1219 1377 3358
 1324 1219 3547
 214 1324 3547
 1324 1218 1473
 1219 1324 1473
 1514 1376 1515
 1218 1514 1515
 1514 1105 1632
 1376 1514 1632
 1377 1376 1472
 1106 1377 1472
 1377 1218 1515
 1376 1377 1515
 1511 1510 1661
 1661 1141 1662
 1511 1661 1662
 1704 1511 1705
 1105 1704 1705
 1510 1511 1704
 1510 271 1658
 1658 1141 1661
 1510 1658 1661
 1516 1283 1517
 1215 1516 1517
 1516 1141 1580
 1283 1516 1580
 1325 1283 1379
 327 1325 1379
 1325 1215 1517
 1283 1325 1517
 1512 1511 1581
 1215 1512 1581
 1512 1105 1705
 1511 1512 1705
 1516 1511 1662
 1141 1516 1662
 1516 1215 1581
 1511 1516 1581
 3673 330 3674
 272 3673 3674
 204 330 3673
 3964 498 3965
 431 3964 3965
 330 498 3964
 4138 2761 4139
 563 4138 4139
 4138 498 5477
 2761 4138 5477
 2762 2761 3487
 181 2762 3487
 2762 563 4139
 2761 2762 4139
 3966 3965 5276
 563 3966 5276
 431 3965 3966
 3965 498 4138
 4138 563 5276
 3965 4138 5276
 3674 431 3675
 272 3674 3675
 3674 330 3964
 431 3674 3964
 3164 272 3165
 64 3164 3165
 3164 204 3673
 272 3164 3673
 4304 270 4305
 204 4304 4305
 4304 147 4767
 270 4304 4767
 4306 496 4307
 330 4306 4307
 4306 270 4595
 496 4306 4595
 4308 566 4309
 498 4308 4309
 4308 496 4432
 566 4308 4432
 2807 2761 4310
 566 2807 4310
 2807 181 3487
 2761 2807 3487
 4309 2761 5477
 498 4309 5477
 4309 566 4310
 2761 4309 4310
 498 330 4307
 4307 496 4308
 498 4307 4308
 330 204 4305
 4305 270 4306
 330 4305 4306
 5278 332 5279
 273 5278 5279
 203 332 5278
 5360 500 5361
 432 5360 5361
 332 500 5360
 5394 4290 5395
 567 5394 5395
 500 4290 5394
 4291 4290 4963
 177 4291 4963
 4291 567 5395
 4290 4291 5395
 5361 567 5362
 432 5361 5362
 5361 500 5394
 567 5361 5394
 5279 432 5280
 273 5279 5280
 5279 332 5360
 432 5279 5360
 5064 273 5065
 147 5064 5065
 5064 203 5278
 273 5064 5278
 5438 331 5439
 203 5438 5439
 5438 20 5497
 331 5438 5497
 5440 499 5441
 332 5440 5441
 5440 331 5481
 499 5440 5481
 5442 740 5443
 500 5442 5443
 5442 499 5473
 740 5442 5473
 4300 4290 5444
 740 4300 5444
 4300 177 4963
 4290 4300 4963
 4290 500 5443
 5443 740 5444
 4290 5443 5444
 500 332 5441
 5441 499 5442
 500 5441 5442
 332 203 5439
 5439 331 5440
 332 5439 5440
 1250 1249 1435
 1015 1250 1435
 1250 501 1475
 1249 1250 1475
 1385 1249 1584
 433 1385 1584
 1385 1015 1435
 1249 1385 1435
 1144 1016 1251
 1015 1144 1251
 1144 333 1145
 1016 1144 1145
 1250 1016 1252
 501 1250 1252
 1250 1015 1251
 1016 1250 1251
 1287 1248 1474
 501 1287 1474
 265 1248 1287
 1249 1248 1583
 1583 433 1584
 1249 1583 1584
 1474 1249 1475
 501 1474 1475
 1248 1249 1474
 1253 1199 1439
 1177 1253 1439
 1253 984 1327
 1199 1253 1327
 1438 1199 1518
 433 1438 1518
 1438 1177 1439
 1199 1438 1439
 1328 1178 1384
 1177 1328 1384
 1328 214 3618
 1178 1328 3618
 1253 1178 3819
 984 1253 3819
 1253 1177 1384
 1178 1253 1384
 1200 1075 1220
 1015 1200 1220
 1200 984 3896
 1075 1200 3896
 1144 1075 4054
 333 1144 4054
 1144 1015 1220
 1075 1144 1220
 1385 1199 1386
 1015 1385 1386
 1385 433 1518
 1199 1385 1518
 1200 1199 1327
 984 1200 1327
 1200 1015 1386
 1199 1200 1386
 672 634 698
 568 672 698
 672 502 699
 634 672 699
 673 634 727
 423 673 727
 673 568 698
 634 673 698
 1017 635 1018
 568 1017 1018
 1017 333 4073
 635 1017 4073
 672 635 4168
 502 672 4168
 672 568 1018
 635 672 1018
 674 636 790
 555 674 790
 674 502 4225
 636 674 4225
 789 636 4292
 177 789 4292
 789 555 790
 636 789 790
 726 634 763
 555 726 763
 726 423 727
 634 726 727
 674 634 699
 502 674 699
 674 555 763
 634 674 763
 637 554 1288
 1288 501 1289
 637 1288 1289
 667 637 700
 423 667 700
 554 637 667
 554 265 1287
 1287 501 1288
 554 1287 1288
 1095 1016 1131
 568 1095 1131
 1095 501 1252
 1016 1095 1252
 1017 1016 1145
 333 1017 1145
 1017 568 1131
 1016 1017 1131
 673 637 1096
 568 673 1096
 673 423 700
 637 673 700
 1095 637 1289
 501 1095 1289
 1095 568 1096
 637 1095 1096
 422 329 1247
 265 422 1247
 120 329 422
 1437 1436 1664
 1664 1176 1665
 1437 1664 1665
 1633 1437 1634
 433 1633 1634
 1436 1437 1633
 1436 329 1663
 1663 1176 1664
 1436 1663 1664
 1476 1323 1477
 1177 1476 1477
 1476 1176 1577
 1323 1476 1577
 1328 1323 1433
 214 1328 1433
 1328 1177 1477
 1323 1328 1477
 1438 1437 1555
 1177 1438 1555
 1438 433 1634
 1437 1438 1634
 1476 1437 1665
 1176 1476 1665
 1476 1177 1555
 1437 1476 1555
 1248 1247 1582
 1582 433 1583
 1248 1582 1583
 265 1247 1248
 1247 329 1436
 1582 1436 1633
 433 1582 1633
 1247 1436 1582
 5066 434 5067
 328 5066 5067
 5066 273 5220
 434 5066 5220
 5068 1079 5069
 1028 5068 5069
 5068 434 5132
 1079 5068 5132
 3617 3545 5070
 1079 3617 5070
 3617 214 4531
 3545 3617 4531
 3545 1028 5069
 5069 1079 5070
 3545 5069 5070
 1028 328 5067
 5067 434 5068
 1028 5067 5068
 328 147 5065
 5065 273 5066
 328 5065 5066
 5281 569 5282
 503 5281 5282
 5281 432 5324
 569 5281 5324
 4072 4052 5283
 569 4072 5283
 4072 333 4755
 4052 4072 4755
 4052 503 5282
 5282 569 5283
 4052 5282 5283
 503 273 5280
 5280 432 5281
 503 5280 5281
 4224 4166 5363
 567 4224 5363
 4224 502 4865
 4166 4224 4865
 4166 432 5362
 5362 567 5363
 4166 5362 5363
 4291 636 4939
 567 4291 4939
 4291 177 4292
 636 4291 4292
 4224 636 4225
 502 4224 4225
 4224 567 4939
 636 4224 4939
 4167 635 4831
 569 4167 4831
 4167 502 4168
 635 4167 4168
 4072 635 4073
 333 4072 4073
 4072 569 4831
 635 4072 4831
 5324 4166 5325
 569 5324 5325
 432 4166 5324
 4167 4166 4865
 502 4167 4865
 4167 569 5325
 4166 4167 5325
 3895 3817 5223
 985 3895 5223
 3895 984 4675
 3817 3895 4675
 3817 434 5222
 5222 985 5223
 3817 5222 5223
 4053 1075 4733
 985 4053 4733
 4053 333 4054
 1075 4053 4054
 3895 1075 3896
 984 3895 3896
 3895 985 4733
 1075 3895 4733
 3818 1178 4623
 1079 3818 4623
 3818 984 3819
 1178 3818 3819
 3617 1178 3618
 214 3617 3618
 3617 1079 4623
 1178 3617 4623
 5132 3817 5133
 1079 5132 5133
 434 3817 5132
 3818 3817 4675
 984 3818 4675
 3818 1079 5133
 3817 3818 5133
 5220 503 5221
 434 5220 5221
 273 503 5220
 5248 4052 5249
 985 5248 5249
 503 4052 5248
 4053 4052 4755
 333 4053 4755
 4053 985 5249
 4052 4053 5249
 5221 985 5222
 434 5221 5222
 5221 503 5248
 985 5221 5248
 215 176 274
 274 152 334
 215 274 334
 264 215 335
 120 264 335
 176 215 264
 176 35 212
 212 152 274
 176 212 274
 961 960 1290
 855 961 1290
 571 960 961
 960 570 1255
 1255 855 1290
 960 1255 1290
 1331 856 1332
 855 1331 1332
 1331 336 1556
 856 1331 1556
 961 856 962
 571 961 962
 961 855 1332
 856 961 1332
 571 275 890
 890 570 960
 571 890 960
 1669 1254 1670
 1221 1669 1670
 1669 803 1807
 1254 1669 1807
 1387 1254 1478
 570 1387 1478
 1387 1221 1670
 1254 1387 1670
 1728 1668 1810
 1221 1728 1810
 1728 211 2440
 1668 1728 2440
 1669 1668 2517
 803 1669 2517
 1669 1221 1810
 1668 1669 1810
 1585 1330 1751
 855 1585 1751
 1585 803 2522
 1330 1585 2522
 1331 1330 2561
 336 1331 2561
 1331 855 1751
 1330 1331 1751
 1255 1254 1586
 855 1255 1586
 1255 570 1478
 1254 1255 1478
 1585 1254 1807
 803 1585 1807
 1585 855 1586
 1254 1585 1586
 769 638 829
 572 769 829
 769 504 770
 638 769 770
 798 638 799
 435 798 799
 798 572 829
 638 798 829
 857 745 858
 572 857 858
 857 336 2590
 745 857 2590
 769 745 2675
 504 769 2675
 769 572 858
 745 769 858
 675 639 701
 573 675 701
 675 504 2696
 639 675 2696
 676 639 2763
 181 676 2763
 676 573 701
 639 676 701
 677 638 747
 573 677 747
 677 435 799
 638 677 799
 675 638 770
 504 675 770
 675 573 747
 638 675 747
 743 571 797
 435 743 797
 275 571 743
 873 856 921
 572 873 921
 873 571 962
 856 873 962
 857 856 1556
 336 857 1556
 857 572 921
 856 857 921
 798 797 874
 572 798 874
 435 797 798
 797 571 873
 873 572 874
 797 873 874
 785 337 889
 275 785 889
 152 337 785
 1053 1052 1222
 570 1053 1222
 337 1052 1053
 1520 1519 1729
 1221 1520 1729
 1520 1052 1635
 1519 1520 1635
 1728 1519 1816
 211 1728 1816
 1728 1221 1729
 1519 1728 1729
 1387 1222 1587
 1221 1387 1587
 570 1222 1387
 1222 1052 1520
 1520 1221 1587
 1222 1520 1587
 889 570 890
 275 889 890
 889 337 1053
 570 889 1053
 3166 564 3167
 338 3166 3167
 3166 272 3379
 564 3166 3379
 3169 3168 4240
 1667 3169 4240
 1666 3168 3169
 3168 564 3273
 3273 1667 4240
 3168 3273 4240
 2439 2419 3170
 1667 2439 3170
 2439 211 2817
 2419 2439 2817
 3169 2419 3983
 1666 3169 3983
 3169 1667 3170
 2419 3169 3170
 1666 338 3167
 3167 564 3168
 1666 3167 3168
 338 64 3165
 3165 272 3166
 338 3165 3166
 3677 3676 4991
 574 3677 4991
 565 3676 3677
 3676 431 3813
 3813 574 4991
 3676 3813 4991
 2589 2559 3678
 574 2589 3678
 2589 336 3067
 2559 2589 3067
 3677 2559 4866
 565 3677 4866
 3677 574 3678
 2559 3677 3678
 565 272 3675
 3675 431 3676
 565 3675 3676
 2695 2673 3967
 563 2695 3967
 2695 504 3261
 2673 2695 3261
 3966 2673 5183
 431 3966 5183
 3966 563 3967
 2673 3966 3967
 2762 639 3371
 563 2762 3371
 2762 181 2763
 639 2762 2763
 2695 639 2696
 504 2695 2696
 2695 563 3371
 639 2695 3371
 2674 745 3145
 574 2674 3145
 2674 504 2675
 745 2674 2675
 2589 745 2590
 336 2589 2590
 2589 574 3145
 745 2589 3145
 3813 2673 3814
 574 3813 3814
 3813 431 5183
 2673 3813 5183
 2674 2673 3261
 504 2674 3261
 2674 574 3814
 2673 2674 3814
 2521 2515 3382
 1329 2521 3382
 2521 803 2933
 2515 2521 2933
 3381 2515 4484
 564 3381 4484
 3381 1329 3382
 2515 3381 3382
 2560 1330 2979
 1329 2560 2979
 2560 336 2561
 1330 2560 2561
 2521 1330 2522
 803 2521 2522
 2521 1329 2979
 1330 2521 2979
 2516 1668 2861
 1667 2516 2861
 2516 803 2517
 1668 2516 2517
 2439 1668 2440
 211 2439 2440
 2439 1667 2861
 1668 2439 2861
 3273 2515 3274
 1667 3273 3274
 3273 564 4484
 2515 3273 4484
 2516 2515 2933
 803 2516 2933
 2516 1667 3274
 2515 2516 3274
 3379 565 3380
 564 3379 3380
 272 565 3379
 3509 2559 3510
 1329 3509 3510
 3509 565 4866
 2559 3509 4866
 2560 2559 3067
 336 2560 3067
 2560 1329 3510
 2559 2560 3510
 3381 3380 4699
 1329 3381 4699
 564 3380 3381
 3380 565 3509
 3509 1329 4699
 3380 3509 4699
 505 339 575
 271 505 575
 215 339 505
 1146 576 1388
 1388 507 1389
 1146 1388 1389
 1522 1146 1523
 497 1522 1523
 576 1146 1522
 576 339 640
 640 507 1388
 576 640 1388
 1147 641 1148
 577 1147 1148
 1147 507 1149
 641 1147 1149
 1054 641 1055
 181 1054 1055
 1054 577 1148
 641 1054 1148
 1285 1146 1333
 577 1285 1333
 1285 497 1523
 1146 1285 1523
 1147 1146 1389
 507 1147 1389
 1147 577 1333
 1146 1147 1333
 1380 575 1521
 1521 497 1578
 1380 1521 1578
 271 575 1380
 575 339 576
 1521 576 1522
 497 1521 1522
 575 576 1521
 335 271 1504
 120 335 1504
 335 215 505
 271 335 505
 334 275 436
 215 334 436
 334 152 785
 275 334 785
 506 435 578
 339 506 578
 506 275 743
 435 506 743
 678 642 702
 573 678 702
 678 507 1108
 642 678 1108
 642 435 677
 677 573 702
 642 677 702
 676 641 703
 573 676 703
 676 181 1055
 641 676 1055
 678 641 1149
 507 678 1149
 678 573 703
 641 678 703
 640 578 679
 507 640 679
 339 578 640
 578 435 642
 679 642 1108
 507 679 1108
 578 642 679
 339 215 436
 436 275 506
 339 436 506
 123 67 153
 35 123 153
 123 21 5284
 67 123 5284
 216 182 3021
 3021 154 3022
 216 3021 3022
 1315 216 1316
 122 1315 1316
 182 216 1315
 182 67 218
 3021 218 5186
 154 3021 5186
 182 218 3021
 3221 3152 3801
 579 3221 3801
 3221 508 4236
 3152 3221 4236
 3153 3152 4075
 437 3153 4075
 3153 579 3801
 3152 3153 3801
 680 643 3222
 579 680 3222
 680 340 1885
 643 680 1885
 3221 643 3915
 508 3221 3915
 3221 579 3222
 643 3221 3222
 4235 4234 4900
 3151 4235 4900
 4235 508 4669
 4234 4235 4669
 4899 4234 5445
 276 4899 5445
 4899 3151 4900
 4234 4899 4900
 4074 3152 4577
 3151 4074 4577
 4074 437 4075
 3152 4074 4075
 4235 3152 4236
 508 4235 4236
 4235 3151 4577
 3152 4235 4577
 849 754 3096
 753 849 3096
 849 509 1873
 754 849 1873
 3095 754 3705
 437 3095 3705
 3095 753 3096
 754 3095 3096
 811 753 1843
 220 811 1843
 811 509 849
 753 811 849
 755 644 1879
 579 755 1879
 509 644 755
 644 340 680
 680 579 1879
 644 680 1879
 3153 754 3154
 579 3153 3154
 3153 437 3705
 754 3153 3705
 755 754 1873
 509 755 1873
 755 579 3154
 754 755 3154
 1084 1083 3373
 581 1084 3373
 1084 510 1889
 1083 1084 1889
 3372 1083 4082
 438 3372 4082
 3372 581 3373
 1083 3372 3373
 681 645 1887
 581 681 1887
 681 340 1904
 645 681 1904
 1084 645 1913
 510 1084 1913
 1084 581 1887
 645 1084 1887
 1179 1121 1897
 1082 1179 1897
 1179 510 1930
 1121 1179 1930
 1257 1121 1939
 180 1257 1939
 1257 1082 1897
 1121 1257 1897
 3445 1083 3446
 1082 3445 3446
 3445 438 4082
 1083 3445 4082
 1179 1083 1889
 510 1179 1889
 1179 1082 3446
 1083 1179 3446
 4296 3306 4751
 3305 4296 4751
 4296 508 4297
 3306 4296 4297
 4421 3306 4422
 438 4421 4422
 4421 3305 4751
 3306 4421 4751
 5011 4234 5012
 3305 5011 5012
 5011 276 5445
 4234 5011 5445
 4296 4234 4669
 508 4296 4669
 4296 3305 5012
 4234 4296 5012
 3307 643 3308
 581 3307 3308
 3307 508 3915
 643 3307 3915
 681 643 1885
 340 681 1885
 681 581 3308
 643 681 3308
 3372 3306 3994
 581 3372 3994
 3372 438 4422
 3306 3372 4422
 3307 3306 4297
 508 3307 4297
 3307 581 3994
 3306 3307 3994
 5388 4557 5389
 3024 5388 5389
 3023 4557 5388
 4558 4557 5170
 5170 342 5171
 4558 5170 5171
 5389 4558 5390
 3024 5389 5390
 4557 4558 5389
 4758 3024 4759
 276 4758 4759
 4758 3023 5388
 3024 4758 5388
 3023 154 4268
 4557 4268 5025
 5025 342 5170
 4557 5025 5170
 3023 4268 4557
 3867 3026 4324
 3025 3867 4324
 3867 752 3868
 3026 3867 3868
 3974 3026 3975
 437 3974 3975
 3974 3025 4324
 3026 3974 4324
 4559 3765 4560
 3025 4559 4560
 4559 342 4827
 3765 4559 4827
 3867 3765 4198
 752 3867 4198
 3867 3025 4560
 3765 3867 4560
 3027 934 3028
 753 3027 3028
 3027 752 3451
 934 3027 3451
 934 220 1843
 1843 753 3028
 934 1843 3028
 3095 3026 3555
 753 3095 3555
 3095 437 3975
 3026 3095 3975
 3027 3026 3868
 752 3027 3868
 3027 753 3555
 3026 3027 3555
 4760 3973 4761
 3151 4760 4761
 4760 3024 5081
 3973 4760 5081
 4074 3973 4434
 437 4074 4434
 4074 3151 4761
 3973 4074 4761
 4899 4759 5252
 3151 4899 5252
 276 4759 4899
 4759 3024 4760
 4760 3151 5252
 4759 4760 5252
 4661 4558 4959
 3025 4661 4959
 4661 3024 5390
 4558 4661 5390
 4559 4558 5171
 342 4559 5171
 4559 3025 4959
 4558 4559 4959
 3974 3973 4662
 3025 3974 4662
 3974 437 4434
 3973 3974 4434
 4661 3973 5081
 3024 4661 5081
 4661 3025 4662
 3973 4661 4662
 344 268 439
 583 439 586
 220 583 586
 344 439 583
 11 268 344
 511 427 584
 1899 584 1903
 340 1899 1903
 511 584 1899
 268 427 511
 1911 1004 1929
 510 1911 1929
 427 1004 1911
 1938 1121 1981
 1004 1938 1981
 1938 180 1939
 1121 1938 1939
 1929 1121 1930
 510 1929 1930
 1929 1004 1981
 1121 1929 1981
 645 584 1912
 1912 510 1913
 645 1912 1913
 1903 645 1904
 340 1903 1904
 584 645 1903
 584 427 1911
 1911 510 1912
 584 1911 1912
 509 439 585
 585 340 644
 509 585 644
 586 509 811
 220 586 811
 439 509 586
 439 268 511
 585 511 1899
 340 585 1899
 439 511 585
 3567 345 3568
 324 3567 3568
 3567 216 5314
 345 3567 5314
 4700 3570 5246
 3569 4700 5246
 4700 1081 4701
 3570 4700 4701
 4806 3570 4807
 1080 4806 4807
 4806 3569 5246
 3570 4806 5246
 3569 345 4641
 4700 4641 5102
 1081 4700 5102
 3569 4641 4700
 3571 1256 3572
 1197 3571 3572
 3571 1081 4282
 1256 3571 4282
 1282 1256 1901
 180 1282 1901
 1282 1197 3572
 1256 1282 3572
 3623 3570 4364
 1197 3623 4364
 3623 1080 4807
 3570 3623 4807
 3571 3570 4701
 1081 3571 4701
 3571 1197 4364
 3570 3571 4364
 3711 3568 4805
 4879 4805 5364
 1080 4879 5364
 3711 4805 4879
 324 3568 3711
 3568 345 3569
 4805 3569 4806
 4806 1080 5364
 4805 4806 5364
 3568 3569 4805
 1316 324 1317
 122 1316 1317
 1316 216 3567
 324 1316 3567
 3303 3022 4757
 4757 276 5009
 3303 4757 5009
 216 3022 3303
 3022 154 3023
 4757 3023 4758
 276 4757 4758
 3022 3023 4757
 5317 4420 5318
 3443 5317 5318
 3304 4420 5317
 4519 4420 4889
 438 4519 4889
 4519 3443 5318
 4420 4519 5318
 5316 3443 5469
 345 5316 5469
 5316 3304 5317
 3443 5316 5317
 5010 3305 5120
 3304 5010 5120
 5010 276 5011
 3305 5010 5011
 4421 4420 5121
 3305 4421 5121
 4421 438 4889
 4420 4421 4889
 4420 3304 5120
 5120 3305 5121
 4420 5120 5121
 3505 3444 4208
 1082 3505 4208
 3505 1081 4643
 3444 3505 4643
 3445 3444 4520
 438 3445 4520
 3445 1082 4208
 3444 3445 4208
 1257 1256 3506
 1082 1257 3506
 1257 180 1901
 1256 1257 1901
 3505 1256 4282
 1081 3505 4282
 3505 1082 3506
 1256 3505 3506
 4642 4641 5470
 3443 4642 5470
 4642 1081 5102
 4641 4642 5102
 4641 345 5469
 5469 3443 5470
 4641 5469 5470
 4519 3444 4996
 3443 4519 4996
 4519 438 4520
 3444 4519 4520
 4642 3444 4643
 1081 4642 4643
 4642 3443 4996
 3444 4642 4996
 5314 3303 5315
 345 5314 5315
 216 3303 5314
 3304 3303 5009
 5009 276 5010
 3304 5009 5010
 5315 3304 5316
 345 5315 5316
 3303 3304 5315
 179 153 221
 221 122 267
 179 221 267
 35 153 179
 153 67 182
 221 182 1315
 122 221 1315
 153 182 221
 68 35 121
 7 68 121
 68 21 123
 35 68 123
 124 69 155
 183 155 222
 36 183 222
 124 155 183
 21 69 124
 69 6 125
 155 125 184
 222 184 277
 36 222 277
 155 184 222
 69 125 155
 5287 1985 5288
 217 5287 5288
 156 1985 5287
 5289 2743 5290
 2237 5289 5290
 1985 2743 5289
 5291 3593 5292
 3181 5291 5292
 2743 3593 5291
 5293 4358 5294
 4044 5293 5294
 3593 4358 5293
 4617 4358 4803
 126 4617 4803
 4617 4044 5294
 4358 4617 5294
 4044 3181 5292
 5292 3593 5293
 4044 5292 5293
 3181 2237 5290
 5290 2743 5291
 3181 5290 5291
 2237 217 5288
 5288 1985 5289
 2237 5288 5289
 217 67 5286
 5286 156 5287
 217 5286 5287
 3200 2079 4098
 225 3200 4098
 156 2079 3200
 2079 36 2080
 4098 2080 4099
 225 4098 4099
 2079 2080 4098
 4148 3201 4929
 1986 4148 4929
 1985 3201 4148
 3201 225 3202
 4929 3202 4930
 1986 4929 4930
 3201 3202 4929
 4707 4149 5152
 2744 4707 5152
 2743 4149 4707
 4149 1986 4150
 5152 4150 5153
 2744 5152 5153
 4149 4150 5152
 4971 4708 5254
 3594 4971 5254
 3593 4708 4971
 4708 2744 4709
 4709 3594 5254
 4708 4709 5254
 4359 4358 4972
 3594 4359 4972
 4359 126 4803
 4358 4359 4803
 4358 3593 4971
 4971 3594 4972
 4358 4971 4972
 3593 2743 4707
 4707 2744 4708
 3593 4707 4708
 2743 1985 4148
 4148 1986 4149
 2743 4148 4149
 1985 156 3200
 3200 225 3201
 1985 3200 3201
 4127 4126 4688
 3429 4127 4688
 4127 2576 4533
 4126 4127 4533
 4687 4126 5104
 2575 4687 5104
 4687 3429 4688
 4126 4687 4688
 3959 3430 4352
 3429 3959 4352
 3959 815 3960
 3430 3959 3960
 4127 3430 4128
 2576 4127 4128
 4127 3429 4352
 3430 4127 4352
 4286 3725 4679
 3724 4286 4679
 4286 2576 4287
 3725 4286 4287
 4461 3725 4462
 341 4461 4462
 4461 3724 4679
 3725 4461 4679
 4847 4126 4848
 3724 4847 4848
 4847 2575 5104
 4126 4847 5104
 4286 4126 4533
 2576 4286 4533
 4286 3724 4848
 4126 4286 4848
 4538 4537 5084
 5084 3191 5085
 4538 5084 5085
 5347 4538 5348
 2575 5347 5348
 4537 4538 5347
 4537 279 4919
 5084 4919 5430
 3191 5084 5430
 4537 4919 5084
 4539 3842 4540
 3429 4539 4540
 4539 3191 4743
 3842 4539 4743
 3959 3842 4209
 815 3959 4209
 3959 3429 4540
 3842 3959 4540
 4687 4538 4925
 3429 4687 4925
 4687 2575 5348
 4538 4687 5348
 4539 4538 5085
 3191 4539 5085
 4539 3429 4925
 4538 4539 4925
 2578 2577 2980
 1223 2578 2980
 2578 1097 3090
 2577 2578 3090
 3431 2927 3432
 2577 3431 3432
 3431 815 3669
 2927 3431 3669
 2927 1223 2980
 2980 2577 3432
 2927 2980 3432
 1223 219 1636
 1636 1097 2578
 1223 1636 2578
 3726 3089 3727
 2685 3726 3727
 3726 2576 3953
 3089 3726 3953
 3147 3089 3395
 1097 3147 3395
 3147 2685 3727
 3089 3147 3727
 3879 3725 4092
 2685 3879 4092
 3879 341 4462
 3725 3879 4462
 3726 3725 4287
 2576 3726 4287
 3726 2685 4092
 3725 3726 4092
 3557 3430 3829
 2577 3557 3829
 3557 2576 4128
 3430 3557 4128
 3431 3430 3960
 815 3431 3960
 3431 2577 3829
 3430 3431 3829
 3090 3089 3558
 2577 3090 3558
 3090 1097 3395
 3089 3090 3395
 3557 3089 3953
 2576 3557 3953
 3557 2577 3558
 3089 3557 3558
 5189 3723 5190
 2797 5189 5190
 2574 3723 5189
 5191 4460 5192
 4000 5191 5192
 3723 4460 5191
 4603 4460 4829
 341 4603 4829
 4603 4000 5192
 4460 4603 5192
 5190 4000 5432
 2797 5190 5432
 5190 3723 5191
 4000 5190 5191
 2797 154 5188
 5188 2574 5189
 2797 5188 5189
 4845 4536 5346
 2575 4845 5346
 2574 4536 4845
 4536 279 4537
 5346 4537 5347
 2575 5346 5347
 4536 4537 5346
 5005 4846 5326
 3724 5005 5326
 3723 4846 5005
 4846 2575 4847
 4847 3724 5326
 4846 4847 5326
 4461 4460 5006
 3724 4461 5006
 4461 341 4829
 4460 4461 4829
 4460 3723 5005
 5005 3724 5006
 4460 5005 5006
 3723 2574 4845
 4845 2575 4846
 3723 4845 4846
 4340 3839 4735
 3838 4340 4735
 4340 2833 4341
 3839 4340 4341
 4568 3839 4569
 2385 4568 4569
 4568 3838 4735
 3839 4568 4735
 4905 4142 4906
 3838 4905 4906
 4905 2238 5124
 4142 4905 5124
 4340 4142 4565
 2833 4340 4565
 4340 3838 4906
 4142 4340 4906
 3840 3231 3841
 2983 3840 3841
 3840 2833 4008
 3231 3840 4008
 3351 3231 3513
 347 3351 3513
 3351 2983 3841
 3231 3351 3841
 3996 3839 4222
 2983 3996 4222
 3996 2385 4569
 3839 3996 4569
 3840 3839 4341
 2833 3840 4341
 3840 2983 4222
 3839 3840 4222
 5403 4567 5404
 4169 5403 5404
 3837 4567 5403
 4721 4567 4945
 2385 4721 4945
 4721 4169 5404
 4567 4721 5404
 4169 279 5402
 5402 3837 5403
 4169 5402 5403
 5114 4904 5467
 3838 5114 5467
 3837 4904 5114
 4904 2238 4905
 4905 3838 5467
 4904 4905 5467
 4568 4567 5115
 3838 4568 5115
 4568 2385 4945
 4567 4568 4945
 4567 3837 5114
 5114 3838 5115
 4567 5114 5115
 4491 3771 4492
 3457 4491 4492
 4491 3182 4683
 3771 4491 4683
 3939 3771 4118
 2239 3939 4118
 3939 3457 4492
 3771 3939 4492
 4691 4490 4917
 3457 4691 4917
 4691 2238 5414
 4490 4691 5414
 4491 4490 5060
 3182 4491 5060
 4491 3457 4917
 4490 4491 4917
 4256 4045 4463
 3183 4256 4463
 4256 3182 4839
 4045 4256 4839
 4046 4045 4618
 126 4046 4618
 4046 3183 4463
 4045 4046 4463
 3772 3771 4257
 3183 3772 4257
 3772 2239 4118
 3771 3772 4118
 4256 3771 4683
 3182 4256 4683
 4256 3183 4257
 3771 4256 4257
 3645 3458 3832
 2834 3645 3832
 3645 2833 4144
 3458 3645 4144
 3459 3458 3940
 2239 3459 3940
 3459 2834 3832
 3458 3459 3832
 3232 3231 3646
 2834 3232 3646
 3232 347 3513
 3231 3232 3513
 3645 3231 4008
 2833 3645 4008
 3645 2834 3646
 3231 3645 3646
 4143 4142 4692
 3457 4143 4692
 4143 2833 4565
 4142 4143 4565
 4691 4142 5124
 2238 4691 5124
 4691 3457 4692
 4142 4691 4692
 3939 3458 4338
 3457 3939 4338
 3939 2239 3940
 3458 3939 3940
 4143 3458 4144
 2833 4143 4144
 4143 3457 4338
 3458 4143 4338
 2764 2501 3194
 3194 2386 3365
 2764 3194 3365
 816 2501 2764
 3309 3193 3497
 2501 3309 3497
 3309 815 3844
 3193 3309 3844
 3194 3193 3656
 2386 3194 3656
 3194 2501 3497
 3193 3194 3497
 2984 2387 3097
 3097 2386 3500
 2984 3097 3500
 2985 2984 3352
 347 2985 3352
 2387 2984 2985
 2387 816 2764
 3097 2764 3365
 2386 3097 3365
 2387 2764 3097
 816 219 1223
 2501 1223 2927
 3309 2927 3669
 815 3309 3669
 2501 2927 3309
 816 1223 2501
 4346 4170 4585
 3192 4346 4585
 4346 3191 4921
 4170 4346 4921
 4171 4170 4722
 2385 4171 4722
 4171 3192 4585
 4170 4171 4585
 3843 3842 4347
 3192 3843 4347
 3843 815 4209
 3842 3843 4209
 4346 3842 4743
 3191 4346 4743
 4346 3192 4347
 3842 4346 4347
 4919 4169 4920
 4920 3191 5430
 4919 4920 5430
 279 4169 4919
 4721 4170 5134
 4169 4721 5134
 4721 2385 4722
 4170 4721 4722
 4920 4170 4921
 3191 4920 4921
 4920 4169 5134
 4170 4920 5134
 3499 3498 3997
 2983 3499 3997
 3499 2386 3871
 3498 3499 3871
 3996 3498 4372
 2385 3996 4372
 3996 2983 3997
 3498 3996 3997
 3351 2984 3703
 2983 3351 3703
 3351 347 3352
 2984 3351 3352
 3499 2984 3500
 2386 3499 3500
 3499 2983 3703
 2984 3499 3703
 3655 3193 4026
 3192 3655 4026
 3655 2386 3656
 3193 3655 3656
 3843 3193 3844
 815 3843 3844
 3843 3192 4026
 3193 3843 4026
 4171 3498 4172
 3192 4171 4172
 4171 2385 4372
 3498 4171 4372
 3655 3498 3871
 2386 3655 3871
 3655 3192 4172
 3498 3655 4172
 580 343 582
 877 582 1845
 1845 220 1846
 877 1845 1846
 580 582 877
 1588 580 1589
 219 1588 1589
 343 580 1588
 343 11 344
 582 344 583
 583 220 1845
 582 583 1845
 343 344 582
 4271 3489 4272
 2920 4271 4272
 4271 2798 4573
 3489 4271 4573
 3585 3489 3931
 751 3585 3931
 3585 2920 4272
 3489 3585 4272
 4405 4270 4684
 2920 4405 4684
 4405 342 5027
 4270 4405 5027
 4271 4270 4868
 2798 4271 4868
 4271 2920 4684
 4270 4271 4684
 4122 4001 4404
 2799 4122 4404
 4122 2798 4739
 4001 4122 4739
 4002 4001 4604
 341 4002 4604
 4002 2799 4404
 4001 4002 4404
 3490 3489 4123
 2799 3490 4123
 3490 751 3931
 3489 3490 3931
 4122 3489 4573
 2798 4122 4573
 4122 2799 4123
 3489 4122 4123
 2969 2921 3348
 933 2969 3348
 2969 752 3767
 2921 2969 3767
 2922 2921 3586
 751 2922 3586
 2922 933 3348
 2921 2922 3348
 1847 934 2970
 933 1847 2970
 220 934 1847
 2969 934 3451
 752 2969 3451
 2969 933 2970
 934 2969 2970
 3766 3765 4406
 2920 3766 4406
 3766 752 4198
 3765 3766 4198
 4405 3765 4827
 342 4405 4827
 4405 2920 4406
 3765 4405 4406
 3585 2921 4070
 2920 3585 4070
 3585 751 3586
 2921 3585 3586
 3766 2921 3767
 752 3766 3767
 3766 2920 4070
 2921 3766 4070
 4268 2797 4269
 5025 4269 5026
 342 5025 5026
 4268 4269 5025
 154 2797 4268
 4738 4737 5433
 4000 4738 5433
 4738 2798 5150
 4737 4738 5150
 4737 2797 5432
 5432 4000 5433
 4737 5432 5433
 4603 4001 4989
 4000 4603 4989
 4603 341 4604
 4001 4603 4604
 4738 4001 4739
 2798 4738 4739
 4738 4000 4989
 4001 4738 4989
 4867 4270 5358
 4269 4867 5358
 4867 2798 4868
 4270 4867 4868
 5026 4270 5027
 342 5026 5027
 5026 4269 5358
 4270 5026 5358
 4269 2797 4737
 4867 4737 5150
 2798 4867 5150
 4269 4737 4867
 2686 1590 2739
 2739 1109 3281
 2686 2739 3281
 1097 1590 2686
 1590 580 1787
 1787 1109 2739
 1590 1787 2739
 3280 3279 3880
 2685 3280 3880
 3280 1109 3659
 3279 3280 3659
 3879 3279 4258
 341 3879 4258
 3879 2685 3880
 3279 3879 3880
 3147 2686 3529
 2685 3147 3529
 1097 2686 3147
 3280 2686 3281
 1109 3280 3281
 3280 2685 3529
 2686 3280 3529
 1589 1097 1636
 219 1589 1636
 1589 580 1590
 1097 1589 1590
 1440 877 1637
 2851 1637 3267
 751 2851 3267
 1440 1637 2851
 580 877 1440
 933 877 1846
 1846 220 1847
 933 1846 1847
 1637 933 2922
 2922 751 3267
 1637 2922 3267
 877 933 1637
 3366 2800 3811
 2799 3366 3811
 3366 1109 3367
 2800 3366 3367
 3490 2800 3491
 751 3490 3491
 3490 2799 3811
 2800 3490 3811
 4002 3279 4003
 2799 4002 4003
 4002 341 4258
 3279 4002 4258
 3366 3279 3659
 1109 3366 3659
 3366 2799 4003
 3279 3366 4003
 1787 1440 2801
 1109 1787 2801
 580 1440 1787
 2851 2800 3148
 1440 2851 3148
 2851 751 3491
 2800 2851 3491
 2801 2800 3367
 1109 2801 3367
 2801 1440 3148
 2800 2801 3148
 218 217 2573
 5186 2573 5187
 154 5186 5187
 218 2573 5186
 67 217 218
 3835 2237 3836
 5400 3836 5401
 279 5400 5401
 3835 3836 5400
 217 2237 3835
 4488 3181 4489
 5412 4489 5413
 2238 5412 5413
 4488 4489 5412
 2237 3181 4488
 4837 4044 4838
 4838 3182 5405
 4837 4838 5405
 3181 4044 4837
 4617 4045 5053
 4044 4617 5053
 4617 126 4618
 4045 4617 4618
 4838 4045 4839
 3182 4838 4839
 4838 4044 5053
 4045 4838 5053
 4490 4489 5059
 5059 3182 5060
 4490 5059 5060
 5413 4490 5414
 2238 5413 5414
 4489 4490 5413
 4489 3181 4837
 5059 4837 5405
 3182 5059 5405
 4489 4837 5059
 3837 3836 4903
 4903 2238 4904
 3837 4903 4904
 5401 3837 5402
 279 5401 5402
 3836 3837 5401
 3836 2237 4488
 4903 4488 5412
 2238 4903 5412
 3836 4488 4903
 2574 2573 4535
 4535 279 4536
 2574 4535 4536
 5187 2574 5188
 154 5187 5188
 2573 2574 5187
 2573 217 3835
 4535 3835 5400
 279 4535 5400
 2573 3835 4535
 5284 124 5285
 67 5284 5285
 21 124 5284
 156 124 183
 183 36 2079
 156 183 2079
 5285 156 5286
 67 5285 5286
 124 156 5285
 350 349 440
 440 224 442
 350 440 442
 5201 350 5202
 127 5201 5202
 349 350 5201
 349 70 354
 440 354 448
 224 440 448
 349 354 440
 2303 2201 2464
 2168 2303 2464
 2303 734 2317
 2201 2303 2317
 2463 2201 2477
 513 2463 2477
 2463 2168 2464
 2201 2463 2464
 2454 2169 2459
 2168 2454 2459
 2454 352 2455
 2169 2454 2455
 2303 2169 2304
 734 2303 2304
 2303 2168 2459
 2169 2303 2459
 2024 2023 2202
 2202 734 2203
 2024 2202 2203
 351 2023 2024
 2333 2201 2334
 2023 2333 2334
 2333 513 2477
 2201 2333 2477
 2202 2201 2317
 734 2202 2317
 2202 2023 2334
 2201 2202 2334
 2896 2462 2897
 2461 2896 2897
 2896 2167 2953
 2462 2896 2953
 2635 2462 2639
 513 2635 2639
 2635 2461 2897
 2462 2635 2897
 3269 2895 3383
 2461 3269 3383
 278 2895 3269
 2896 2895 3590
 2167 2896 3590
 2896 2461 3383
 2895 2896 3383
 2663 2453 2676
 2168 2663 2676
 2663 2167 2995
 2453 2663 2995
 2454 2453 2690
 352 2454 2690
 2454 2168 2676
 2453 2454 2676
 2463 2462 2664
 2168 2463 2664
 2463 513 2639
 2462 2463 2639
 2663 2462 2953
 2167 2663 2953
 2663 2168 2664
 2462 2663 2664
 2130 896 2151
 807 2130 2151
 2130 781 2131
 896 2130 2131
 2045 896 2046
 733 2045 2046
 2045 807 2151
 896 2045 2151
 2291 2129 2292
 807 2291 2292
 2291 352 2445
 2129 2291 2445
 2130 2129 2275
 781 2130 2275
 2130 807 2292
 2129 2130 2292
 1983 931 1984
 895 1983 1984
 1983 781 2111
 931 1983 2111
 968 931 1000
 231 968 1000
 968 895 1984
 931 968 1984
 942 896 2029
 895 942 2029
 942 733 2046
 896 942 2046
 1983 896 2131
 781 1983 2131
 1983 895 2029
 896 1983 2029
 1973 832 2103
 2103 734 2195
 1973 2103 2195
 5014 1973 5015
 733 5014 5015
 832 1973 5014
 832 351 2024
 2103 2024 2203
 734 2103 2203
 832 2024 2103
 2170 2169 2301
 807 2170 2301
 2170 734 2304
 2169 2170 2304
 2291 2169 2455
 352 2291 2455
 2291 807 2301
 2169 2291 2301
 2045 1973 2171
 807 2045 2171
 2045 733 5015
 1973 2045 5015
 2170 1973 2195
 734 2170 2195
 2170 807 2171
 1973 2170 2171
 1921 512 2059
 2251 2059 2353
 2353 441 2467
 2251 2353 2467
 1921 2059 2251
 1922 1921 2047
 351 1922 2047
 512 1921 1922
 512 224 1960
 2059 1960 2257
 2257 441 2353
 2059 2257 2353
 512 1960 2059
 2617 2478 2631
 2224 2617 2631
 2617 2223 2845
 2478 2617 2845
 2479 2478 2636
 513 2479 2636
 2479 2224 2631
 2478 2479 2631
 2466 2465 2618
 2224 2466 2618
 2466 441 2599
 2465 2466 2599
 2617 2465 2829
 2223 2617 2829
 2617 2224 2618
 2465 2617 2618
 2844 2843 3270
 2461 2844 3270
 2844 2223 3159
 2843 2844 3159
 3269 2843 4486
 278 3269 4486
 3269 2461 3270
 2843 3269 3270
 2635 2478 2863
 2461 2635 2863
 2635 513 2636
 2478 2635 2636
 2844 2478 2845
 2223 2844 2845
 2844 2461 2863
 2478 2844 2863
 2226 2225 2345
 2023 2226 2345
 1921 2225 2226
 2333 2225 2485
 513 2333 2485
 2333 2023 2345
 2225 2333 2345
 2023 351 2047
 2047 1921 2226
 2023 2047 2226
 2351 2251 2468
 2224 2351 2468
 1921 2251 2351
 2466 2251 2467
 441 2466 2467
 2466 2224 2468
 2251 2466 2468
 2479 2225 2480
 2224 2479 2480
 2479 513 2485
 2225 2479 2485
 2225 1921 2351
 2351 2224 2480
 2225 2351 2480
 2081 285 2082
 2893 2082 2894
 278 2893 2894
 2081 2082 2893
 36 285 2081
 2401 2084 2721
 2083 2401 2721
 2401 717 2402
 2084 2401 2402
 2427 2426 2722
 2084 2427 2722
 2427 352 2693
 2426 2427 2693
 2426 2083 2721
 2721 2084 2722
 2426 2721 2722
 2083 285 2371
 2371 717 2401
 2083 2371 2401
 2086 2085 2235
 866 2086 2235
 2086 781 2262
 2085 2086 2262
 2197 2085 2403
 717 2197 2403
 2197 866 2235
 2085 2197 2235
 953 931 2087
 866 953 2087
 953 231 1000
 931 953 1000
 2086 931 2111
 781 2086 2111
 2086 866 2087
 931 2086 2087
 2261 2129 2428
 2084 2261 2428
 2261 781 2275
 2129 2261 2275
 2427 2129 2445
 352 2427 2445
 2427 2084 2428
 2129 2427 2428
 2402 2085 2417
 2084 2402 2417
 2402 717 2403
 2085 2402 2403
 2261 2085 2262
 781 2261 2262
 2261 2084 2417
 2085 2261 2417
 2993 2425 2994
 2167 2993 2994
 2082 2425 2993
 2689 2453 3077
 2425 2689 3077
 2689 352 2690
 2453 2689 2690
 2994 2453 2995
 2167 2994 2995
 2994 2425 3077
 2453 2994 3077
 2895 2894 3589
 3589 2167 3590
 2895 3589 3590
 278 2894 2895
 2894 2082 2993
 2993 2167 3589
 2894 2993 3589
 2082 285 2083
 2425 2083 2426
 2689 2426 2693
 352 2689 2693
 2425 2426 2689
 2082 2083 2425
 5203 732 5204
 731 5203 5204
 350 732 5203
 5205 894 5206
 893 5205 5206
 732 894 5205
 5207 967 5208
 966 5207 5208
 894 967 5207
 3598 967 4232
 231 3598 4232
 3598 966 5208
 967 3598 5208
 966 893 5206
 5206 894 5207
 966 5206 5207
 893 731 5204
 5204 732 5205
 893 5204 5205
 731 127 5202
 5202 350 5203
 731 5202 5203
 765 442 766
 351 765 766
 350 442 765
 442 224 512
 766 512 1922
 351 766 1922
 442 512 766
 912 831 5013
 733 912 5013
 732 831 912
 831 351 832
 5013 832 5014
 733 5013 5014
 831 832 5013
 4649 941 5240
 895 4649 5240
 894 941 4649
 941 733 942
 942 895 5240
 941 942 5240
 968 967 4650
 895 968 4650
 968 231 4232
 967 968 4232
 967 894 4649
 4649 895 4650
 967 4649 4650
 894 732 912
 912 733 941
 894 912 941
 732 350 765
 765 351 831
 732 765 831
 719 348 5200
 127 719 5200
 22 348 719
 348 70 349
 5200 349 5201
 127 5200 5201
 348 349 5200
 446 346 447
 280 446 447
 201 346 446
 515 443 2100
 355 515 2100
 515 346 588
 443 515 588
 2950 2534 3068
 3068 2533 3386
 2950 3068 3386
 2099 2534 2950
 2534 443 2823
 2823 2533 3068
 2534 2823 3068
 3385 3384 3860
 2949 3385 3860
 3385 2533 3719
 3384 3385 3719
 3859 3384 4242
 126 3859 4242
 3859 2949 3860
 3384 3859 3860
 3236 2950 3514
 2949 3236 3514
 2099 2950 3236
 3385 2950 3386
 2533 3385 3386
 3385 2949 3514
 2950 3385 3514
 2100 2099 2383
 355 2100 2383
 2100 443 2534
 2099 2100 2534
 355 280 447
 447 346 515
 355 447 515
 280 70 445
 445 201 446
 280 445 446
 514 309 715
 219 514 715
 201 309 514
 309 11 343
 715 343 1588
 219 715 1588
 309 343 715
 587 516 817
 2305 817 2632
 347 2305 2632
 587 817 2305
 346 516 587
 516 219 816
 817 816 2387
 2632 2387 2985
 347 2632 2985
 817 2387 2632
 516 816 817
 3000 2999 3318
 2665 3000 3318
 2240 2999 3000
 3317 2999 3625
 2239 3317 3625
 3317 2665 3318
 2999 3317 3318
 2665 443 2666
 2666 2240 3000
 2665 2666 3000
 3115 2835 3363
 2834 3115 3363
 2240 2835 3115
 2835 347 3232
 3232 2834 3363
 2835 3232 3363
 3459 2999 3460
 2834 3459 3460
 3459 2239 3625
 2999 3459 3625
 2999 2240 3115
 3115 2834 3460
 2999 3115 3460
 3551 3184 3927
 3183 3551 3927
 3551 2533 3552
 3184 3551 3552
 3772 3184 3773
 2239 3772 3773
 3772 3183 3927
 3184 3772 3927
 4046 3384 4047
 3183 4046 4047
 4046 126 4242
 3384 4046 4242
 3551 3384 3719
 2533 3551 3719
 3551 3183 4047
 3384 3551 4047
 2823 2665 3185
 2533 2823 3185
 443 2665 2823
 3317 3184 3441
 2665 3317 3441
 3317 2239 3773
 3184 3317 3773
 3185 3184 3552
 2533 3185 3552
 3185 2665 3441
 3184 3185 3441
 588 587 2241
 443 588 2241
 346 587 588
 2240 587 2305
 2305 347 2835
 2240 2305 2835
 2241 2240 2666
 443 2241 2666
 587 2240 2241
 346 201 514
 514 219 516
 346 514 516
 3522 2955 3523
 2865 3522 3523
 3522 2622 3660
 2955 3522 3660
 3131 2955 3199
 2153 3131 3199
 3131 2865 3523
 2955 3131 3523
 3863 3521 4009
 2865 3863 4009
 3863 2152 4635
 3521 3863 4635
 3522 3521 4163
 2622 3522 4163
 3522 2865 4009
 3521 3522 4009
 3263 3038 3331
 2623 3263 3331
 3263 2622 3789
 3038 3263 3789
 3039 3038 3416
 353 3039 3416
 3039 2623 3331
 3038 3039 3331
 2956 2955 3264
 2623 2956 3264
 2956 2153 3199
 2955 2956 3199
 3263 2955 3660
 2622 3263 3660
 3263 2623 3264
 2955 3263 3264
 3017 2866 3085
 2538 3017 3085
 3017 2537 3335
 2866 3017 3335
 2867 2866 3132
 2153 2867 3132
 2867 2538 3085
 2866 2867 3085
 2819 2818 3018
 2538 2819 3018
 281 2818 2819
 3017 2818 3285
 2537 3017 3285
 3017 2538 3018
 2818 3017 3018
 3334 3333 3864
 2865 3334 3864
 3334 2537 3737
 3333 3334 3737
 3863 3333 4415
 2152 3863 4415
 3863 2865 3864
 3333 3863 3864
 3131 2866 3437
 2865 3131 3437
 3131 2153 3132
 2866 3131 3132
 3334 2866 3335
 2537 3334 3335
 3334 2865 3437
 2866 3334 3437
 3520 3519 5335
 5335 2621 5336
 3520 5335 5336
 4633 3520 4634
 2152 4633 4634
 3519 3520 4633
 3519 225 5334
 5334 2621 5335
 3519 5334 5335
 3788 3787 4672
 3037 3788 4672
 3788 2622 4416
 3787 3788 4416
 3787 2621 4671
 4671 3037 4672
 3787 4671 4672
 3415 3038 3937
 3037 3415 3937
 3415 353 3416
 3038 3415 3416
 3788 3038 3789
 2622 3788 3789
 3788 3037 3937
 3038 3788 3937
 4162 3521 4951
 3520 4162 4951
 4162 2622 4163
 3521 4162 4163
 4634 3521 4635
 2152 4634 4635
 4634 3520 4951
 3521 4634 4951
 5336 3787 5337
 3520 5336 5337
 2621 3787 5336
 4162 3787 4416
 2622 4162 4416
 4162 3520 5337
 3787 4162 5337
 2208 2207 2405
 1959 2208 2405
 2208 1874 2377
 2207 2208 2377
 2678 2677 2858
 2404 2678 2858
 2678 2207 2841
 2677 2678 2841
 2857 2677 3101
 353 2857 3101
 2857 2404 2858
 2677 2857 2858
 2405 2404 2545
 1959 2405 2545
 2405 2207 2678
 2404 2405 2678
 1959 224 1969
 1969 1874 2208
 1959 1969 2208
 2357 2154 2585
 2741 2585 2934
 2153 2741 2934
 2357 2585 2741
 1874 2154 2357
 2538 2154 2539
 2539 281 2819
 2538 2539 2819
 2585 2538 2867
 2867 2153 2934
 2585 2867 2934
 2154 2538 2585
 2813 2624 3001
 2623 2813 3001
 2813 2207 2814
 2624 2813 2814
 2956 2624 2957
 2153 2956 2957
 2956 2623 3001
 2624 2956 3001
 3039 2677 3040
 2623 3039 3040
 3039 353 3101
 2677 3039 3101
 2813 2677 2841
 2207 2813 2841
 2813 2623 3040
 2677 2813 3040
 2377 2357 2625
 2207 2377 2625
 1874 2357 2377
 2624 2357 2741
 2741 2153 2957
 2624 2741 2957
 2625 2624 2814
 2207 2625 2814
 2357 2624 2625
 3911 3627 4062
 2962 3911 4062
 3911 2961 4527
 3627 3911 4527
 3628 3627 4195
 2411 3628 4195
 3628 2962 4062
 3627 3628 4062
 3424 3423 3912
 2962 3424 3912
 3424 1987 3796
 3423 3424 3796
 3911 3423 4344
 2961 3911 4344
 3911 2962 3912
 3423 3911 3912
 4526 4525 5371
 3626 4526 5371
 4526 2961 5057
 4525 4526 5057
 4525 1986 5370
 5370 3626 5371
 4525 5370 5371
 4194 3627 4725
 3626 4194 4725
 4194 2411 4195
 3627 4194 4195
 4526 3627 4527
 2961 4526 4527
 4526 3626 4725
 3627 4526 4725
 3079 3078 3398
 2733 3079 3398
 3079 2412 3319
 3078 3079 3319
 3397 3078 3790
 2411 3397 3790
 3397 2733 3398
 3078 3397 3398
 2941 2734 3135
 2733 2941 3135
 281 2734 2941
 3079 2734 3080
 2412 3079 3080
 3079 2733 3135
 2734 3079 3135
 3241 2963 3541
 2962 3241 3541
 3241 2412 3242
 2963 3241 3242
 3424 2963 3425
 1987 3424 3425
 3424 2962 3541
 2963 3424 3541
 3628 3078 3629
 2962 3628 3629
 3628 2411 3790
 3078 3628 3790
 3241 3078 3319
 2412 3241 3319
 3241 2962 3629
 3078 3241 3629
 3900 3899 4447
 3253 3900 4447
 3900 2745 4283
 3899 3900 4283
 4446 3899 4957
 2744 4446 4957
 4446 3253 4447
 3899 4446 4447
 3639 3254 4038
 3253 3639 4038
 3639 1987 3640
 3254 3639 3640
 3900 3254 3901
 2745 3900 3901
 3900 3253 4038
 3254 3900 4038
 4105 3595 4578
 3594 4105 4578
 4105 2745 4106
 3595 4105 4106
 4359 3595 4360
 126 4359 4360
 4359 3594 4578
 3595 4359 4578
 4709 3899 4710
 3594 4709 4710
 4709 2744 4957
 3899 4709 4957
 4105 3899 4283
 2745 4105 4283
 4105 3594 4710
 3899 4105 4710
 4151 4150 4815
 4815 2961 4816
 4151 4815 4816
 5153 4151 5154
 2744 5153 5154
 4150 4151 5153
 4150 1986 4525
 4815 4525 5057
 2961 4815 5057
 4150 4525 4815
 4152 3423 4153
 3253 4152 4153
 4152 2961 4344
 3423 4152 4344
 3639 3423 3796
 1987 3639 3796
 3639 3253 4153
 3423 3639 4153
 4446 4151 4647
 3253 4446 4647
 4446 2744 5154
 4151 4446 5154
 4152 4151 4816
 2961 4152 4816
 4152 3253 4647
 4151 4152 4647
 3203 3202 4199
 4200 4199 5048
 5048 2152 5049
 4200 5048 5049
 3203 4199 4200
 4930 3203 4931
 1986 4930 4931
 3202 3203 4930
 3202 225 3519
 4199 3519 4633
 4633 2152 5048
 4199 4633 5048
 3202 3519 4199
 3581 3205 4060
 3204 3581 4060
 3581 2537 3582
 3205 3581 3582
 3906 3205 3907
 2411 3906 3907
 3906 3204 4060
 3205 3906 4060
 4201 3333 4202
 3204 4201 4202
 4201 2152 4415
 3333 4201 4415
 3581 3333 3737
 2537 3581 3737
 3581 3204 4202
 3333 3581 4202
 3206 2818 3207
 2733 3206 3207
 3206 2537 3285
 2818 3206 3285
 2818 281 2941
 2941 2733 3207
 2818 2941 3207
 3397 3205 3495
 2733 3397 3495
 3397 2411 3907
 3205 3397 3907
 3206 3205 3582
 2537 3206 3582
 3206 2733 3495
 3205 3206 3495
 4932 3905 4933
 3626 4932 4933
 4932 3203 5312
 3905 4932 5312
 4194 3905 4370
 2411 4194 4370
 4194 3626 4933
 3905 4194 4933
 4931 3626 5370
 1986 4931 5370
 4931 3203 4932
 3626 4931 4932
 4581 4200 4817
 3204 4581 4817
 3203 4200 4581
 4201 4200 5049
 2152 4201 5049
 4201 3204 4817
 4200 4201 4817
 3906 3905 4582
 3204 3906 4582
 3906 2411 4370
 3905 3906 4370
 4581 3905 5312
 3203 4581 5312
 4581 3204 4582
 3905 4581 4582
 2221 2080 2785
 2786 2785 3883
 3883 278 3884
 2786 3883 3884
 2221 2785 2786
 4099 2221 4100
 225 4099 4100
 2080 2221 4099
 2080 36 2081
 2785 2081 2893
 2893 278 3883
 2785 2893 3883
 2080 2081 2785
 2754 2753 3006
 2447 2754 3006
 2754 2252 2971
 2753 2754 2971
 3005 2753 3377
 2222 3005 3377
 3005 2447 3006
 2753 3005 3006
 2593 2448 2777
 2447 2593 2777
 2593 441 2594
 2448 2593 2594
 2754 2448 2755
 2252 2754 2755
 2754 2447 2777
 2448 2754 2777
 2937 2703 3219
 2702 2937 3219
 2937 2252 2938
 2703 2937 2938
 3139 2703 3140
 353 3139 3140
 3139 2702 3219
 2703 3139 3219
 3288 2753 3289
 2702 3288 3289
 3288 2222 3377
 2753 3288 3377
 2937 2753 2971
 2252 2937 2971
 2937 2702 3289
 2753 2937 3289
 3116 2788 3679
 2787 3116 3679
 3116 2223 3117
 2788 3116 3117
 3476 2788 3477
 2222 3476 3477
 3476 2787 3679
 2788 3476 3679
 3885 2843 3886
 2787 3885 3886
 3885 278 4486
 2843 3885 4486
 3116 2843 3159
 2223 3116 3159
 3116 2787 3886
 2843 3116 3886
 2789 2465 2790
 2447 2789 2790
 2789 2223 2829
 2465 2789 2829
 2593 2465 2599
 441 2593 2599
 2593 2447 2790
 2465 2593 2790
 3005 2788 3060
 2447 3005 3060
 3005 2222 3477
 2788 3005 3477
 2789 2788 3117
 2223 2789 3117
 2789 2447 3060
 2788 2789 3060
 1960 1959 2253
 2257 2253 2449
 441 2257 2449
 1960 2253 2257
 224 1959 1960
 2704 2433 2705
 2404 2704 2705
 2704 2252 2737
 2433 2704 2737
 2433 1959 2545
 2545 2404 2705
 2433 2545 2705
 2857 2703 2889
 2404 2857 2889
 2857 353 3140
 2703 2857 3140
 2704 2703 2938
 2252 2704 2938
 2704 2404 2889
 2703 2704 2889
 2565 2448 2587
 2253 2565 2587
 2565 2252 2755
 2448 2565 2755
 2449 2448 2594
 441 2449 2594
 2449 2253 2587
 2448 2449 2587
 2253 1959 2433
 2565 2433 2737
 2252 2565 2737
 2253 2433 2565
 4101 2701 4102
 2621 4101 4102
 4101 2221 4773
 2701 4101 4773
 4103 3138 4104
 3037 4103 4104
 4103 2701 4435
 3138 4103 4435
 3415 3138 3531
 353 3415 3531
 3415 3037 4104
 3138 3415 4104
 4671 4102 5158
 3037 4671 5158
 2621 4102 4671
 4102 2701 4103
 4103 3037 5158
 4102 4103 5158
 4100 2621 5334
 225 4100 5334
 4100 2221 4101
 2621 4100 4101
 3286 2786 3475
 4028 3475 4410
 2222 4028 4410
 3286 3475 4028
 2221 2786 3286
 3884 2787 5128
 2786 3884 5128
 3884 278 3885
 2787 3884 3885
 3476 3475 5129
 2787 3476 5129
 3476 2222 4410
 3475 3476 4410
 3475 2786 5128
 5128 2787 5129
 3475 5128 5129
 3661 3287 3845
 2702 3661 3845
 3661 2701 4775
 3287 3661 4775
 3288 3287 4029
 2222 3288 4029
 3288 2702 3845
 3287 3288 3845
 3139 3138 3662
 2702 3139 3662
 3139 353 3531
 3138 3139 3531
 3661 3138 4435
 2701 3661 4435
 3661 2702 3662
 3138 3661 3662
 4773 3286 4774
 2701 4773 4774
 2221 3286 4773
 3287 3286 4028
 4028 2222 4029
 3287 4028 4029
 4774 3287 4775
 2701 4774 4775
 3286 3287 4774
 354 280 356
 448 356 1875
 224 448 1875
 354 356 448
 70 280 354
 449 355 1988
 2088 1988 2413
 281 2088 2413
 449 1988 2088
 280 355 449
 2747 2746 2975
 2283 2747 2975
 2747 2099 3103
 2746 2747 3103
 3255 2855 3256
 2746 3255 3256
 3255 1987 3345
 2855 3255 3345
 2855 2283 2975
 2975 2746 3256
 2855 2975 3256
 2283 355 2383
 2383 2099 2747
 2283 2383 2747
 3596 3102 3597
 2949 3596 3597
 3596 2745 3777
 3102 3596 3777
 3236 3102 3325
 2099 3236 3325
 3236 2949 3597
 3102 3236 3597
 3859 3595 3984
 2949 3859 3984
 3859 126 4360
 3595 3859 4360
 3596 3595 4106
 2745 3596 4106
 3596 2949 3984
 3595 3596 3984
 3419 3254 3542
 2746 3419 3542
 3419 2745 3901
 3254 3419 3901
 3255 3254 3640
 1987 3255 3640
 3255 2746 3542
 3254 3255 3542
 3103 3102 3420
 2746 3103 3420
 3103 2099 3325
 3102 3103 3325
 3419 3102 3777
 2745 3419 3777
 3419 2746 3420
 3102 3419 3420
 2642 2566 2964
 2412 2642 2964
 1988 2566 2642
 3104 2963 3160
 2566 3104 3160
 3104 1987 3425
 2963 3104 3425
 2964 2963 3242
 2412 2964 3242
 2964 2566 3160
 2963 2964 3160
 2734 2413 2849
 2849 2412 3080
 2734 2849 3080
 281 2413 2734
 2413 1988 2642
 2642 2412 2849
 2413 2642 2849
 1988 355 2283
 2566 2283 2855
 3104 2855 3345
 1987 3104 3345
 2566 2855 3104
 1988 2283 2566
 1874 356 1918
 2154 1918 2287
 2287 281 2539
 2154 2287 2539
 1874 1918 2154
 1875 1874 1969
 224 1875 1969
 356 1874 1875
 356 280 449
 1918 449 2088
 2088 281 2287
 1918 2088 2287
 356 449 1918
 226 185 282
 357 282 450
 157 357 450
 226 282 357
 125 185 226
 358 283 2141
 230 358 2141
 185 283 358
 2140 283 2273
 2273 71 2718
 2140 2273 2718
 2141 2140 2568
 230 2141 2568
 283 2140 2141
 361 282 1923
 1923 230 2313
 361 1923 2313
 450 361 1895
 157 450 1895
 282 361 450
 282 185 358
 358 230 1923
 282 358 1923
 232 184 284
 284 157 363
 232 284 363
 277 232 364
 36 277 364
 184 232 277
 184 125 226
 284 226 357
 157 284 357
 184 226 284
 125 6 158
 185 158 233
 283 233 1933
 1933 71 2273
 283 1933 2273
 185 233 283
 125 158 185
 3401 2502 4776
 4776 229 5135
 3401 4776 5135
 227 2502 3401
 2502 127 2503
 4776 2503 4777
 229 4776 4777
 2502 2503 4776
 5376 4326 5377
 3600 5376 5377
 3402 4326 5376
 5378 4818 5379
 4396 5378 5379
 4326 4818 5378
 4833 4818 5105
 2139 4833 5105
 4833 4396 5379
 4818 4833 5379
 5377 4396 5418
 3600 5377 5418
 5377 4326 5378
 4396 5377 5378
 5375 3600 5455
 2137 5375 5455
 5375 3402 5376
 3600 5375 5376
 5136 3403 5256
 3402 5136 5256
 5136 229 5137
 3403 5136 5137
 5257 4327 5330
 4326 5257 5330
 5257 3403 5258
 4327 5257 5258
 4819 4818 5331
 4327 4819 5331
 4819 2139 5105
 4818 4819 5105
 4818 4326 5330
 5330 4327 5331
 4818 5330 5331
 4326 3402 5256
 5256 3403 5257
 4326 5256 5257
 4454 4030 4455
 3680 4454 4455
 4454 3601 4705
 4030 4454 4705
 4040 4030 4259
 2717 4040 4259
 4040 3680 4455
 4030 4040 4455
 4476 4453 4715
 3680 4476 4715
 4476 2715 4910
 4453 4476 4910
 4454 4453 4884
 3601 4454 4884
 4454 3680 4715
 4453 4454 4715
 4428 4397 4677
 3602 4428 4677
 4428 3601 4871
 4397 4428 4871
 4398 4397 4834
 2139 4398 4834
 4398 3602 4677
 4397 4398 4677
 4031 4030 4429
 3602 4031 4429
 4031 2717 4259
 4030 4031 4259
 4428 4030 4705
 3601 4428 4705
 4428 3602 4429
 4030 4428 4429
 3681 3107 3693
 3693 3105 4067
 3681 3693 4067
 3682 3681 4041
 2717 3682 4041
 3107 3681 3682
 3107 71 3353
 3353 3105 3693
 3107 3353 3693
 4066 4064 4477
 3680 4066 4477
 4066 3105 4278
 4064 4066 4278
 4476 4064 4717
 2715 4476 4717
 4476 3680 4477
 4064 4476 4477
 4040 3681 4280
 3680 4040 4280
 4040 2717 4041
 3681 4040 4041
 4066 3681 4067
 3105 4066 4067
 4066 3680 4280
 3681 4066 4280
 5456 4452 5463
 4450 5456 5463
 5456 3600 5457
 4452 5456 5457
 4909 4907 5464
 4452 4909 5464
 4909 2715 5176
 4907 4909 5176
 4907 4450 5463
 5463 4452 5464
 4907 5463 5464
 4450 2137 5455
 5455 3600 5456
 4450 5455 5456
 4870 4869 5419
 4396 4870 5419
 4870 3601 5165
 4869 4870 5165
 4869 3600 5418
 5418 4396 5419
 4869 5418 5419
 4833 4397 5125
 4396 4833 5125
 4833 2139 4834
 4397 4833 4834
 4870 4397 4871
 3601 4870 4871
 4870 4396 5125
 4397 4870 5125
 4883 4453 5178
 4452 4883 5178
 4883 3601 4884
 4453 4883 4884
 4909 4453 4910
 2715 4909 4910
 4909 4452 5178
 4453 4909 5178
 5457 4869 5458
 4452 5457 5458
 3600 4869 5457
 4883 4869 5165
 3601 4883 5165
 4883 4452 5458
 4869 4883 5458
 5372 3401 5374
 2137 5372 5374
 227 3401 5372
 3402 3401 5135
 5135 229 5136
 3402 5135 5136
 5374 3402 5375
 2137 5374 5375
 3401 3402 5374
 227 22 719
 719 127 2502
 227 719 2502
 3743 2903 4381
 2902 3743 4381
 3743 1065 3744
 2903 3743 3744
 4085 2903 4086
 1064 4085 4086
 4085 2902 4381
 2903 4085 4381
 4611 3223 4612
 2902 4611 4612
 4611 821 4941
 3223 4611 4941
 3743 3223 4014
 1065 3743 4014
 3743 2902 4612
 3223 3743 4612
 2904 1856 2905
 1855 2904 2905
 2904 1065 3071
 1856 2904 3071
 1881 1856 1882
 362 1881 1882
 1881 1855 2905
 1856 1881 2905
 3326 2903 3539
 1855 3326 3539
 3326 1064 4086
 2903 3326 4086
 2904 2903 3744
 1065 2904 3744
 2904 1855 3539
 2903 2904 3539
 5093 4084 5094
 3694 5093 5094
 5093 2901 5513
 4084 5093 5513
 4373 4084 4655
 1064 4373 4655
 4373 3694 5094
 4084 4373 5094
 5092 3694 5342
 359 5092 5342
 5092 2901 5093
 3694 5092 5093
 4861 4610 5232
 2902 4861 5232
 2901 4610 4861
 4610 821 4611
 4611 2902 5232
 4610 4611 5232
 4085 4084 4862
 2902 4085 4862
 4085 1064 4655
 4084 4085 4655
 4861 4084 5513
 2901 4861 5513
 4861 2902 4862
 4084 4861 4862
 3758 1391 3759
 1390 3758 3759
 3758 947 4120
 1391 3758 4120
 1839 1391 1840
 822 1839 1840
 1839 1390 3759
 1391 1839 3759
 4248 3757 4587
 1390 4248 4587
 4248 821 5236
 3757 4248 5236
 3758 3757 4856
 947 3758 4856
 3758 1390 4587
 3757 3758 4587
 1591 1029 1592
 948 1591 1592
 1591 947 4442
 1029 1591 4442
 1030 1029 3599
 231 1030 3599
 1030 948 1592
 1029 1030 1592
 1392 1391 1811
 948 1392 1811
 1392 822 1840
 1391 1392 1840
 1591 1391 4120
 947 1591 4120
 1591 948 1811
 1391 1591 1811
 1861 1829 1862
 1066 1861 1862
 1861 1065 3225
 1829 1861 3225
 1830 1829 1853
 822 1830 1853
 1830 1066 1862
 1829 1830 1862
 1857 1856 1869
 1066 1857 1869
 1857 362 1882
 1856 1857 1882
 1861 1856 3071
 1065 1861 3071
 1861 1066 1869
 1856 1861 1869
 3224 3223 4249
 1390 3224 4249
 3224 1065 4014
 3223 3224 4014
 4248 3223 4941
 821 4248 4941
 4248 1390 4249
 3223 4248 4249
 1839 1829 3478
 1390 1839 3478
 1839 822 1853
 1829 1839 1853
 3224 1829 3225
 1065 3224 3225
 3224 1390 3478
 1829 3224 3478
 1891 1890 2612
 1835 1891 2612
 914 1890 1891
 2611 1890 2890
 2890 913 3338
 2611 2890 3338
 2612 2611 3074
 1835 2612 3074
 1890 2611 2612
 1870 1836 1909
 1909 1835 2727
 1870 1909 2727
 362 1836 1870
 1836 914 1891
 1891 1835 1909
 1836 1891 1909
 914 157 1866
 1890 1866 2543
 2890 2543 3237
 913 2890 3237
 1890 2543 2890
 914 1866 1890
 3943 3695 4192
 2610 3943 4192
 3943 2609 4627
 3695 3943 4627
 3696 3695 4374
 1064 3696 4374
 3696 2610 4192
 3695 3696 4192
 3337 3336 3944
 2610 3337 3944
 3337 913 3799
 3336 3337 3799
 3943 3336 4423
 2609 3943 4423
 3943 2610 3944
 3336 3943 3944
 4626 4625 5343
 3694 4626 5343
 4626 2609 5055
 4625 4626 5055
 4625 359 5342
 5342 3694 5343
 4625 5342 5343
 4373 3695 4885
 3694 4373 4885
 4373 1064 4374
 3695 4373 4374
 4626 3695 4627
 2609 4626 4627
 4626 3694 4885
 3695 4626 4885
 2726 2725 3327
 1855 2726 3327
 2726 1835 3217
 2725 2726 3217
 3326 2725 3921
 1064 3326 3921
 3326 1855 3327
 2725 3326 3327
 1881 1870 2811
 1855 1881 2811
 362 1870 1881
 2726 1870 2727
 1835 2726 2727
 2726 1855 2811
 1870 2726 2811
 3073 2611 3515
 2610 3073 3515
 3073 1835 3074
 2611 3073 3074
 3337 2611 3338
 913 3337 3338
 3337 2610 3515
 2611 3337 3515
 3696 2725 3697
 2610 3696 3697
 3696 1064 3921
 2725 3696 3921
 3073 2725 3217
 1835 3073 3217
 3073 2610 3697
 2725 3073 3697
 2899 731 2900
 5090 2900 5091
 359 5090 5091
 2899 2900 5090
 127 731 2899
 3755 893 3756
 5234 3756 5235
 821 5234 5235
 3755 3756 5234
 731 893 3755
 4440 966 4441
 4441 947 5272
 4440 4441 5272
 893 966 4440
 3598 1029 4843
 966 3598 4843
 3598 231 3599
 1029 3598 3599
 4441 1029 4442
 947 4441 4442
 4441 966 4843
 1029 4441 4843
 3757 3756 4855
 4855 947 4856
 3757 4855 4856
 5235 3757 5236
 821 5235 5236
 3756 3757 5235
 3756 893 4440
 4855 4440 5272
 947 4855 5272
 3756 4440 4855
 2901 2900 4609
 4609 821 4610
 2901 4609 4610
 5091 2901 5092
 359 5091 5092
 2900 2901 5091
 2900 731 3755
 4609 3755 5234
 821 4609 5234
 2900 3755 4609
 712 711 723
 285 712 723
 232 711 712
 2002 824 2125
 2125 823 2165
 2002 2125 2165
 717 824 2002
 824 711 926
 926 823 2125
 824 926 2125
 2003 949 2051
 866 2003 2051
 2003 823 2004
 949 2003 2004
 953 949 1031
 231 953 1031
 953 866 2051
 949 953 2051
 2197 2002 2198
 866 2197 2198
 717 2002 2197
 2003 2002 2165
 823 2003 2165
 2003 866 2198
 2002 2003 2198
 723 717 2371
 285 723 2371
 723 711 824
 717 723 824
 285 36 364
 364 232 712
 285 364 712
 721 363 915
 915 362 972
 721 915 972
 232 363 721
 363 157 914
 915 914 1836
 362 915 1836
 363 914 915
 925 869 1067
 1180 1067 1831
 822 1180 1831
 925 1067 1180
 711 869 925
 1557 1066 1788
 869 1557 1788
 1557 362 1857
 1066 1557 1857
 1830 1067 1851
 1066 1830 1851
 1830 822 1831
 1067 1830 1831
 1067 869 1788
 1788 1066 1851
 1067 1788 1851
 1002 987 1393
 948 1002 1393
 1002 823 1068
 987 1002 1068
 1392 987 1752
 822 1392 1752
 1392 948 1393
 987 1392 1393
 1030 949 1150
 948 1030 1150
 1030 231 1031
 949 1030 1031
 1002 949 2004
 823 1002 2004
 1002 948 1150
 949 1002 1150
 926 925 988
 823 926 988
 711 925 926
 1180 987 1181
 925 1180 1181
 1180 822 1752
 987 1180 1752
 988 987 1068
 823 988 1068
 988 925 1181
 987 988 1181
 711 232 721
 869 721 972
 972 362 1557
 869 972 1557
 711 721 869
 4019 3479 4020
 3249 4019 4020
 4019 3052 4244
 3479 4019 4244
 3573 3479 3780
 2312 3573 3780
 3573 3249 4020
 3479 3573 4020
 4093 4018 4336
 3249 4093 4336
 4093 2311 4590
 4018 4093 4590
 4019 4018 4501
 3052 4019 4501
 4019 3249 4336
 4018 4019 4336
 3923 3803 4107
 3053 3923 4107
 3923 3052 4392
 3803 3923 4392
 3804 3803 4265
 360 3804 4265
 3804 3053 4107
 3803 3804 4107
 3480 3479 3924
 3053 3480 3924
 3480 2312 3780
 3479 3480 3780
 3923 3479 4244
 3052 3923 4244
 3923 3053 3924
 3479 3923 3924
 2780 2779 3250
 2312 2780 3250
 2780 230 3064
 2779 2780 3064
 3708 3707 4094
 3249 3708 4094
 3708 2779 3954
 3707 3708 3954
 4093 3707 4412
 2311 4093 4412
 4093 3249 4094
 3707 4093 4094
 3573 3250 3893
 3249 3573 3893
 2312 3250 3573
 3250 2779 3708
 3708 3249 3893
 3250 3708 3893
 5043 4982 5398
 4017 5043 5398
 4016 4982 5043
 4982 3051 4983
 4983 4017 5398
 4982 4983 5398
 4589 4588 5044
 4017 4589 5044
 4589 2311 4891
 4588 4589 4891
 5043 4588 5494
 4016 5043 5494
 5043 4017 5044
 4588 5043 5044
 4016 229 4981
 4981 3051 4982
 4016 4981 4982
 4391 4390 4896
 3802 4391 4896
 4391 3052 4719
 4390 4391 4719
 4895 4390 5273
 3051 4895 5273
 4895 3802 4896
 4390 4895 4896
 4264 3803 4628
 3802 4264 4628
 4264 360 4265
 3803 4264 4265
 4391 3803 4392
 3052 4391 4392
 4391 3802 4628
 3803 4391 4628
 4500 4018 4811
 4017 4500 4811
 4500 3052 4501
 4018 4500 4501
 4589 4018 4590
 2311 4589 4590
 4589 4017 4811
 4018 4589 4811
 4983 4390 4984
 4017 4983 4984
 4983 3051 5273
 4390 4983 5273
 4500 4390 4719
 3052 4500 4719
 4500 4017 4984
 4390 4500 4984
 2380 2379 2825
 1865 2380 2825
 361 2379 2380
 3244 3243 3648
 2824 3244 3648
 2379 3243 3244
 3647 3243 3988
 360 3647 3988
 3647 2824 3648
 3243 3647 3648
 2825 2824 3108
 1865 2825 3108
 2825 2379 3244
 2824 2825 3244
 1865 157 1895
 1895 361 2380
 1865 1895 2380
 2313 2312 2606
 361 2313 2606
 2313 230 2780
 2312 2313 2780
 3361 3054 3663
 3053 3361 3663
 2379 3054 3361
 3054 2312 3480
 3480 3053 3663
 3054 3480 3663
 3804 3243 3805
 3053 3804 3805
 3804 360 3988
 3243 3804 3988
 3243 2379 3361
 3361 3053 3805
 3243 3361 3805
 2379 361 2606
 2606 2312 3054
 2379 2606 3054
 3533 2987 3561
 3561 2986 3949
 3533 3561 3949
 3534 3533 3918
 2567 3534 3918
 2987 3533 3534
 2987 2140 3277
 3277 2986 3561
 2987 3277 3561
 3948 3947 4354
 3532 3948 4354
 3948 2986 4226
 3947 3948 4226
 4353 3947 4653
 2139 4353 4653
 4353 3532 4354
 3947 4353 4354
 3917 3533 4160
 3532 3917 4160
 3917 2567 3918
 3533 3917 3918
 3948 3533 3949
 2986 3948 3949
 3948 3532 4160
 3533 3948 4160
 2898 2568 3179
 3179 2567 3453
 2898 3179 3453
 230 2568 2898
 2568 2140 2987
 3179 2987 3534
 2567 3179 3534
 2568 2987 3179
 3063 2718 3323
 3323 2717 3641
 3063 3323 3641
 2140 2718 3063
 2718 71 3107
 3323 3107 3682
 2717 3323 3682
 2718 3107 3323
 3989 3603 4246
 3602 3989 4246
 3989 2986 3990
 3603 3989 3990
 4031 3603 4032
 2717 4031 4032
 4031 3602 4246
 3603 4031 4246
 4398 3947 4399
 3602 4398 4399
 4398 2139 4653
 3947 4398 4653
 3989 3947 4226
 2986 3989 4226
 3989 3602 4399
 3947 3989 4399
 3277 3063 3604
 2986 3277 3604
 2140 3063 3277
 3603 3063 3641
 3641 2717 4032
 3603 3641 4032
 3604 3603 3990
 2986 3604 3990
 3063 3603 3604
 4727 4726 5229
 4210 4727 5229
 4727 3404 5003
 4726 4727 5003
 4726 3403 5228
 5228 4210 5229
 4726 5228 5229
 4656 4211 4961
 4210 4656 4961
 4656 2311 4657
 4211 4656 4657
 4727 4211 4728
 3404 4727 4728
 4727 4210 4961
 4211 4727 4961
 4747 4328 5041
 4327 4747 5041
 4747 3404 4748
 4328 4747 4748
 4819 4328 4820
 2139 4819 4820
 4819 4327 5041
 4328 4819 5041
 5258 4726 5259
 4327 5258 5259
 3403 4726 5258
 4747 4726 5003
 3404 4747 5003
 4747 4327 5259
 4726 4747 5259
 5137 4016 5138
 3403 5137 5138
 229 4016 5137
 5139 4588 5140
 4210 5139 5140
 5139 4016 5494
 4588 5139 5494
 4656 4588 4891
 2311 4656 4891
 4656 4210 5140
 4588 4656 5140
 5138 4210 5228
 3403 5138 5228
 5138 4016 5139
 4210 5138 5139
 3781 3406 4055
 3405 3781 4055
 3781 2779 3782
 3406 3781 3782
 3873 3406 3874
 2567 3873 3874
 3873 3405 4055
 3406 3873 4055
 4212 3707 4213
 3405 4212 4213
 4212 2311 4412
 3707 4212 4412
 3781 3707 3954
 2779 3781 3954
 3781 3405 4213
 3707 3781 4213
 3064 2898 3407
 2779 3064 3407
 230 2898 3064
 3406 2898 3453
 3453 2567 3874
 3406 3453 3874
 3407 3406 3782
 2779 3407 3782
 2898 3406 3407
 4329 3872 4330
 3532 4329 4330
 4329 3404 4574
 3872 4329 4574
 3917 3872 4087
 2567 3917 4087
 3917 3532 4330
 3872 3917 4330
 4353 4328 4607
 3532 4353 4607
 4353 2139 4820
 4328 4353 4820
 4329 4328 4748
 3404 4329 4748
 4329 3532 4607
 4328 4329 4607
 4252 4211 4498
 3405 4252 4498
 4252 3404 4728
 4211 4252 4728
 4212 4211 4657
 2311 4212 4657
 4212 3405 4498
 4211 4212 4498
 3873 3872 4253
 3405 3873 4253
 3873 2567 4087
 3872 3873 4087
 4252 3872 4574
 3404 4252 4574
 4252 3405 4253
 3872 4252 4253
 2504 2503 4173
 4173 359 4174
 2504 4173 4174
 4777 2504 4778
 229 4777 4778
 2503 2504 4777
 2503 127 2899
 4173 2899 5090
 359 4173 5090
 2503 2899 4173
 3821 3820 4367
 3123 3821 4367
 3821 2506 4214
 3820 3821 4214
 4366 3820 4752
 2505 4366 4752
 4366 3123 4367
 3820 4366 4367
 3563 3124 4010
 3123 3563 4010
 3563 913 3564
 3124 3563 3564
 3821 3124 3822
 2506 3821 3822
 3821 3123 4010
 3124 3821 4010
 3976 3467 4350
 3466 3976 4350
 3976 2506 3977
 3467 3976 3977
 4133 3467 4134
 360 4133 4134
 4133 3466 4350
 3467 4133 4350
 4549 3820 4550
 3466 4549 4550
 4549 2505 4752
 3820 4549 4752
 3976 3820 4214
 2506 3976 4214
 3976 3466 4550
 3820 3976 4550
 4799 4176 5264
 4175 4799 5264
 4799 2609 4800
 4176 4799 4800
 4966 4176 4967
 2505 4966 4967
 4966 4175 5264
 4176 4966 5264
 4175 359 4625
 4799 4625 5055
 2609 4799 5055
 4175 4625 4799
 4177 3336 4178
 3123 4177 4178
 4177 2609 4423
 3336 4177 4423
 3563 3336 3799
 913 3563 3799
 3563 3123 4178
 3336 3563 4178
 4366 4176 4621
 3123 4366 4621
 4366 2505 4967
 4176 4366 4967
 4177 4176 4800
 2609 4177 4800
 4177 3123 4621
 4176 4177 4621
 1866 1865 2507
 2543 2507 3125
 3125 913 3237
 2543 3125 3237
 1866 2507 2543
 157 1865 1866
 3468 2947 3469
 2824 3468 3469
 3468 2506 3671
 2947 3468 3671
 2947 1865 3108
 3108 2824 3469
 2947 3108 3469
 3647 3467 3857
 2824 3647 3857
 3647 360 4134
 3467 3647 4134
 3468 3467 3977
 2506 3468 3977
 3468 2824 3857
 3467 3468 3857
 3301 3124 3439
 2507 3301 3439
 3301 2506 3822
 3124 3301 3822
 3125 3124 3564
 913 3125 3564
 3125 2507 3439
 3124 3125 3439
 2507 1865 2947
 3301 2947 3671
 2506 3301 3671
 2507 2947 3301
 4780 4779 5422
 5422 3465 5423
 4780 5422 5423
 3051 4779 4780
 4779 2504 5265
 5265 3465 5422
 4779 5265 5422
 4781 4132 4782
 3802 4781 4782
 4781 3465 5033
 4132 4781 5033
 4264 4132 4514
 360 4264 4514
 4264 3802 4782
 4132 4264 4782
 4895 4780 5160
 3802 4895 5160
 3051 4780 4895
 4781 4780 5423
 3465 4781 5423
 4781 3802 5160
 4780 4781 5160
 4778 3051 4981
 229 4778 4981
 4778 2504 4779
 3051 4778 4779
 4547 4174 4965
 5110 4965 5478
 2505 5110 5478
 4547 4965 5110
 2504 4174 4547
 4174 359 4175
 4965 4175 4966
 4966 2505 5478
 4965 4966 5478
 4174 4175 4965
 4665 4548 4926
 3466 4665 4926
 4665 3465 5267
 4548 4665 5267
 4549 4548 5111
 2505 4549 5111
 4549 3466 4926
 4548 4549 4926
 4133 4132 4666
 3466 4133 4666
 4133 360 4514
 4132 4133 4514
 4665 4132 5033
 3465 4665 5033
 4665 3466 4666
 4132 4665 4666
 5265 4547 5266
 3465 5265 5266
 2504 4547 5265
 4548 4547 5110
 5110 2505 5111
 4548 5110 5111
 5266 4548 5267
 3465 5266 5267
 4547 4548 5266
 73 33 128
 22 73 128
 73 3 115
 33 73 115
 223 114 444
 70 223 444
 33 114 223
 201 114 202
 202 11 309
 201 202 309
 444 201 445
 70 444 445
 114 201 444
 128 70 348
 22 128 348
 128 33 223
 70 128 223
 75 37 129
 19 75 129
 130 75 160
 160 12 186
 130 160 186
 37 75 130
 61 37 131
 4 61 131
 61 19 129
 37 61 129
 60 38 132
 19 60 132
 60 5 133
 38 60 133
 75 38 134
 160 134 236
 12 160 236
 75 134 160
 75 19 132
 38 75 132
 135 76 366
 38 135 366
 135 23 375
 76 135 375
 235 134 455
 455 76 456
 235 455 456
 236 235 365
 12 236 365
 134 235 236
 134 38 366
 366 76 455
 134 366 455
 74 38 133
 5 74 133
 74 23 135
 38 74 135
 4552 4551 5269
 5269 3470 5270
 4552 5269 5270
 5112 4552 5113
 2511 5112 5113
 4551 4552 5112
 4551 2510 5268
 5268 3470 5269
 4551 5268 5269
 4667 4135 4668
 3471 4667 4668
 4667 3470 5034
 4135 4667 5034
 4136 4135 4515
 373 4136 4515
 4136 3471 4668
 4135 4136 4668
 4553 4552 4927
 3471 4553 4927
 4553 2511 5113
 4552 4553 5113
 4667 4552 5270
 3470 4667 5270
 4667 3471 4927
 4552 4667 4927
 4181 4180 4968
 4969 4968 5479
 2511 4969 5479
 4181 4968 4969
 368 4180 4181
 4180 2510 4551
 4968 4551 5112
 5112 2511 5479
 4968 5112 5479
 4180 4551 4968
 4785 3055 4786
 2510 4785 4786
 4785 241 4985
 3055 4785 4985
 4788 4787 5161
 3806 4788 5161
 4788 3470 5425
 4787 4788 5425
 4787 3055 4897
 4897 3806 5161
 4787 4897 5161
 4266 4135 4789
 3806 4266 4789
 4266 373 4515
 4135 4266 4515
 4788 4135 5034
 3470 4788 5034
 4788 3806 4789
 4135 4788 4789
 5268 4786 5424
 3470 5268 5424
 2510 4786 5268
 4786 3055 4787
 5424 4787 5425
 3470 5424 5425
 4786 4787 5424
 2948 2513 3302
 3302 2512 3672
 2948 3302 3672
 1867 2513 2948
 3128 3127 3440
 2513 3128 3440
 3128 916 3566
 3127 3128 3566
 3302 3127 3825
 2512 3302 3825
 3302 2513 3440
 3127 3302 3440
 3473 3472 3858
 2826 3473 3858
 3473 2512 3979
 3472 3473 3979
 3649 3472 4137
 373 3649 4137
 3649 2826 3858
 3472 3649 3858
 3109 2948 3474
 2826 3109 3474
 1867 2948 3109
 3473 2948 3672
 2512 3473 3672
 3473 2826 3474
 2948 3473 3474
 1867 161 1868
 2513 1868 2544
 3128 2544 3238
 916 3128 3238
 2513 2544 3128
 1867 1868 2513
 4183 4182 4622
 3126 4183 4622
 4183 2613 4802
 4182 4183 4802
 4368 4182 4970
 2511 4368 4970
 4368 3126 4622
 4182 4368 4622
 3565 3339 4184
 3126 3565 4184
 3565 916 3800
 3339 3565 3800
 4183 3339 4424
 2613 4183 4424
 4183 3126 4184
 3339 4183 4184
 4630 4181 4801
 4801 2613 5056
 4630 4801 5056
 368 4181 4630
 4969 4182 5271
 4181 4969 5271
 4969 2511 4970
 4182 4969 4970
 4801 4182 4802
 2613 4801 4802
 4801 4181 5271
 4182 4801 5271
 3978 3823 4554
 3471 3978 4554
 3978 2512 4215
 3823 3978 4215
 4553 3823 4753
 2511 4553 4753
 4553 3471 4554
 3823 4553 4554
 4136 3472 4351
 3471 4136 4351
 4136 373 4137
 3472 4136 4137
 3978 3472 3979
 2512 3978 3979
 3978 3471 4351
 3472 3978 4351
 3824 3127 4011
 3126 3824 4011
 3824 2512 3825
 3127 3824 3825
 3565 3127 3566
 916 3565 3566
 3565 3126 4011
 3127 3565 4011
 4368 3823 4369
 3126 4368 4369
 4368 2511 4753
 3823 4368 4753
 3824 3823 4215
 2512 3824 4215
 3824 3126 4369
 3823 3824 4369
 2906 2509 4179
 4179 368 5095
 2906 4179 5095
 136 2509 2906
 2510 2509 4784
 4784 241 4785
 2510 4784 4785
 4179 2510 4180
 368 4179 4180
 2509 2510 4179
 4254 3875 4255
 3412 4254 4255
 4254 3411 4575
 3875 4254 4575
 3876 3875 4088
 2569 3876 4088
 3876 3412 4255
 3875 3876 4255
 4218 4217 4499
 3412 4218 4499
 4218 2314 4659
 4217 4218 4659
 4254 4217 4731
 3411 4254 4731
 4254 3412 4499
 4217 4254 4499
 4334 4333 4608
 3535 4334 4608
 4334 3411 4750
 4333 4334 4750
 4355 4333 4823
 2142 4355 4823
 4355 3535 4608
 4333 4355 4608
 3919 3875 4335
 3535 3919 4335
 3919 2569 4088
 3875 3919 4088
 4334 3875 4575
 3411 4334 4575
 4334 3535 4335
 3875 4334 4335
 3413 2913 3414
 3414 2781 3784
 3413 3414 3784
 3454 3413 3877
 2569 3454 3877
 2913 3413 3454
 2913 242 3065
 3065 2781 3414
 2913 3065 3414
 3783 3709 4219
 3412 3783 4219
 3783 2781 3955
 3709 3783 3955
 4218 3709 4413
 2314 4218 4413
 4218 3412 4219
 3709 4218 4219
 3876 3413 4056
 3412 3876 4056
 3876 2569 3877
 3413 3876 3877
 3783 3413 3784
 2781 3783 3784
 3783 3412 4056
 3413 3783 4056
 5144 4216 5145
 4021 5144 5145
 5144 3410 5230
 4216 5144 5230
 4658 4591 5146
 4216 4658 5146
 4658 2314 4892
 4591 4658 4892
 5145 4591 5495
 4021 5145 5495
 5145 4216 5146
 4591 5145 5146
 4021 241 5143
 5143 3410 5144
 4021 5143 5144
 4749 4729 5263
 4332 4749 5263
 4749 3411 5004
 4729 4749 5004
 4729 3410 5262
 5262 4332 5263
 4729 5262 5263
 4822 4333 5042
 4332 4822 5042
 4822 2142 4823
 4333 4822 4823
 4749 4333 4750
 3411 4749 4750
 4749 4332 5042
 4333 4749 5042
 4730 4217 4962
 4216 4730 4962
 4730 3411 4731
 4217 4730 4731
 4658 4217 4659
 2314 4658 4659
 4658 4216 4962
 4217 4658 4962
 5230 4729 5231
 4216 5230 5231
 3410 4729 5230
 4730 4729 5004
 3411 4730 5004
 4730 4216 5231
 4729 4730 5231
 3608 3066 3609
 3609 2988 3992
 3608 3609 3992
 3642 3608 4035
 2719 3642 4035
 3066 3608 3642
 3066 2143 3278
 3278 2988 3609
 3066 3278 3609
 3991 3950 4403
 3607 3991 4403
 3991 2988 4227
 3950 3991 4227
 4402 3950 4654
 2142 4402 4654
 4402 3607 4403
 3950 4402 4403
 4034 3608 4247
 3607 4034 4247
 4034 2719 4035
 3608 4034 4035
 3991 3608 3992
 2988 3991 3992
 3991 3607 4247
 3608 3991 4247
 3110 2720 3324
 3324 2719 3685
 3110 3324 3685
 72 2720 3110
 2720 2143 3066
 3324 3066 3642
 2719 3324 3642
 2720 3066 3324
 2989 2570 3180
 3180 2569 3537
 2989 3180 3537
 2143 2570 2989
 2570 242 2913
 3180 2913 3454
 2569 3180 3454
 2570 2913 3180
 3951 3536 4161
 3535 3951 4161
 3951 2988 3952
 3536 3951 3952
 3919 3536 3920
 2569 3919 3920
 3919 3535 4161
 3536 3919 4161
 4355 3950 4356
 3535 4355 4356
 4355 2142 4654
 3950 4355 4654
 3951 3950 4227
 2988 3951 4227
 3951 3535 4356
 3950 3951 4356
 3278 2989 3562
 2988 3278 3562
 2143 2989 3278
 3536 2989 3537
 3537 2569 3920
 3536 3537 3920
 3562 3536 3952
 2988 3562 3952
 2989 3536 3562
 2607 2381 3058
 2315 2607 3058
 374 2381 2607
 3362 3245 3809
 3057 3362 3809
 2381 3245 3362
 3808 3245 3993
 373 3808 3993
 3808 3057 3809
 3245 3808 3809
 3482 3058 3664
 3057 3482 3664
 2315 3058 3482
 3058 2381 3362
 3362 3057 3664
 3058 3362 3664
 2316 2315 2782
 242 2316 2782
 2316 374 2607
 2315 2316 2607
 1896 1867 2382
 374 1896 2382
 161 1867 1896
 2827 2826 3246
 2381 2827 3246
 2827 1867 3109
 2826 2827 3109
 3649 3245 3650
 2826 3649 3650
 3649 373 3993
 3245 3649 3993
 3245 2381 3246
 3246 2826 3650
 3245 3246 3650
 2381 374 2382
 2382 1867 2827
 2381 2382 2827
 4502 4393 4988
 4022 4502 4988
 4502 3056 4720
 4393 4502 4720
 4987 4393 5274
 3055 4987 5274
 4987 4022 4988
 4393 4987 4988
 4592 4023 4812
 4022 4592 4812
 4592 2314 4593
 4023 4592 4593
 4502 4023 4503
 3056 4502 4503
 4502 4022 4812
 4023 4502 4812
 4394 3807 4629
 3806 4394 4629
 4394 3056 4395
 3807 4394 4395
 4266 3807 4267
 373 4266 4267
 4266 3806 4629
 3807 4266 4629
 4897 4393 4898
 3806 4897 4898
 4897 3055 5274
 4393 4897 5274
 4394 4393 4720
 3056 4394 4720
 4394 3806 4898
 4393 4394 4898
 4985 4021 4986
 3055 4985 4986
 241 4021 4985
 5045 4591 5046
 4022 5045 5046
 5045 4021 5495
 4591 5045 5495
 4592 4591 4892
 2314 4592 4892
 4592 4022 5046
 4591 4592 5046
 4987 4986 5399
 4022 4987 5399
 3055 4986 4987
 4986 4021 5045
 5045 4022 5399
 4986 5045 5399
 3710 3252 3894
 3251 3710 3894
 2781 3252 3710
 3252 2315 3574
 3574 3251 3894
 3252 3574 3894
 4095 3709 4096
 3251 4095 4096
 4095 2314 4413
 3709 4095 4413
 3710 3709 3955
 2781 3710 3955
 3710 3251 4096
 3709 3710 4096
 2782 2781 3065
 242 2782 3065
 2782 2315 3252
 2781 2782 3252
 3925 3481 3926
 3057 3925 3926
 3925 3056 4245
 3481 3925 4245
 3482 3481 3785
 2315 3482 3785
 3482 3057 3926
 3481 3482 3926
 3808 3807 4108
 3057 3808 4108
 3808 373 4267
 3807 3808 4267
 3925 3807 4395
 3056 3925 4395
 3925 3057 4108
 3807 3925 4108
 4024 4023 4337
 3251 4024 4337
 4024 3056 4503
 4023 4024 4503
 4095 4023 4593
 2314 4095 4593
 4095 3251 4337
 4023 4095 4337
 3574 3481 4025
 3251 3574 4025
 3574 2315 3785
 3481 3574 3785
 4024 3481 4245
 3056 4024 4245
 4024 3251 4025
 3481 4024 4025
 722 713 870
 973 870 1558
 369 973 1558
 722 870 973
 240 713 722
 990 989 1183
 927 990 1183
 990 827 1069
 989 990 1069
 1182 989 1753
 826 1182 1753
 1182 927 1183
 989 1182 1183
 927 713 928
 928 827 990
 927 928 990
 1003 952 1151
 951 1003 1151
 1003 827 2007
 952 1003 2007
 1033 952 1034
 239 1033 1034
 1033 951 1151
 952 1033 1151
 1396 989 1397
 951 1396 1397
 1396 826 1753
 989 1396 1753
 1003 989 1069
 827 1003 1069
 1003 951 1397
 989 1003 1397
 1789 1073 1852
 1072 1789 1852
 870 1073 1789
 1833 1073 1834
 826 1833 1834
 1833 1072 1852
 1073 1833 1852
 1558 1072 1860
 369 1558 1860
 1558 870 1789
 1072 1558 1789
 870 713 927
 1073 927 1182
 1182 826 1834
 1073 1182 1834
 870 927 1073
 917 371 918
 918 369 1838
 917 918 1838
 161 371 917
 371 240 722
 918 722 973
 369 918 973
 371 722 918
 367 287 714
 240 367 714
 39 287 367
 724 718 828
 713 724 828
 724 287 2372
 718 724 2372
 2006 2005 2200
 867 2006 2200
 2006 827 2166
 2005 2006 2166
 2005 718 2199
 2199 867 2200
 2005 2199 2200
 954 952 2052
 867 954 2052
 954 239 1034
 952 954 1034
 2006 952 2007
 827 2006 2007
 2006 867 2052
 952 2006 2052
 928 828 2126
 827 928 2126
 713 828 928
 828 718 2005
 2126 2005 2166
 827 2126 2166
 828 2005 2126
 713 240 714
 714 287 724
 713 714 724
 3760 2907 4613
 4613 825 5237
 3760 4613 5237
 735 2907 3760
 2908 2907 5096
 5096 368 5097
 2908 5096 5097
 4613 2908 4614
 825 4613 4614
 2907 2908 4613
 4443 3761 4857
 4857 950 5275
 4443 4857 5275
 897 3761 4443
 3762 3761 5238
 5238 825 5239
 3762 5238 5239
 4857 3762 4858
 950 4857 4858
 3761 3762 4857
 4444 1032 4844
 969 4444 4844
 4444 950 4445
 1032 4444 4445
 3610 1032 3611
 239 3610 3611
 3610 969 4844
 1032 3610 4844
 969 897 4443
 4444 4443 5275
 950 4444 5275
 969 4443 4444
 897 735 3760
 3761 3760 5237
 5237 825 5238
 3761 5237 5238
 897 3760 3761
 735 136 2906
 2907 2906 5095
 5095 368 5096
 2907 5095 5096
 735 2906 2907
 3075 2728 3701
 2614 3075 3701
 3075 1837 3218
 2728 3075 3218
 3700 2728 3922
 1070 3700 3922
 3700 2614 3701
 2728 3700 3701
 3340 2615 3516
 2614 3340 3516
 3340 916 3341
 2615 3340 3341
 3075 2615 3076
 1837 3075 3076
 3075 2614 3516
 2615 3075 3516
 2729 1871 2812
 1858 2729 2812
 2729 1837 2730
 1871 2729 2730
 1871 369 1883
 1883 1858 2812
 1871 1883 2812
 3328 2728 3329
 1858 3328 3329
 3328 1070 3922
 2728 3328 3922
 2729 2728 3218
 1837 2729 3218
 2729 1858 3329
 2728 2729 3329
 4631 3699 4886
 3698 4631 4886
 4631 2613 4632
 3699 4631 4632
 4375 3699 4376
 1070 4375 4376
 4375 3698 4886
 3699 4375 4886
 5344 4630 5345
 3698 5344 5345
 368 4630 5344
 4631 4630 5056
 2613 4631 5056
 4631 3698 5345
 4630 4631 5345
 3945 3339 3946
 2614 3945 3946
 3945 2613 4424
 3339 3945 4424
 3340 3339 3800
 916 3340 3800
 3340 2614 3946
 3339 3340 3946
 3700 3699 4193
 2614 3700 4193
 3700 1070 4376
 3699 3700 4376
 3945 3699 4632
 2613 3945 4632
 3945 2614 4193
 3699 3945 4193
 1868 917 1892
 2544 1892 2891
 2891 916 3238
 2544 2891 3238
 1868 1892 2544
 161 917 1868
 1893 1838 1910
 1837 1893 1910
 917 1838 1893
 1838 369 1871
 1910 1871 2730
 1837 1910 2730
 1838 1871 1910
 2615 1892 2616
 2616 1837 3076
 2615 2616 3076
 2891 2615 3341
 916 2891 3341
 1892 2615 2891
 1892 917 1893
 1893 1837 2616
 1892 1893 2616
 3227 1832 3483
 1394 3227 3483
 3227 1071 3228
 1832 3227 3228
 1841 1832 1854
 826 1841 1854
 1841 1394 3483
 1832 1841 3483
 4250 3226 4251
 1394 4250 4251
 4250 825 4942
 3226 4250 4942
 3227 3226 4015
 1071 3227 4015
 3227 1394 4251
 3226 3227 4251
 1863 1859 1872
 1072 1863 1872
 1863 1071 3072
 1859 1863 3072
 1860 1859 1884
 369 1860 1884
 1860 1072 1872
 1859 1860 1872
 1833 1832 1864
 1072 1833 1864
 1833 826 1854
 1832 1833 1854
 1863 1832 3228
 1071 1863 3228
 1863 1072 1864
 1832 1863 1864
 1593 1395 1812
 951 1593 1812
 1593 950 4121
 1395 1593 4121
 1396 1395 1842
 826 1396 1842
 1396 951 1812
 1395 1396 1812
 1033 1032 1594
 951 1033 1594
 1033 239 3611
 1032 1033 3611
 1593 1032 4445
 950 1593 4445
 1593 951 1594
 1032 1593 1594
 3763 3762 4594
 1394 3763 4594
 3763 950 4858
 3762 3763 4858
 4250 3762 5239
 825 4250 5239
 4250 1394 4594
 3762 4250 4594
 1841 1395 3764
 1394 1841 3764
 1841 826 1842
 1395 1841 1842
 3763 1395 4121
 950 3763 4121
 3763 1394 3764
 1395 3763 3764
 4863 4089 4864
 2909 4863 4864
 4863 2908 5514
 4089 4863 5514
 4090 4089 4660
 1070 4090 4660
 4090 2909 4864
 4089 4090 4864
 4615 4614 5233
 2909 4615 5233
 825 4614 4615
 4614 2908 4863
 4863 2909 5233
 4614 4863 5233
 5097 3698 5098
 2908 5097 5098
 5097 368 5344
 3698 5097 5344
 4375 4089 5099
 3698 4375 5099
 4375 1070 4660
 4089 4375 4660
 5098 4089 5514
 2908 5098 5514
 5098 3698 5099
 4089 5098 5099
 2911 2910 3540
 1858 2911 3540
 2911 1071 3746
 2910 2911 3746
 3328 2910 4091
 1070 3328 4091
 3328 1858 3540
 2910 3328 3540
 1883 1859 2912
 1858 1883 2912
 1883 369 1884
 1859 1883 1884
 2911 1859 3072
 1071 2911 3072
 2911 1858 2912
 1859 2911 2912
 3745 3226 4616
 2909 3745 4616
 3745 1071 4015
 3226 3745 4015
 4615 3226 4942
 825 4615 4942
 4615 2909 4616
 3226 4615 4616
 4090 2910 4382
 2909 4090 4382
 4090 1070 4091
 2910 4090 4091
 3745 2910 3746
 1071 3745 3746
 3745 2909 4382
 2910 3745 4382
 720 228 2508
 136 720 2508
 23 228 720
 3409 3408 5380
 5380 2138 5381
 3409 5380 5381
 5141 3409 5142
 241 5141 5142
 3408 3409 5141
 3408 228 5373
 5373 2138 5380
 3408 5373 5380
 4887 4872 5462
 4456 4887 5462
 4887 3606 5166
 4872 4887 5166
 4872 3605 5461
 5461 4456 5462
 4872 5461 5462
 4911 4457 5179
 4456 4911 5179
 4911 2716 4912
 4457 4911 4912
 4887 4457 4888
 3606 4887 4888
 4887 4456 5179
 4457 4887 5179
 4873 4401 5126
 4400 4873 5126
 4873 3606 4874
 4401 4873 4874
 4835 4401 4836
 2142 4835 4836
 4835 4400 5126
 4401 4835 5126
 5420 4872 5421
 4400 5420 5421
 3605 4872 5420
 4873 4872 5166
 3606 4873 5166
 4873 4400 5421
 4872 4873 5421
 5459 4451 5460
 3605 5459 5460
 2138 4451 5459
 5465 4908 5466
 4456 5465 5466
 4451 4908 5465
 4911 4908 5177
 2716 4911 5177
 4911 4456 5466
 4908 4911 5466
 5460 4456 5461
 3605 5460 5461
 5460 4451 5465
 4456 5460 5465
 4068 3684 4281
 3683 4068 4281
 4068 3106 4069
 3684 4068 4069
 4042 3684 4043
 2719 4042 4043
 4042 3683 4281
 3684 4042 4281
 4478 4065 4479
 3683 4478 4479
 4478 2716 4718
 4065 4478 4718
 4068 4065 4279
 3106 4068 4279
 4068 3683 4479
 4065 4068 4479
 3354 3110 3702
 3106 3354 3702
 72 3110 3354
 3684 3110 3685
 3685 2719 4043
 3684 3685 4043
 3702 3684 4069
 3106 3702 4069
 3110 3684 3702
 4430 4033 4431
 3607 4430 4431
 4430 3606 4706
 4033 4430 4706
 4034 4033 4260
 2719 4034 4260
 4034 3607 4431
 4033 4034 4431
 4402 4401 4678
 3607 4402 4678
 4402 2142 4836
 4401 4402 4836
 4430 4401 4874
 3606 4430 4874
 4430 3607 4678
 4401 4430 4678
 4458 4457 4716
 3683 4458 4716
 4458 3606 4888
 4457 4458 4888
 4478 4457 4912
 2716 4478 4912
 4478 3683 4716
 4457 4478 4716
 4042 4033 4459
 3683 4042 4459
 4042 2719 4260
 4033 4042 4260
 4458 4033 4706
 3606 4458 4706
 4458 3683 4459
 4033 4458 4459
 5260 4331 5261
 3410 5260 5261
 3409 4331 5260
 5332 4821 5333
 4332 5332 5333
 4331 4821 5332
 4822 4821 5106
 2142 4822 5106
 4822 4332 5333
 4821 4822 5333
 5261 4332 5262
 3410 5261 5262
 5261 4331 5332
 4332 5261 5332
 5142 3410 5143
 241 5142 5143
 5142 3409 5260
 3410 5142 5260
 5381 3605 5382
 3409 5381 5382
 5381 2138 5459
 3605 5381 5459
 5383 4400 5384
 4331 5383 5384
 5383 3605 5420
 4400 5383 5420
 4835 4821 5385
 4400 4835 5385
 4835 2142 5106
 4821 4835 5106
 4821 4331 5384
 5384 4400 5385
 4821 5384 5385
 4331 3409 5382
 5382 3605 5383
 4331 5382 5383
 2509 2508 4783
 4783 241 4784
 2509 4783 4784
 136 2508 2509
 2508 228 3408
 4783 3408 5141
 241 4783 5141
 2508 3408 4783
 159 137 187
 234 187 288
 1934 288 2274
 72 1934 2274
 234 288 1934
 159 187 234
 8 137 159
 237 188 289
 289 161 370
 237 289 370
 137 188 237
 240 188 290
 290 39 367
 240 290 367
 289 240 371
 161 289 371
 188 240 289
 372 291 1924
 242 372 1924
 187 291 372
 374 291 451
 451 161 1896
 374 451 1896
 1924 374 2316
 242 1924 2316
 291 374 1924
 2143 288 2144
 2144 242 2570
 2143 2144 2570
 2274 2143 2720
 72 2274 2720
 288 2143 2274
 288 187 372
 372 242 2144
 288 372 2144
 187 137 237
 291 237 370
 370 161 451
 291 370 451
 187 237 291
 452 378 1919
 2089 1919 2288
 293 2089 2288
 452 1919 2089
 292 378 452
 1876 378 1877
 1877 238 1970
 1876 1877 1970
 1919 1876 2157
 2288 2157 2542
 293 2288 2542
 1919 2157 2288
 378 1876 1919
 2284 1992 2571
 2856 2571 3111
 3111 1991 3346
 2856 3111 3346
 2284 2571 2856
 380 1992 2284
 2643 2416 2850
 2415 2643 2850
 1992 2416 2643
 2416 293 2736
 2850 2736 3083
 2415 2850 3083
 2416 2736 2850
 2968 2967 3161
 2571 2968 3161
 2968 2415 3248
 2967 2968 3248
 3111 2967 3428
 1991 3111 3428
 3111 2571 3161
 2967 3111 3161
 2571 1992 2643
 2643 2415 2968
 2571 2643 2968
 3421 3112 3422
 2751 3421 3422
 3421 2750 3778
 3112 3421 3778
 3113 3112 3330
 2101 3113 3330
 3113 2751 3422
 3112 3113 3422
 3259 3258 3543
 2751 3259 3543
 3259 1991 3644
 3258 3259 3644
 3421 3258 3904
 2750 3421 3904
 3421 2751 3543
 3258 3421 3543
 3615 3614 3985
 2951 3615 3985
 3615 2750 4110
 3614 3615 4110
 3861 3614 4363
 138 3861 4363
 3861 2951 3985
 3614 3861 3985
 3239 3112 3616
 2951 3239 3616
 3239 2101 3330
 3112 3239 3330
 3615 3112 3778
 2750 3615 3778
 3615 2951 3616
 3112 3615 3616
 2384 2284 2752
 2101 2384 2752
 380 2284 2384
 2976 2856 3260
 2751 2976 3260
 2284 2856 2976
 3259 2856 3346
 1991 3259 3346
 3259 2751 3260
 2856 3259 3260
 2752 2751 3113
 2101 2752 3113
 2752 2284 2976
 2751 2752 2976
 380 292 452
 1992 452 2089
 2089 293 2416
 1992 2089 2416
 380 452 1992
 292 76 377
 378 377 454
 454 238 1877
 378 454 1877
 292 377 378
 3291 3290 4791
 4791 2706 4792
 3291 4791 4792
 4036 3291 4037
 2228 4036 4037
 3290 3291 4036
 3290 2227 4790
 4790 2706 4791
 3290 4790 4791
 3665 3141 3666
 2707 3665 3666
 3665 2706 4436
 3141 3665 4436
 3142 3141 3538
 381 3142 3538
 3142 2707 3666
 3141 3142 3666
 3292 3291 3846
 2707 3292 3846
 3292 2228 4037
 3291 3292 4037
 3665 3291 4792
 2706 3665 4792
 3665 2707 3846
 3291 3665 3846
 5130 3484 5131
 2793 5130 5131
 2792 3484 5130
 3485 3484 4411
 2228 3485 4411
 3485 2793 5131
 3484 3485 5131
 3888 2793 3889
 286 3888 3889
 3888 2792 5130
 2793 3888 5130
 2792 2227 3290
 3484 3290 4036
 4036 2228 4411
 3484 4036 4411
 2792 3290 3484
 4113 2626 4114
 2227 4113 4114
 4113 244 5338
 2626 4113 5338
 4116 4115 5159
 3041 4116 5159
 2706 4115 4116
 4115 2626 4673
 4673 3041 5159
 4115 4673 5159
 3417 3141 4117
 3041 3417 4117
 3417 381 3538
 3141 3417 3538
 4116 3141 4436
 2706 4116 4436
 4116 3041 4117
 3141 4116 4117
 4114 2706 4790
 2227 4114 4790
 4114 2626 4115
 2706 4114 4115
 2434 2255 2572
 2572 2254 2738
 2434 2572 2738
 1961 2255 2434
 2452 2451 2588
 2255 2452 2588
 2452 457 2596
 2451 2452 2596
 2572 2451 2758
 2254 2572 2758
 2572 2255 2588
 2451 2572 2588
 2709 2708 2892
 2406 2709 2892
 2709 2254 2940
 2708 2709 2940
 2859 2708 3143
 381 2859 3143
 2859 2406 2892
 2708 2859 2892
 2546 2434 2710
 2406 2546 2710
 1961 2434 2546
 2709 2434 2738
 2254 2709 2738
 2709 2406 2710
 2434 2709 2710
 1961 238 1962
 2255 1962 2258
 2258 457 2452
 2255 2258 2452
 1961 1962 2255
 2795 2794 3061
 2450 2795 3061
 2795 2229 3119
 2794 2795 3119
 3007 2794 3486
 2228 3007 3486
 3007 2450 3061
 2794 3007 3061
 2595 2469 2796
 2450 2595 2796
 2595 457 2600
 2469 2595 2600
 2795 2469 2830
 2229 2795 2830
 2795 2450 2796
 2469 2795 2796
 3118 2846 3890
 2793 3118 3890
 3118 2229 3162
 2846 3118 3162
 3889 2846 4487
 286 3889 4487
 3889 2793 3890
 2846 3889 3890
 3485 2794 3686
 2793 3485 3686
 3485 2228 3486
 2794 3485 3486
 3118 2794 3119
 2229 3118 3119
 3118 2793 3686
 2794 3118 3686
 2939 2756 3293
 2707 2939 3293
 2939 2254 2972
 2756 2939 2972
 3292 2756 3378
 2228 3292 3378
 3292 2707 3293
 2756 3292 3293
 3142 2708 3220
 2707 3142 3220
 3142 381 3143
 2708 3142 3143
 2939 2708 2940
 2254 2939 2940
 2939 2707 3220
 2708 2939 3220
 2757 2451 2778
 2450 2757 2778
 2757 2254 2758
 2451 2757 2758
 2595 2451 2596
 457 2595 2596
 2595 2450 2778
 2451 2595 2778
 3007 2756 3008
 2450 3007 3008
 3007 2228 3378
 2756 3007 3378
 2757 2756 2972
 2254 2757 2972
 2757 2450 3008
 2756 2757 3008
 2092 2091 2791
 2914 2791 3887
 286 2914 3887
 2092 2791 2914
 39 2091 2092
 2227 2091 4112
 4112 244 4113
 2227 4112 4113
 2791 2227 2792
 3887 2792 3888
 286 3887 3888
 2791 2792 3887
 2091 2227 2791
 4583 3908 4584
 3212 4583 4584
 4583 3211 5313
 3908 4583 5313
 3909 3908 4371
 2414 3909 4371
 3909 3212 4584
 3908 3909 4584
 4205 4204 4824
 3212 4205 4824
 4205 2155 5051
 4204 4205 5051
 4204 3211 4583
 4583 3212 4824
 4204 4583 4824
 4936 3630 4937
 3211 4936 4937
 4936 1990 5386
 3630 4936 5386
 4196 3908 4938
 3630 4196 4938
 4196 2414 4371
 3908 4196 4371
 4937 3908 5313
 3211 4937 5313
 4937 3630 4938
 3908 4937 4938
 3214 3213 3496
 2735 3214 3496
 3214 2540 3584
 3213 3214 3584
 3399 3213 3910
 2414 3399 3910
 3399 2735 3496
 3213 3399 3496
 2942 2820 3215
 2735 2942 3215
 293 2820 2942
 3214 2820 3294
 2540 3214 3294
 3214 2735 3215
 2820 3214 3215
 3583 3342 4206
 3212 3583 4206
 3583 2540 3738
 3342 3583 3738
 4205 3342 4418
 2155 4205 4418
 4205 3212 4206
 3342 4205 4206
 3909 3213 4061
 3212 3909 4061
 3909 2414 3910
 3213 3909 3910
 3583 3213 3584
 2540 3583 3584
 3583 3212 4061
 3213 3583 4061
 3524 3210 4203
 4636 4203 5050
 2155 4636 5050
 3524 4203 4636
 244 3210 3524
 3211 3210 4935
 4935 1990 4936
 3211 4935 4936
 4203 3211 4204
 5050 4204 5051
 2155 5050 5051
 4203 4204 5050
 3210 3211 4203
 4158 4157 4648
 3257 4158 4648
 4158 2965 4826
 4157 4158 4826
 4448 4157 5157
 2749 4448 5157
 4448 3257 4648
 4157 4448 4648
 3643 3426 4159
 3257 3643 4159
 3643 1991 3797
 3426 3643 3797
 4158 3426 4345
 2965 4158 4345
 4158 3257 4159
 3426 4158 4159
 4528 4156 4825
 4825 2965 5058
 4528 4825 5058
 1990 4156 4528
 4157 4156 5156
 5156 2749 5157
 4157 5156 5157
 4825 4157 4826
 2965 4825 4826
 4156 4157 4825
 4109 3902 4714
 3613 4109 4714
 4109 2750 4284
 3902 4109 4284
 4713 3902 4958
 2749 4713 4958
 4713 3613 4714
 3902 4713 4714
 4362 3614 4579
 3613 4362 4579
 4362 138 4363
 3614 4362 4363
 4109 3614 4110
 2750 4109 4110
 4109 3613 4579
 3614 4109 4579
 3903 3258 4039
 3257 3903 4039
 3903 2750 3904
 3258 3903 3904
 3643 3258 3644
 1991 3643 3644
 3643 3257 4039
 3258 3643 4039
 4448 3902 4449
 3257 4448 4449
 4448 2749 4958
 3902 4448 4958
 3903 3902 4284
 2750 3903 4284
 3903 3257 4449
 3902 3903 4449
 3247 3081 3633
 2966 3247 3633
 3247 2415 3320
 3081 3247 3320
 3632 3081 3791
 2414 3632 3791
 3632 2966 3633
 3081 3632 3633
 3427 2967 3544
 2966 3427 3544
 3427 1991 3428
 2967 3427 3428
 3247 2967 3248
 2415 3247 3248
 3247 2966 3544
 2967 3247 3544
 3082 2736 3136
 2735 3082 3136
 3082 2415 3083
 2736 3082 3083
 2736 293 2942
 2942 2735 3136
 2736 2942 3136
 3399 3081 3400
 2735 3399 3400
 3399 2414 3791
 3081 3399 3791
 3082 3081 3320
 2415 3082 3320
 3082 2735 3400
 3081 3082 3400
 4529 3631 4732
 3630 4529 4732
 4529 2965 4530
 3631 4529 4530
 4196 3631 4197
 2414 4196 4197
 4196 3630 4732
 3631 4196 4732
 5386 4528 5387
 3630 5386 5387
 1990 4528 5386
 4529 4528 5058
 2965 4529 5058
 4529 3630 5387
 4528 4529 5387
 3913 3426 3914
 2966 3913 3914
 3913 2965 4345
 3426 3913 4345
 3427 3426 3797
 1991 3427 3797
 3427 2966 3914
 3426 3427 3914
 3632 3631 4063
 2966 3632 4063
 3632 2414 4197
 3631 3632 4197
 3913 3631 4530
 2965 3913 4530
 3913 2966 4063
 3631 3913 4063
 2629 2358 2630
 2630 2209 2816
 2629 2630 2816
 2742 2629 2960
 2156 2742 2960
 2358 2629 2742
 2358 1876 2378
 2378 2209 2630
 2358 2378 2630
 2815 2679 3044
 2628 2815 3044
 2815 2209 2842
 2679 2815 2842
 3043 2679 3114
 381 3043 3114
 3043 2628 3044
 2679 3043 3044
 2959 2629 3002
 2628 2959 3002
 2959 2156 2960
 2629 2959 2960
 2815 2629 2816
 2209 2815 2816
 2815 2628 3002
 2629 2815 3002
 2541 2157 2586
 2870 2586 2935
 2156 2870 2935
 2541 2586 2870
 2542 2541 2821
 293 2542 2821
 2157 2541 2542
 2157 1876 2358
 2586 2358 2742
 2742 2156 2935
 2586 2742 2935
 2157 2358 2586
 1970 1961 2210
 1876 1970 2210
 238 1961 1970
 2407 2406 2680
 2209 2407 2680
 2407 1961 2546
 2406 2407 2546
 2859 2679 2860
 2406 2859 2860
 2859 381 3114
 2679 2859 3114
 2680 2679 2842
 2209 2680 2842
 2680 2406 2860
 2679 2680 2860
 2210 2209 2378
 1876 2210 2378
 2210 1961 2407
 2209 2210 2407
 4164 3792 5341
 3525 4164 5341
 4164 2627 4417
 3792 4164 4417
 3792 2626 5340
 5340 3525 5341
 3792 5340 5341
 4637 3526 4952
 3525 4637 4952
 4637 2155 4638
 3526 4637 4638
 4164 3526 4165
 2627 4164 4165
 4164 3525 4952
 3526 4164 4952
 3793 3042 3938
 3041 3793 3938
 3793 2627 3794
 3042 3793 3794
 3417 3042 3418
 381 3417 3418
 3417 3041 3938
 3042 3417 3938
 4673 3792 4674
 3041 4673 4674
 2626 3792 4673
 3793 3792 4417
 2627 3793 4417
 3793 3041 4674
 3792 3793 4674
 5338 3524 5339
 2626 5338 5339
 244 3524 5338
 3525 3524 4636
 4636 2155 4637
 3525 4636 4637
 5339 3525 5340
 2626 5339 5340
 3524 3525 5339
 3343 2869 3438
 2868 3343 3438
 3343 2540 3344
 2869 3343 3344
 3133 2869 3134
 2156 3133 3134
 3133 2868 3438
 2869 3133 3438
 3865 3342 3866
 2868 3865 3866
 3865 2155 4418
 3342 3865 4418
 3343 3342 3738
 2540 3343 3738
 3343 2868 3866
 3342 3343 3866
 3019 2820 3020
 2541 3019 3020
 3019 2540 3294
 2820 3019 3294
 2820 293 2821
 2821 2541 3020
 2820 2821 3020
 2870 2869 3086
 2541 2870 3086
 2870 2156 3134
 2869 2870 3134
 3019 2869 3344
 2540 3019 3344
 3019 2541 3086
 2869 3019 3086
 3265 2958 3266
 2628 3265 3266
 3265 2627 3667
 2958 3265 3667
 2959 2958 3216
 2156 2959 3216
 2959 2628 3266
 2958 2959 3266
 3043 3042 3332
 2628 3043 3332
 3043 381 3418
 3042 3043 3418
 3265 3042 3794
 2627 3265 3794
 3265 2628 3332
 3042 3265 3332
 3527 3526 4012
 2868 3527 4012
 3527 2627 4165
 3526 3527 4165
 3865 3526 4638
 2155 3865 4638
 3865 2868 4012
 3526 3865 4012
 3133 2958 3528
 2868 3133 3528
 3133 2156 3216
 2958 3133 3216
 3527 2958 3667
 2627 3527 3667
 3527 2868 3528
 2958 3527 3528
 518 379 519
 248 518 519
 235 379 518
 2245 589 2246
 2246 458 2668
 2245 2246 2668
 2306 2245 2838
 385 2306 2838
 589 2245 2306
 589 379 590
 590 458 2246
 589 590 2246
 3190 3189 3442
 2667 3190 3442
 3190 2535 3554
 3189 3190 3554
 3321 3189 3776
 2244 3321 3776
 3321 2667 3442
 3189 3321 3442
 2667 458 2828
 2828 2535 3190
 2667 2828 3190
 3553 3387 4051
 3188 3553 4051
 3553 2535 3720
 3387 3553 3720
 4050 3387 4243
 138 4050 4243
 4050 3188 4051
 3387 4050 4051
 3775 3189 3928
 3188 3775 3928
 3775 2244 3776
 3189 3775 3776
 3553 3189 3554
 2535 3553 3554
 3553 3188 3928
 3189 3553 3928
 3120 3003 3464
 2837 3120 3464
 2245 3003 3120
 3463 3003 3634
 2244 3463 3634
 3463 2837 3464
 3003 3463 3464
 3234 2838 3364
 2837 3234 3364
 385 2838 3234
 2838 2245 3120
 3120 2837 3364
 2838 3120 3364
 2668 2667 3004
 2245 2668 3004
 458 2667 2668
 3321 3003 3322
 2667 3321 3322
 3321 2244 3634
 3003 3321 3634
 3003 2245 3004
 3004 2667 3322
 3003 3004 3322
 819 519 820
 2390 820 2633
 2633 385 2992
 2390 2633 2992
 819 820 2390
 248 519 819
 519 379 589
 820 589 2306
 2306 385 2633
 820 2306 2633
 519 589 820
 389 365 716
 716 248 1595
 389 716 1595
 12 365 389
 365 235 518
 518 248 716
 365 518 716
 456 292 459
 235 456 459
 76 292 456
 460 380 520
 379 460 520
 292 380 460
 2102 2101 2536
 458 2102 2536
 2102 380 2384
 2101 2102 2384
 3388 2952 3517
 2951 3388 3517
 3388 2535 3389
 2952 3388 3389
 2952 2101 3239
 3239 2951 3517
 2952 3239 3517
 3861 3387 3862
 2951 3861 3862
 3861 138 4243
 3387 3861 4243
 3388 3387 3720
 2535 3388 3720
 3388 2951 3862
 3387 3388 3862
 2828 2536 3069
 2535 2828 3069
 458 2536 2828
 2536 2101 2952
 3069 2952 3389
 2535 3069 3389
 2536 2952 3069
 520 458 590
 379 520 590
 520 380 2102
 458 520 2102
 379 235 459
 459 292 460
 379 459 460
 376 375 5209
 5209 136 5210
 376 5209 5210
 76 375 376
 375 23 720
 720 136 5209
 375 720 5209
 767 736 833
 383 767 833
 382 736 767
 919 898 943
 737 919 943
 736 898 919
 4651 970 4652
 899 4651 4652
 898 970 4651
 971 970 4233
 239 971 4233
 971 899 4652
 970 971 4652
 944 943 5241
 899 944 5241
 737 943 944
 943 898 4651
 4651 899 5241
 943 4651 5241
 834 833 5016
 5016 737 5017
 834 5016 5017
 383 833 834
 833 736 919
 919 737 5016
 833 919 5016
 521 461 768
 768 383 1926
 521 768 1926
 238 461 521
 461 382 767
 767 383 768
 461 767 768
 5211 735 5212
 382 5211 5212
 136 735 5211
 5213 897 5214
 736 5213 5214
 735 897 5213
 5215 969 5216
 898 5215 5216
 897 969 5215
 3610 970 5217
 969 3610 5217
 3610 239 4233
 970 3610 4233
 970 898 5216
 5216 969 5217
 970 5216 5217
 898 736 5214
 5214 897 5215
 898 5214 5215
 736 382 5212
 5212 735 5213
 736 5212 5213
 2094 2093 2429
 2430 2429 2691
 2691 384 2694
 2430 2691 2694
 2094 2429 2430
 287 2093 2094
 2996 2915 3591
 2172 2996 3591
 2093 2915 2996
 2915 286 2916
 3591 2916 3592
 2172 3591 3592
 2915 2916 3591
 2997 2456 3084
 2429 2997 3084
 2997 2172 2998
 2456 2997 2998
 2691 2456 2692
 384 2691 2692
 2691 2429 3084
 2456 2691 3084
 2429 2093 2996
 2996 2172 2997
 2429 2996 2997
 2263 2096 2418
 2095 2263 2418
 2263 782 2264
 2096 2263 2264
 2409 2096 2410
 718 2409 2410
 2409 2095 2418
 2096 2409 2418
 2431 2132 2432
 2095 2431 2432
 2431 384 2446
 2132 2431 2446
 2263 2132 2276
 782 2263 2276
 2263 2095 2432
 2132 2263 2432
 2097 932 2098
 867 2097 2098
 2097 782 2112
 932 2097 2112
 954 932 1001
 239 954 1001
 954 867 2098
 932 954 2098
 2199 2096 2236
 867 2199 2236
 2199 718 2410
 2096 2199 2410
 2097 2096 2264
 782 2097 2264
 2097 867 2236
 2096 2097 2236
 2372 2094 2408
 718 2372 2408
 287 2094 2372
 2723 2430 2724
 2095 2723 2724
 2094 2430 2723
 2431 2430 2694
 384 2431 2694
 2431 2095 2724
 2430 2431 2724
 2408 2095 2409
 718 2408 2409
 2408 2094 2723
 2095 2408 2723
 287 39 2092
 2093 2092 2914
 2914 286 2915
 2093 2914 2915
 287 2092 2093
 2352 2231 2483
 2230 2352 2483
 1925 2231 2352
 2482 2231 2486
 517 2482 2486
 2482 2230 2483
 2231 2482 2483
 2470 2256 2471
 2230 2470 2471
 2470 457 2472
 2256 2470 2472
 2256 1925 2352
 2352 2230 2471
 2256 2352 2471
 2048 2025 2232
 1925 2048 2232
 383 2025 2048
 2335 2231 2346
 2025 2335 2346
 2335 517 2486
 2231 2335 2486
 2231 1925 2232
 2232 2025 2346
 2231 2232 2346
 2847 2481 2864
 2473 2847 2864
 2847 2229 2848
 2481 2847 2848
 2637 2481 2638
 517 2637 2638
 2637 2473 2864
 2481 2637 2864
 3271 2846 3272
 2473 3271 3272
 3271 286 4487
 2846 3271 4487
 2847 2846 3162
 2229 2847 3162
 2847 2473 3272
 2846 2847 3272
 2619 2469 2620
 2230 2619 2620
 2619 2229 2830
 2469 2619 2830
 2470 2469 2600
 457 2470 2600
 2470 2230 2620
 2469 2470 2620
 2482 2481 2634
 2230 2482 2634
 2482 517 2638
 2481 2482 2638
 2619 2481 2848
 2229 2619 2848
 2619 2230 2634
 2481 2619 2634
 1962 521 2060
 2258 2060 2354
 457 2258 2354
 1962 2060 2258
 238 521 1962
 1925 521 1926
 1926 383 2048
 1925 1926 2048
 2060 1925 2256
 2354 2256 2472
 457 2354 2472
 2060 2256 2354
 521 1925 2060
 2175 1974 2176
 808 2175 2176
 2175 738 2196
 1974 2175 2196
 2049 1974 5018
 737 2049 5018
 2049 808 2176
 1974 2049 2176
 2293 2174 2302
 808 2293 2302
 2293 384 2458
 2174 2293 2458
 2175 2174 2308
 738 2175 2308
 2175 808 2302
 2174 2175 2302
 2026 834 2104
 2104 738 2206
 2026 2104 2206
 383 834 2026
 1974 834 5017
 5017 737 5018
 1974 5017 5018
 2104 1974 2196
 738 2104 2196
 834 1974 2104
 1993 900 2030
 899 1993 2030
 1993 782 2134
 900 1993 2134
 944 900 2050
 737 944 2050
 944 899 2030
 900 944 2030
 971 932 1994
 899 971 1994
 971 239 1001
 932 971 1001
 1993 932 2112
 782 1993 2112
 1993 899 1994
 932 1993 1994
 2133 2132 2294
 808 2133 2294
 2133 782 2276
 2132 2133 2276
 2293 2132 2446
 384 2293 2446
 2293 808 2294
 2132 2293 2294
 2049 900 2158
 808 2049 2158
 2049 737 2050
 900 2049 2050
 2133 900 2134
 782 2133 2134
 2133 808 2158
 900 2133 2158
 2669 2474 2670
 2173 2669 2670
 2669 2172 2954
 2474 2669 2954
 2475 2474 2640
 517 2475 2640
 2475 2173 2670
 2474 2475 2670
 2457 2456 2681
 2173 2457 2681
 2457 384 2692
 2456 2457 2692
 2669 2456 2998
 2172 2669 2998
 2669 2173 2681
 2456 2669 2681
 2917 2916 3390
 2473 2917 3390
 2917 2172 3592
 2916 2917 3592
 2916 286 3271
 3271 2473 3390
 2916 3271 3390
 2637 2474 2918
 2473 2637 2918
 2637 517 2640
 2474 2637 2640
 2917 2474 2954
 2172 2917 2954
 2917 2473 2918
 2474 2917 2918
 2205 2204 2336
 2025 2205 2336
 2205 738 2318
 2204 2205 2318
 2335 2204 2484
 517 2335 2484
 2335 2025 2336
 2204 2335 2336
 2025 383 2026
 2205 2026 2206
 738 2205 2206
 2025 2026 2205
 2307 2174 2460
 2173 2307 2460
 2307 738 2308
 2174 2307 2308
 2457 2174 2458
 384 2457 2458
 2457 2173 2460
 2174 2457 2460
 2475 2204 2476
 2173 2475 2476
 2475 517 2484
 2204 2475 2484
 2307 2204 2318
 738 2307 2318
 2307 2173 2476
 2204 2307 2476
 377 376 453
 453 238 454
 377 453 454
 76 376 377
 382 376 5210
 5210 136 5211
 382 5210 5211
 453 382 461
 238 453 461
 376 382 453
 162 139 5296
 5296 77 5297
 162 5296 5297
 189 162 2090
 39 189 2090
 139 162 189
 139 24 5295
 5295 77 5296
 139 5295 5296
 3850 2579 4541
 4541 294 5407
 3850 4541 5407
 243 2579 3850
 2580 2579 5194
 5194 165 5195
 2580 5194 5195
 4541 2580 4542
 294 4541 4542
 2579 2580 4541
 4493 3851 4913
 4913 2243 5415
 4493 4913 5415
 2242 3851 4493
 3852 3851 5408
 5408 294 5409
 3852 5408 5409
 4913 3852 4914
 2243 4913 4914
 3851 3852 4913
 4840 4494 5061
 5061 3187 5406
 4840 5061 5406
 3186 4494 4840
 4495 4494 5416
 5416 2243 5417
 4495 5416 5417
 5061 4495 5062
 3187 5061 5062
 4494 4495 5061
 4841 4049 5054
 4048 4841 5054
 4841 3187 4842
 4049 4841 4842
 4619 4049 4620
 138 4619 4620
 4619 4048 5054
 4049 4619 5054
 4048 3186 4840
 4841 4840 5406
 3187 4841 5406
 4048 4840 4841
 3186 2242 4493
 4494 4493 5415
 5415 2243 5416
 4494 5415 5416
 3186 4493 4494
 2242 243 3850
 3851 3850 5407
 5407 294 5408
 3851 5407 5408
 2242 3850 3851
 243 77 250
 2579 250 5193
 5193 165 5194
 2579 5193 5194
 243 250 2579
 2806 2805 3149
 1441 2806 3149
 2806 1110 3369
 2805 2806 3369
 2852 2805 3494
 756 2852 3494
 2852 1441 3149
 2805 2852 3149
 1441 592 1790
 1790 1110 2806
 1441 1790 2806
 3368 3282 4007
 2804 3368 4007
 3368 1110 3668
 3282 3368 3668
 4006 3282 4261
 391 4006 4261
 4006 2804 4007
 3282 4006 4007
 3493 2805 3812
 2804 3493 3812
 3493 756 3494
 2805 3493 3494
 3368 2805 3369
 1110 3368 3369
 3368 2804 3812
 2805 3368 3812
 935 878 1638
 2925 1638 3268
 756 2925 3268
 935 1638 2925
 1849 935 1850
 249 1849 1850
 878 935 1849
 878 592 1441
 1638 1441 2852
 2852 756 3268
 1638 2852 3268
 878 1441 1638
 1596 1098 1597
 592 1596 1597
 1596 248 1639
 1098 1596 1639
 3283 2688 3530
 2687 3283 3530
 3283 1110 3284
 2688 3283 3284
 2688 1098 3150
 3150 2687 3530
 2688 3150 3530
 3881 3282 3882
 2687 3881 3882
 3881 391 4261
 3282 3881 4261
 3283 3282 3668
 1110 3283 3668
 3283 2687 3882
 3282 3283 3882
 1790 1597 2740
 1110 1790 2740
 592 1597 1790
 1597 1098 2688
 2740 2688 3284
 1110 2740 3284
 1597 2688 2740
 4740 4274 4875
 4875 2803 5151
 4740 4875 5151
 2802 4274 4740
 5029 4275 5359
 4274 5029 5359
 5029 392 5030
 4275 5029 5030
 4875 4275 4876
 2803 4875 4876
 4875 4274 5359
 4275 4875 5359
 4741 4005 4990
 4004 4741 4990
 4741 2803 4742
 4005 4741 4742
 4605 4005 4606
 391 4605 4606
 4605 4004 4990
 4005 4605 4990
 5434 4740 5435
 4004 5434 5435
 2802 4740 5434
 4741 4740 5151
 2803 4741 5151
 4741 4004 5435
 4740 4741 5435
 2802 165 4273
 4274 4273 5028
 5028 392 5029
 4274 5028 5029
 2802 4273 4274
 3769 2924 4071
 2923 3769 4071
 3769 757 3770
 2924 3769 3770
 3587 2924 3588
 756 3587 3588
 3587 2923 4071
 2924 3587 4071
 4407 3768 4408
 2923 4407 4408
 4407 392 4828
 3768 4407 4828
 3769 3768 4207
 757 3769 4207
 3769 2923 4408
 3768 3769 4408
 2973 936 2974
 935 2973 2974
 2973 757 3452
 936 2973 3452
 936 249 1850
 1850 935 2974
 936 1850 2974
 2925 2924 3349
 935 2925 3349
 2925 756 3588
 2924 2925 3588
 2973 2924 3770
 757 2973 3770
 2973 935 3349
 2924 2973 3349
 4124 3492 4125
 2804 4124 4125
 4124 2803 4576
 3492 4124 4576
 3493 3492 3932
 756 3493 3932
 3493 2804 4125
 3492 3493 4125
 4006 4005 4409
 2804 4006 4409
 4006 391 4606
 4005 4006 4606
 4124 4005 4742
 2803 4124 4742
 4124 2804 4409
 4005 4124 4409
 4276 4275 4685
 2923 4276 4685
 4276 2803 4876
 4275 4276 4876
 4407 4275 5030
 392 4407 5030
 4407 2923 4685
 4275 4407 4685
 3587 3492 4277
 2923 3587 4277
 3587 756 3932
 3492 3587 3932
 4276 3492 4576
 2803 4276 4576
 4276 2923 4277
 3492 4276 4277
 390 389 593
 594 593 1848
 249 594 1848
 390 593 594
 12 389 390
 592 389 1595
 1595 248 1596
 592 1595 1596
 593 592 878
 1848 878 1849
 249 1848 1849
 593 878 1848
 389 592 593
 3657 3501 4188
 3196 3657 4188
 3657 2389 3878
 3501 3657 3878
 4187 3501 4377
 2388 4187 4377
 4187 3196 4188
 3501 4187 4188
 3848 3197 4027
 3196 3848 4027
 3848 818 3849
 3197 3848 3849
 3657 3197 3658
 2389 3657 3658
 3657 3196 4027
 3197 3657 4027
 3502 2991 3704
 2990 3502 3704
 3502 2389 3503
 2991 3502 3503
 3355 2991 3356
 385 3355 3356
 3355 2990 3704
 2991 3355 3704
 3998 3501 3999
 2990 3998 3999
 3998 2388 4377
 3501 3998 4377
 3502 3501 3878
 2389 3502 3878
 3502 2990 3999
 3501 3502 3999
 4923 4186 5147
 4185 4923 5147
 4923 3195 4924
 4186 4923 4924
 4723 4186 4724
 2388 4723 4724
 4723 4185 5147
 4186 4723 5147
 4185 294 4922
 4923 4922 5431
 3195 4923 5431
 4185 4922 4923
 4348 3847 4349
 3196 4348 4349
 4348 3195 4744
 3847 4348 4744
 3848 3847 4220
 818 3848 4220
 3848 3196 4349
 3847 3848 4349
 4187 4186 4586
 3196 4187 4586
 4187 2388 4724
 4186 4187 4724
 4348 4186 4924
 3195 4348 4924
 4348 3196 4586
 4186 4348 4586
 1224 819 2514
 2928 2514 3310
 3310 818 3670
 2928 3310 3670
 1224 2514 2928
 248 819 1224
 2765 2390 3098
 3098 2389 3370
 2765 3098 3370
 819 2390 2765
 2991 2390 2992
 2992 385 3356
 2991 2992 3356
 3098 2991 3503
 2389 3098 3503
 2390 2991 3098
 3198 3197 3504
 2514 3198 3504
 3198 2389 3658
 3197 3198 3658
 3310 3197 3849
 818 3310 3849
 3310 2514 3504
 3197 3310 3504
 2514 819 2765
 3198 2765 3370
 2389 3198 3370
 2514 2765 3198
 4146 3462 4339
 3461 4146 4339
 4146 2836 4147
 3462 4146 4147
 3941 3462 3942
 2244 3941 3942
 3941 3461 4339
 3462 3941 4339
 4693 4145 4694
 3461 4693 4694
 4693 2243 5127
 4145 4693 5127
 4146 4145 4566
 2836 4146 4566
 4146 3461 4694
 4145 4146 4694
 3651 3233 3652
 2837 3651 3652
 3651 2836 4013
 3233 3651 4013
 3234 3233 3518
 385 3234 3518
 3234 2837 3652
 3233 3234 3652
 3463 3462 3833
 2837 3463 3833
 3463 2244 3942
 3462 3463 3942
 3651 3462 4147
 2836 3651 4147
 3651 2837 3833
 3462 3651 3833
 4262 3774 4263
 3188 4262 4263
 4262 3187 4686
 3774 4262 4686
 3775 3774 4119
 2244 3775 4119
 3775 3188 4263
 3774 3775 4263
 4050 4049 4464
 3188 4050 4464
 4050 138 4620
 4049 4050 4620
 4262 4049 4842
 3187 4262 4842
 4262 3188 4464
 4049 4262 4464
 4496 4495 4918
 3461 4496 4918
 4496 3187 5062
 4495 4496 5062
 4693 4495 5417
 2243 4693 5417
 4693 3461 4918
 4495 4693 4918
 3941 3774 4497
 3461 3941 4497
 3941 2244 4119
 3774 3941 4119
 4496 3774 4686
 3187 4496 4686
 4496 3461 4497
 3774 4496 4497
 5116 4570 5117
 3853 5116 5117
 3852 4570 5116
 4571 4570 4946
 2388 4571 4946
 4571 3853 5117
 4570 4571 5117
 4915 4914 5468
 3853 4915 5468
 2243 4914 4915
 4914 3852 5116
 5116 3853 5468
 4914 5116 5468
 5409 4185 5410
 3852 5409 5410
 294 4185 5409
 4723 4570 5411
 4185 4723 5411
 4723 2388 4946
 4570 4723 4946
 4570 3852 5410
 5410 4185 5411
 4570 5410 5411
 3855 3854 4223
 2990 3855 4223
 3855 2836 4343
 3854 3855 4343
 3998 3854 4572
 2388 3998 4572
 3998 2990 4223
 3854 3998 4223
 3355 3233 3856
 2990 3355 3856
 3355 385 3518
 3233 3355 3518
 3855 3233 4013
 2836 3855 4013
 3855 2990 3856
 3233 3855 3856
 4342 4145 4916
 3853 4342 4916
 4342 2836 4566
 4145 4342 4566
 4915 4145 5127
 2243 4915 5127
 4915 3853 4916
 4145 4915 4916
 4571 3854 4736
 3853 4571 4736
 4571 2388 4572
 3854 4571 4572
 4342 3854 4343
 2836 4342 4343
 4342 3853 4736
 3854 4342 4736
 4849 3728 4850
 2581 4849 4850
 2580 3728 4849
 5007 4465 5008
 3729 5007 5008
 3728 4465 5007
 4466 4465 4830
 391 4466 4830
 4466 3729 5008
 4465 4466 5008
 4851 4850 5327
 3729 4851 5327
 2581 4850 4851
 4850 3728 5007
 5007 3729 5327
 4850 5007 5327
 4543 4542 5349
 5349 2581 5350
 4543 5349 5350
 294 4542 4543
 4542 2580 4849
 4849 2581 5349
 4542 4849 5349
 5195 2802 5196
 2580 5195 5196
 165 2802 5195
 5197 4004 5198
 3728 5197 5198
 5197 2802 5434
 4004 5197 5434
 4605 4465 5199
 4004 4605 5199
 4605 391 4830
 4465 4605 4830
 4465 3728 5198
 5198 4004 5199
 4465 5198 5199
 3728 2580 5196
 5196 2802 5197
 3728 5196 5197
 3559 3091 3560
 2583 3559 3560
 3559 2582 3956
 3091 3559 3956
 3092 3091 3396
 1098 3092 3396
 3092 2583 3560
 3091 3092 3560
 3435 3434 3830
 2583 3435 3830
 3435 818 3962
 3434 3435 3962
 3559 3434 4131
 2582 3559 4131
 3559 2583 3830
 3434 3559 3830
 3731 3730 4097
 2687 3731 4097
 3731 2582 4289
 3730 3731 4289
 3881 3730 4467
 391 3881 4467
 3881 2687 4097
 3730 3881 4097
 3150 3091 3732
 2687 3150 3732
 3150 1098 3396
 3091 3150 3396
 3731 3091 3956
 2582 3731 3956
 3731 2687 3732
 3091 3731 3732
 1639 1224 2584
 1098 1639 2584
 248 1224 1639
 2981 2928 3436
 2583 2981 3436
 1224 2928 2981
 3435 2928 3670
 818 3435 3670
 3435 2583 3436
 2928 3435 3436
 2584 2583 3092
 1098 2584 3092
 2584 1224 2981
 2583 2584 2981
 4545 4544 4928
 3433 4545 4928
 4545 3195 5087
 4544 4545 5087
 4689 4544 5351
 2581 4689 5351
 4689 3433 4928
 4544 4689 4928
 3961 3847 4546
 3433 3961 4546
 3961 818 4220
 3847 3961 4220
 4545 3847 4744
 3195 4545 4744
 4545 3433 4546
 3847 4545 4546
 4922 4543 5086
 5086 3195 5431
 4922 5086 5431
 294 4543 4922
 4544 4543 5350
 5350 2581 5351
 4544 5350 5351
 5086 4544 5087
 3195 5086 5087
 4543 4544 5086
 4288 4129 4852
 3729 4288 4852
 4288 2582 4534
 4129 4288 4534
 4851 4129 5107
 2581 4851 5107
 4851 3729 4852
 4129 4851 4852
 4466 3730 4680
 3729 4466 4680
 4466 391 4467
 3730 4466 4467
 4288 3730 4289
 2582 4288 4289
 4288 3729 4680
 3730 4288 4680
 4130 3434 4357
 3433 4130 4357
 4130 2582 4131
 3434 4130 4131
 3961 3434 3962
 818 3961 3962
 3961 3433 4357
 3434 3961 4357
 4689 4129 4690
 3433 4689 4690
 4689 2581 5107
 4129 4689 5107
 4130 4129 4534
 2582 4130 4534
 4130 3433 4690
 4129 4130 4690
 3208 1989 3209
 244 3208 3209
 162 1989 3208
 4154 2748 4155
 1990 4154 4155
 1989 2748 4154
 4711 3612 4712
 2749 4711 4712
 2748 3612 4711
 4973 4361 4974
 3613 4973 4974
 3612 4361 4973
 4362 4361 4804
 138 4362 4804
 4362 3613 4974
 4361 4362 4974
 4713 4712 5255
 3613 4713 5255
 2749 4712 4713
 4712 3612 4973
 4973 3613 5255
 4712 4973 5255
 4156 4155 5155
 5155 2749 5156
 4156 5155 5156
 1990 4155 4156
 4155 2748 4711
 4711 2749 5155
 4155 4711 5155
 3210 3209 4934
 4934 1990 4935
 3210 4934 4935
 244 3209 3210
 3209 1989 4154
 4154 1990 4934
 3209 4154 4934
 2091 2090 4111
 4111 244 4112
 2091 4111 4112
 39 2090 2091
 2090 162 3208
 3208 244 4111
 2090 3208 4111
 5297 243 5298
 162 5297 5298
 77 243 5297
 5299 2242 5300
 1989 5299 5300
 243 2242 5299
 5301 3186 5302
 2748 5301 5302
 2242 3186 5301
 5303 4048 5304
 3612 5303 5304
 3186 4048 5303
 4619 4361 5305
 4048 4619 5305
 4619 138 4804
 4361 4619 4804
 4361 3612 5304
 5304 4048 5305
 4361 5304 5305
 3612 2748 5302
 5302 3186 5303
 3612 5302 5303
 2748 1989 5300
 5300 2242 5301
 2748 5300 5301
 1989 162 5298
 5298 243 5299
 1989 5298 5299
 137 78 163
 188 163 245
 245 39 290
 188 245 290
 137 163 188
 8 78 137
 78 24 139
 163 139 189
 189 39 245
 163 189 245
 78 139 163
 79 40 140
 24 79 140
 79 7 141
 40 79 141
 190 164 246
 246 142 1345
 190 246 1345
 77 164 190
 164 40 191
 246 191 295
 142 246 295
 164 191 246
 3312 3311 5320
 5320 387 5321
 3312 5320 5321
 5019 3312 5020
 296 5019 5020
 3311 3312 5019
 3311 247 5319
 5319 387 5320
 3311 5319 5320
 4645 3448 4997
 3447 4645 4997
 4645 1086 4646
 3448 4645 4646
 4521 3448 4522
 462 4521 4522
 4521 3447 4997
 3448 4521 4997
 5471 4644 5472
 3447 5471 5472
 387 4644 5471
 4645 4644 5103
 1086 4645 5103
 4645 3447 5472
 4644 4645 5472
 3507 1258 3508
 1087 3507 3508
 3507 1086 4285
 1258 3507 4285
 1259 1258 1902
 192 1259 1902
 1259 1087 3508
 1258 1259 3508
 3449 3448 4221
 1087 3449 4221
 3449 462 4522
 3448 3449 4522
 3507 3448 4646
 1086 3507 4646
 3507 1087 4221
 3448 3507 4221
 5122 4425 5123
 3313 5122 5123
 3312 4425 5122
 4426 4425 4890
 462 4426 4890
 4426 3313 5123
 4425 4426 5123
 5020 3313 5021
 296 5020 5021
 5020 3312 5122
 3313 5020 5122
 5321 3447 5322
 3312 5321 5322
 5321 387 5471
 3447 5321 5471
 4521 4425 5323
 3447 4521 5323
 4521 462 4890
 4425 4521 4890
 4425 3312 5322
 5322 3447 5323
 4425 5322 5323
 3031 3030 4762
 4762 296 4763
 3031 4762 4763
 165 3030 3031
 3030 247 3311
 4762 3311 5019
 296 4762 5019
 3030 3311 4762
 1346 386 3575
 247 1346 3575
 1346 142 1347
 386 1346 1347
 3577 3576 4808
 4809 4808 5365
 1085 4809 5365
 3577 4808 4809
 387 3576 3577
 3576 386 3715
 4808 3715 4881
 4881 1085 5365
 4808 4881 5365
 3576 3715 4808
 3579 3578 4365
 1204 3579 4365
 3579 1086 4703
 3578 3579 4703
 3635 3578 4810
 1085 3635 4810
 3635 1204 4365
 3578 3635 4365
 1299 1258 3580
 1204 1299 3580
 1299 192 1902
 1258 1299 1902
 3579 1258 4285
 1086 3579 4285
 3579 1204 3580
 1258 3579 3580
 4644 3577 4702
 4702 1086 5103
 4644 4702 5103
 387 3577 4644
 4809 3578 5247
 3577 4809 5247
 4809 1085 4810
 3578 4809 4810
 4702 3578 4703
 1086 4702 4703
 4702 3577 5247
 3578 4702 5247
 3575 387 5319
 247 3575 5319
 3575 386 3576
 387 3575 3576
 522 463 591
 591 388 1900
 522 591 1900
 297 463 522
 523 463 595
 595 249 812
 523 595 812
 591 523 646
 388 591 646
 463 523 591
 1914 596 1915
 524 1914 1915
 464 596 1914
 647 596 1905
 1905 388 1906
 647 1905 1906
 1915 647 1916
 524 1915 1916
 596 647 1915
 1931 1122 1982
 1005 1931 1982
 1931 524 1932
 1122 1931 1932
 1941 1122 1942
 192 1941 1942
 1941 1005 1982
 1122 1941 1982
 1005 464 1914
 1914 524 1931
 1005 1914 1931
 464 297 522
 596 522 1900
 1900 388 1905
 596 1900 1905
 464 522 596
 297 12 390
 463 390 594
 594 249 595
 463 594 595
 297 390 463
 4663 3980 4664
 3033 4663 4664
 4663 3032 5082
 3980 4663 5082
 3981 3980 4437
 465 3981 4437
 3981 3033 4664
 3980 3981 4664
 4563 4562 4960
 3033 4563 4960
 4563 392 5173
 4562 4563 5173
 4663 4562 5393
 3032 4663 5393
 4663 3033 4960
 4562 4663 4960
 4765 4764 5253
 3155 4765 5253
 3032 4764 4765
 4764 296 4901
 4901 3155 5253
 4764 4901 5253
 4076 3980 4766
 3155 4076 4766
 4076 465 4437
 3980 4076 4437
 4765 3980 5082
 3032 4765 5082
 4765 3155 4766
 3980 4765 4766
 3035 3034 3556
 758 3035 3556
 3035 757 3870
 3034 3035 3870
 3099 3034 3982
 465 3099 3982
 3099 758 3556
 3034 3099 3556
 1844 936 3036
 758 1844 3036
 249 936 1844
 3035 936 3452
 757 3035 3452
 3035 758 3036
 936 3035 3036
 3869 3768 4564
 3033 3869 4564
 3869 757 4207
 3768 3869 4207
 4563 3768 4828
 392 4563 4828
 4563 3033 4564
 3768 4563 4564
 3981 3034 4325
 3033 3981 4325
 3981 465 3982
 3034 3981 3982
 3869 3034 3870
 757 3869 3870
 3869 3033 4325
 3034 3869 4325
 4273 3031 4561
 5028 4561 5172
 392 5028 5172
 4273 4561 5028
 165 3031 4273
 4763 3032 5391
 3031 4763 5391
 4763 296 4764
 3032 4763 4764
 4562 4561 5392
 5392 3032 5393
 4562 5392 5393
 5172 4562 5173
 392 5172 5173
 4561 4562 5172
 4561 3031 5391
 5391 3032 5392
 4561 5391 5392
 3315 3314 3995
 597 3315 3995
 3315 525 4299
 3314 3315 4299
 3374 3314 4427
 462 3374 4427
 3374 597 3995
 3314 3374 3995
 682 648 3316
 597 682 3316
 682 388 1886
 648 682 1886
 3315 648 3916
 525 3315 3916
 3315 597 3316
 648 3315 3316
 4298 4237 5022
 3313 4298 5022
 4298 525 4670
 4237 4298 4670
 5021 4237 5446
 296 5021 5446
 5021 3313 5022
 4237 5021 5022
 4426 3314 4754
 3313 4426 4754
 4426 462 4427
 3314 4426 4427
 4298 3314 4299
 525 4298 4299
 4298 3313 4754
 3314 4298 4754
 1184 1088 3450
 1087 1184 3450
 1184 524 1894
 1088 1184 1894
 3449 1088 4083
 462 3449 4083
 3449 1087 3450
 1088 3449 3450
 1259 1122 1898
 1087 1259 1898
 1259 192 1942
 1122 1259 1942
 1184 1122 1932
 524 1184 1932
 1184 1087 1898
 1122 1184 1898
 1089 647 1888
 597 1089 1888
 1089 524 1916
 647 1089 1916
 682 647 1906
 388 682 1906
 682 597 1888
 647 682 1888
 3374 1088 3375
 597 3374 3375
 3374 462 4083
 1088 3374 4083
 1089 1088 1894
 524 1089 1894
 1089 597 3375
 1088 1089 3375
 760 759 3158
 598 760 3158
 760 523 1878
 759 760 1878
 3157 759 3706
 465 3157 3706
 3157 598 3158
 759 3157 3158
 683 646 1880
 598 683 1880
 388 646 683
 646 523 760
 760 598 1880
 646 760 1880
 812 758 850
 523 812 850
 812 249 1844
 758 812 1844
 3099 759 3100
 758 3099 3100
 3099 465 3706
 759 3099 3706
 850 759 1878
 523 850 1878
 850 758 3100
 759 850 3100
 4238 3156 4580
 3155 4238 4580
 4238 525 4239
 3156 4238 4239
 4076 3156 4077
 465 4076 4077
 4076 3155 4580
 3156 4076 4580
 4901 4237 4902
 3155 4901 4902
 4901 296 5446
 4237 4901 5446
 4238 4237 4670
 525 4238 4670
 4238 3155 4902
 4237 4238 4902
 3229 648 3230
 598 3229 3230
 3229 525 3916
 648 3229 3916
 683 648 1886
 388 683 1886
 683 598 3230
 648 683 3230
 3157 3156 3810
 598 3157 3810
 3157 465 4077
 3156 3157 4077
 3229 3156 4239
 525 3229 4239
 3229 598 3810
 3156 3229 3810
 250 190 3029
 3029 165 5193
 250 3029 5193
 77 190 250
 247 190 1345
 1345 142 1346
 247 1345 1346
 3029 247 3030
 165 3029 3030
 190 247 3029
 140 77 5295
 24 140 5295
 140 40 164
 77 140 164
 466 393 526
 298 466 526
 251 393 466
 649 599 684
 684 529 1111
 649 684 1111
 467 599 649
 599 393 650
 650 529 684
 599 650 684
 685 651 704
 600 685 704
 685 529 1154
 651 685 1154
 686 651 1057
 193 686 1057
 686 600 704
 651 686 704
 687 649 705
 600 687 705
 467 649 687
 685 649 1111
 529 685 1111
 685 600 705
 649 685 705
 526 467 744
 298 526 744
 526 393 599
 467 526 599
 394 298 786
 166 394 786
 394 251 466
 298 394 466
 395 299 527
 251 395 527
 395 143 1530
 299 395 1530
 606 603 1524
 1524 528 1525
 606 1524 1525
 393 603 606
 603 299 1404
 1524 1404 1607
 528 1524 1607
 603 1404 1524
 1153 1152 1334
 605 1153 1334
 1153 529 1399
 1152 1153 1399
 1295 1152 1526
 528 1295 1526
 1295 605 1334
 1152 1295 1334
 1056 651 1155
 605 1056 1155
 1056 193 1057
 651 1056 1057
 1153 651 1154
 529 1153 1154
 1153 605 1155
 651 1153 1155
 650 606 1398
 529 650 1398
 393 606 650
 1152 606 1525
 1525 528 1526
 1152 1525 1526
 1398 1152 1399
 529 1398 1399
 606 1152 1398
 393 251 527
 527 299 603
 393 527 603
 3511 3392 4704
 1335 3511 4704
 608 3392 3511
 3392 607 3393
 3393 1335 4704
 3392 3393 4704
 2563 2562 3512
 1335 2563 3512
 2563 396 3070
 2562 2563 3070
 3511 2562 4877
 608 3511 4877
 3511 1335 3512
 2562 3511 3512
 608 300 3391
 3391 607 3392
 608 3391 3392
 2519 2518 3276
 1672 2519 3276
 2519 804 2936
 2518 2519 2936
 3275 2518 4485
 607 3275 4485
 3275 1672 3276
 2518 3275 3276
 2441 1673 2862
 1672 2441 2862
 2441 252 2442
 1673 2441 2442
 2519 1673 2520
 804 2519 2520
 2519 1672 2862
 1673 2519 2862
 2523 1336 2982
 1335 2523 2982
 2523 804 2524
 1336 2523 2524
 2563 1336 2564
 396 2563 2564
 2563 1335 2982
 1336 2563 2982
 3393 2518 3394
 1335 3393 3394
 3393 607 4485
 2518 3393 4485
 2523 2518 2936
 804 2523 2936
 2523 1335 3394
 2518 2523 3394
 2683 2682 3816
 609 2683 3816
 2683 530 3262
 2682 2683 3262
 3815 2682 5184
 468 3815 5184
 3815 609 3816
 2682 3815 3816
 2591 746 3146
 609 2591 3146
 2591 396 2592
 746 2591 2592
 2683 746 2684
 530 2683 2684
 2683 609 3146
 746 2683 3146
 2697 652 3376
 610 2697 3376
 2697 530 2698
 652 2697 2698
 2767 652 2768
 193 2767 2768
 2767 610 3376
 652 2767 3376
 3970 2682 3971
 610 3970 3971
 3970 468 5184
 2682 3970 5184
 2697 2682 3262
 530 2697 3262
 2697 610 3971
 2682 2697 3971
 3689 608 3690
 468 3689 3690
 300 608 3689
 3691 2562 3692
 609 3691 3692
 3691 608 4877
 2562 3691 4877
 2591 2562 3070
 396 2591 3070
 2591 609 3692
 2562 2591 3692
 3815 3690 4992
 609 3815 4992
 468 3690 3815
 3690 608 3691
 3691 609 4992
 3690 3691 4992
 3173 398 3174
 300 3173 3174
 80 398 3173
 3175 1671 3176
 607 3175 3176
 398 1671 3175
 3177 2422 3178
 1672 3177 3178
 3177 1671 3986
 2422 3177 3986
 2441 2422 2822
 252 2441 2822
 2441 1672 3178
 2422 2441 3178
 3275 3176 4241
 1672 3275 4241
 607 3176 3275
 3176 1671 3177
 3177 1672 4241
 3176 3177 4241
 3174 607 3391
 300 3174 3391
 3174 398 3175
 607 3174 3175
 891 601 1060
 400 891 1060
 891 298 892
 601 891 892
 1528 1226 1598
 1225 1528 1598
 1059 1226 1528
 1226 601 1400
 1400 1225 1598
 1226 1400 1598
 1730 1527 1731
 1225 1730 1731
 1730 252 1817
 1527 1730 1817
 1528 1527 1640
 1059 1528 1640
 1528 1225 1731
 1527 1528 1731
 1059 400 1060
 1060 601 1226
 1059 1060 1226
 400 166 786
 786 298 891
 400 786 891
 875 800 876
 611 875 876
 602 800 875
 800 467 801
 801 611 876
 800 801 876
 861 860 922
 611 861 922
 861 396 1559
 860 861 1559
 875 860 965
 602 875 965
 875 611 922
 860 875 922
 602 298 744
 744 467 800
 602 744 800
 688 653 748
 600 688 748
 688 530 772
 653 688 772
 687 653 802
 467 687 802
 687 600 748
 653 687 748
 686 652 706
 600 686 706
 686 193 2768
 652 686 2768
 688 652 2698
 530 688 2698
 688 600 706
 652 688 706
 771 746 862
 611 771 862
 771 530 2684
 746 771 2684
 861 746 2592
 396 861 2592
 861 611 862
 746 861 862
 801 653 830
 611 801 830
 801 467 802
 653 801 802
 771 653 772
 530 771 772
 771 611 830
 653 771 830
 1599 1260 1600
 859 1599 1600
 1599 804 1808
 1260 1599 1808
 1261 1260 1479
 601 1261 1479
 1261 859 1600
 1260 1261 1600
 1337 1336 1754
 859 1337 1754
 1337 396 2564
 1336 1337 2564
 1599 1336 2524
 804 1599 2524
 1599 859 1754
 1336 1599 1754
 1674 1673 1813
 1225 1674 1813
 1674 804 2520
 1673 1674 2520
 1730 1673 2442
 252 1730 2442
 1730 1225 1813
 1673 1730 1813
 1400 1260 1675
 1225 1400 1675
 1400 601 1479
 1260 1400 1479
 1674 1260 1808
 804 1674 1808
 1674 1225 1675
 1260 1674 1675
 892 602 963
 601 892 963
 298 602 892
 964 860 1338
 859 964 1338
 964 602 965
 860 964 965
 1337 860 1559
 396 1337 1559
 1337 859 1338
 860 1337 1338
 1261 963 1291
 859 1261 1291
 601 963 1261
 963 602 964
 964 859 1291
 963 964 1291
 253 194 301
 166 253 301
 40 194 253
 251 194 302
 302 143 395
 251 302 395
 301 251 394
 166 301 394
 194 251 301
 5225 993 5250
 531 5225 5250
 5225 469 5226
 993 5225 5226
 4058 4057 5251
 993 4058 5251
 4058 402 4756
 4057 4058 4756
 4057 531 5250
 5250 993 5251
 4057 5250 5251
 531 303 5224
 5224 469 5225
 531 5224 5225
 3827 3826 5149
 1090 3827 5149
 3827 992 4676
 3826 3827 4676
 3826 469 5148
 5148 1090 5149
 3826 5148 5149
 3619 1187 4624
 1090 3619 4624
 3619 254 3620
 1187 3619 3620
 3827 1187 3828
 992 3827 3828
 3827 1090 4624
 1187 3827 4624
 3897 1076 4734
 993 3897 4734
 3897 992 3898
 1076 3897 3898
 4058 1076 4059
 402 4058 4059
 4058 993 4734
 1076 4058 4734
 5226 3826 5227
 993 5226 5227
 469 3826 5226
 3897 3826 4676
 992 3897 4676
 3897 993 5227
 3826 3897 5227
 4190 4189 5329
 612 4190 5329
 4190 532 4878
 4189 4190 4878
 4189 470 5328
 5328 612 5329
 4189 5328 5329
 4078 654 4832
 612 4078 4832
 4078 402 4079
 654 4078 4079
 4190 654 4191
 532 4190 4191
 4190 612 4832
 654 4190 4832
 4228 655 4940
 613 4228 4940
 4228 532 4229
 655 4228 4229
 4294 655 4295
 195 4294 4295
 4294 613 4940
 655 4294 4940
 5368 4189 5369
 613 5368 5369
 470 4189 5368
 4228 4189 4878
 532 4228 4878
 4228 613 5369
 4189 4228 5369
 5308 531 5309
 470 5308 5309
 303 531 5308
 5310 4057 5311
 612 5310 5311
 531 4057 5310
 4078 4057 4756
 402 4078 4756
 4078 612 5311
 4057 4078 5311
 5309 612 5328
 470 5309 5328
 5309 531 5310
 612 5309 5310
 5073 403 5074
 303 5073 5074
 167 403 5073
 5075 1035 5076
 469 5075 5076
 403 1035 5075
 5077 3548 5078
 1090 5077 5078
 1035 3548 5077
 3619 3548 4532
 254 3619 4532
 3619 1090 5078
 3548 3619 5078
 5076 1090 5148
 469 5076 5148
 5076 1035 5077
 1090 5076 5077
 5074 469 5224
 303 5074 5224
 5074 403 5075
 469 5074 5075
 1443 1263 1602
 1602 471 1641
 1443 1602 1641
 404 1263 1443
 1263 304 1264
 1602 1264 1603
 471 1602 1603
 1263 1264 1602
 1480 1444 1560
 1186 1480 1560
 1480 1185 1678
 1444 1480 1678
 1445 1444 1642
 471 1445 1642
 1445 1186 1560
 1444 1445 1560
 1340 1339 1481
 1186 1340 1481
 1340 254 1442
 1339 1340 1442
 1480 1339 1601
 1185 1480 1601
 1480 1186 1481
 1339 1480 1481
 1676 1443 1677
 1185 1676 1677
 404 1443 1676
 1444 1443 1641
 1641 471 1642
 1444 1641 1642
 1677 1444 1678
 1185 1677 1678
 1443 1444 1677
 404 143 472
 472 304 1263
 404 472 1263
 1099 656 1100
 614 1099 1100
 1099 533 1294
 656 1099 1294
 689 656 707
 473 689 707
 689 614 1100
 656 689 1100
 1021 1020 1132
 614 1021 1132
 1021 402 1157
 1020 1021 1157
 1099 1020 1267
 533 1099 1267
 1099 614 1132
 1020 1099 1132
 1292 615 1293
 533 1292 1293
 304 615 1292
 656 615 690
 690 473 707
 656 690 707
 1293 656 1294
 533 1293 1294
 615 656 1293
 691 657 764
 616 691 764
 691 532 708
 657 691 708
 729 657 730
 473 729 730
 729 616 764
 657 729 764
 793 655 794
 616 793 794
 793 195 4295
 655 793 4295
 691 655 4229
 532 691 4229
 691 616 794
 655 691 794
 692 654 1022
 614 692 1022
 692 532 4191
 654 692 4191
 1021 654 4079
 402 1021 4079
 1021 614 1022
 654 1021 1022
 689 657 709
 614 689 709
 689 473 730
 657 689 730
 692 657 708
 532 692 708
 692 614 709
 657 692 709
 1202 1201 1402
 1019 1202 1402
 1202 992 1341
 1201 1202 1341
 1401 1201 1529
 471 1401 1529
 1401 1019 1402
 1201 1401 1402
 1156 1076 1227
 1019 1156 1227
 1156 402 4059
 1076 1156 4059
 1202 1076 3898
 992 1202 3898
 1202 1019 1227
 1076 1202 1227
 1262 1187 1403
 1186 1262 1403
 1262 992 3828
 1187 1262 3828
 1340 1187 3620
 254 1340 3620
 1340 1186 1403
 1187 1340 1403
 1445 1201 1446
 1186 1445 1446
 1445 471 1529
 1201 1445 1529
 1262 1201 1341
 992 1262 1341
 1262 1186 1446
 1201 1262 1446
 1265 1264 1482
 1482 533 1483
 1265 1482 1483
 1603 1265 1604
 471 1603 1604
 1264 1265 1603
 1264 304 1292
 1292 533 1482
 1264 1292 1482
 1266 1020 1268
 1019 1266 1268
 1266 533 1267
 1020 1266 1267
 1156 1020 1157
 402 1156 1157
 1156 1019 1268
 1020 1156 1268
 1401 1265 1447
 1019 1401 1447
 1401 471 1604
 1265 1401 1604
 1266 1265 1483
 533 1266 1483
 1266 1019 1447
 1265 1266 1447
 5449 406 5450
 405 5449 5450
 255 406 5449
 5451 536 5452
 535 5451 5452
 406 536 5451
 5453 4293 5454
 742 5453 5454
 536 4293 5453
 4320 4293 4964
 195 4320 4964
 4320 742 5454
 4293 4320 5454
 5452 742 5475
 535 5452 5475
 5452 536 5453
 742 5452 5453
 5450 535 5485
 405 5450 5485
 5450 406 5451
 535 5450 5451
 5448 405 5503
 20 5448 5503
 5448 255 5449
 405 5448 5449
 5072 303 5306
 255 5072 5306
 5072 167 5073
 303 5072 5073
 5307 470 5366
 406 5307 5366
 5307 303 5308
 470 5307 5308
 5367 613 5396
 536 5367 5396
 5367 470 5368
 613 5367 5368
 4294 4293 5397
 613 4294 5397
 4294 195 4964
 4293 4294 4964
 4293 536 5396
 5396 613 5397
 4293 5396 5397
 536 406 5366
 5366 470 5367
 536 5366 5367
 406 255 5306
 5306 303 5307
 406 5306 5307
 4314 407 4315
 305 4314 4315
 256 407 4314
 4316 538 4317
 537 4316 4317
 407 538 4316
 4318 2766 4319
 617 4318 4319
 4318 538 5480
 2766 4318 5480
 2809 2766 3488
 193 2809 3488
 2809 617 4319
 2766 2809 4319
 4317 617 4438
 537 4317 4438
 4317 538 4318
 617 4317 4318
 4315 537 4599
 305 4315 4599
 4315 407 4316
 537 4315 4316
 4313 305 4793
 167 4313 4793
 4313 256 4314
 305 4313 4314
 3172 300 3687
 256 3172 3687
 3172 80 3173
 300 3172 3173
 3688 468 3968
 407 3688 3968
 3688 300 3689
 468 3688 3689
 4140 3969 5277
 610 4140 5277
 538 3969 4140
 3969 468 3970
 3970 610 5277
 3969 3970 5277
 2767 2766 4141
 610 2767 4141
 2767 193 3488
 2766 2767 3488
 4140 2766 5480
 538 4140 5480
 4140 610 4141
 2766 4140 4141
 538 407 3968
 3968 468 3969
 538 3968 3969
 407 256 3687
 3687 300 3688
 407 3687 3688
 1534 1533 1605
 1231 1534 1605
 1534 1158 1681
 1533 1534 1681
 1540 1533 1708
 1112 1540 1708
 1540 1231 1605
 1533 1540 1605
 1343 1297 1535
 1231 1343 1535
 1343 408 1408
 1297 1343 1408
 1534 1297 1606
 1158 1534 1606
 1534 1231 1535
 1297 1534 1535
 1679 1532 1680
 1158 1679 1680
 299 1532 1679
 1533 1532 1707
 1707 1112 1708
 1533 1707 1708
 1680 1533 1681
 1158 1680 1681
 1532 1533 1680
 1411 1409 1539
 1228 1411 1539
 1411 1113 1484
 1409 1411 1484
 1538 1409 1643
 1112 1538 1643
 1538 1228 1539
 1409 1538 1539
 1344 1229 1485
 1228 1344 1485
 1344 254 3550
 1229 1344 3550
 1411 1229 3360
 1113 1411 3360
 1411 1228 1485
 1229 1411 1485
 1410 1232 1448
 1231 1410 1448
 1410 1113 3300
 1232 1410 3300
 1343 1232 3130
 408 1343 3130
 1343 1231 1448
 1232 1343 1448
 1540 1409 1541
 1231 1540 1541
 1540 1112 1643
 1409 1540 1643
 1410 1409 1484
 1113 1410 1484
 1410 1231 1541
 1409 1410 1541
 1230 1170 1407
 1159 1230 1407
 1230 604 1269
 1170 1230 1269
 1406 1170 1486
 528 1406 1486
 1406 1159 1407
 1170 1406 1407
 1298 1160 1342
 1159 1298 1342
 1298 408 3050
 1160 1298 3050
 1230 1160 2932
 604 1230 2932
 1230 1159 1342
 1160 1230 1342
 1171 1011 1172
 605 1171 1172
 1171 604 2882
 1011 1171 2882
 1056 1011 2810
 193 1056 2810
 1056 605 1172
 1011 1056 1172
 1295 1170 1296
 605 1295 1296
 1295 528 1486
 1170 1295 1486
 1171 1170 1269
 604 1171 1269
 1171 605 1296
 1170 1171 1296
 1405 1404 1682
 1682 1158 1683
 1405 1682 1683
 1607 1405 1608
 528 1607 1608
 1404 1405 1607
 1404 299 1679
 1679 1158 1682
 1404 1679 1682
 1487 1297 1488
 1159 1487 1488
 1487 1158 1606
 1297 1487 1606
 1298 1297 1408
 408 1298 1408
 1298 1159 1488
 1297 1298 1488
 1406 1405 1561
 1159 1406 1561
 1406 528 1608
 1405 1406 1608
 1487 1405 1683
 1158 1487 1683
 1487 1159 1561
 1405 1487 1561
 1530 404 1531
 299 1530 1531
 143 404 1530
 1537 1536 1711
 1711 1185 1712
 1537 1711 1712
 1709 1537 1710
 1112 1709 1710
 1536 1537 1709
 1536 404 1676
 1676 1185 1711
 1536 1676 1711
 1542 1339 1543
 1228 1542 1543
 1542 1185 1601
 1339 1542 1601
 1344 1339 1442
 254 1344 1442
 1344 1228 1543
 1339 1344 1543
 1538 1537 1644
 1228 1538 1644
 1538 1112 1710
 1537 1538 1710
 1542 1537 1712
 1185 1542 1712
 1542 1228 1644
 1537 1542 1644
 1532 1531 1706
 1706 1112 1707
 1532 1706 1707
 299 1531 1532
 1531 404 1536
 1706 1536 1709
 1112 1706 1709
 1531 1536 1706
 4794 1008 4953
 403 4794 4953
 4794 305 4795
 1008 4794 4795
 4954 1123 4998
 1035 4954 4998
 4954 1008 4955
 1123 4954 4955
 3549 3548 4999
 1123 3549 4999
 3549 254 4532
 3548 3549 4532
 3548 1035 4998
 4998 1123 4999
 3548 4998 4999
 1035 403 4953
 4953 1008 4954
 1035 4953 4954
 403 167 4793
 4793 305 4794
 403 4793 4794
 4600 1061 4697
 1009 4600 4697
 4600 537 4601
 1061 4600 4601
 3049 3048 4698
 1061 3049 4698
 3049 408 4081
 3048 3049 4081
 3048 1009 4697
 4697 1061 4698
 3048 4697 4698
 1009 305 4599
 4599 537 4600
 1009 4599 4600
 2881 2880 4439
 617 2881 4439
 2881 604 3786
 2880 2881 3786
 2880 537 4438
 4438 617 4439
 2880 4438 4439
 2809 1011 3638
 617 2809 3638
 2809 193 2810
 1011 2809 2810
 2881 1011 2882
 604 2881 2882
 2881 617 3638
 1011 2881 3638
 2931 1160 3933
 1061 2931 3933
 2931 604 2932
 1160 2931 2932
 3049 1160 3050
 408 3049 3050
 3049 1061 3933
 1160 3049 3933
 4601 2880 4602
 1061 4601 4602
 537 2880 4601
 2931 2880 3786
 604 2931 3786
 2931 1061 4602
 2880 2931 4602
 3299 3298 4860
 1114 3299 4860
 3299 1113 4323
 3298 3299 4323
 3298 1008 4859
 4859 1114 4860
 3298 4859 4860
 3129 1232 4231
 1114 3129 4231
 3129 408 3130
 1232 3129 3130
 3299 1232 3300
 1113 3299 3300
 3299 1114 4231
 1232 3299 4231
 3359 1229 4419
 1123 3359 4419
 3359 1113 3360
 1229 3359 3360
 3549 1229 3550
 254 3549 3550
 3549 1123 4419
 1229 3549 4419
 4955 3298 4956
 1123 4955 4956
 1008 3298 4955
 3359 3298 4323
 1113 3359 4323
 3359 1123 4956
 3298 3359 4956
 4795 1009 4796
 1008 4795 4796
 305 1009 4795
 4797 3048 4798
 1114 4797 4798
 1009 3048 4797
 3129 3048 4081
 408 3129 4081
 3129 1114 4798
 3048 3129 4798
 4796 1114 4859
 1008 4796 4859
 4796 1009 4797
 1114 4796 4797
 2437 2396 2672
 618 2437 2672
 539 2396 2437
 2396 474 2397
 2397 618 2672
 2396 2397 2672
 2117 2116 2438
 618 2117 2438
 2117 409 2310
 2116 2117 2310
 2437 2116 2732
 539 2437 2732
 2437 618 2438
 2116 2437 2438
 539 306 2395
 2395 474 2396
 539 2395 2396
 2077 2076 2362
 619 2077 2362
 2077 540 2260
 2076 2077 2260
 2361 2076 2608
 474 2361 2608
 2361 619 2362
 2076 2361 2362
 2055 660 2212
 619 2055 2212
 2055 257 2056
 660 2055 2056
 2077 660 2078
 540 2077 2078
 2077 619 2212
 660 2077 2212
 2107 661 2286
 618 2107 2286
 2107 540 2108
 661 2107 2108
 2117 661 2118
 409 2117 2118
 2117 618 2286
 661 2117 2286
 2397 2076 2398
 618 2397 2398
 2397 474 2608
 2076 2397 2608
 2107 2076 2260
 540 2107 2260
 2107 618 2398
 2076 2107 2398
 2163 2162 2531
 659 2163 2531
 2163 658 2370
 2162 2163 2370
 2530 2162 2854
 475 2530 2854
 2530 659 2531
 2162 2530 2531
 2135 780 2356
 659 2135 2356
 2135 409 2136
 780 2135 2136
 2163 780 2164
 658 2163 2164
 2163 659 2356
 780 2163 2356
 2180 1491 2400
 1490 2180 2400
 2180 658 2181
 1491 2180 2181
 2217 1491 2218
 196 2217 2218
 2217 1490 2400
 1491 2217 2400
 2557 2162 2558
 1490 2557 2558
 2557 475 2854
 2162 2557 2854
 2180 2162 2370
 658 2180 2370
 2180 1490 2558
 2162 2180 2558
 2495 539 2496
 475 2495 2496
 306 539 2495
 2497 2116 2498
 659 2497 2498
 2497 539 2732
 2116 2497 2732
 2135 2116 2310
 409 2135 2310
 2135 659 2498
 2116 2135 2498
 2530 2496 2784
 659 2530 2784
 475 2496 2530
 2496 539 2497
 2497 659 2784
 2496 2497 2784
 2339 411 2340
 306 2339 2340
 168 411 2339
 2341 543 2342
 474 2341 2342
 411 543 2341
 2343 2042 2344
 619 2343 2344
 2343 543 2526
 2042 2343 2526
 2055 2042 2182
 257 2055 2182
 2055 619 2344
 2042 2055 2344
 2361 2342 2549
 619 2361 2549
 474 2342 2361
 2342 543 2343
 2343 619 2549
 2342 2343 2549
 2340 474 2395
 306 2340 2395
 2340 411 2341
 474 2340 2341
 544 476 620
 412 544 620
 544 307 621
 476 544 621
 1233 1043 4944
 622 1233 4944
 1233 546 5429
 1043 1233 5429
 1043 476 1044
 1044 622 4944
 1043 1044 4944
 1126 1125 1234
 622 1126 1234
 1126 257 1968
 1125 1126 1968
 1233 1125 4894
 546 1233 4894
 1233 622 1234
 1125 1233 1234
 5355 620 5428
 546 5355 5428
 412 620 5355
 620 476 1043
 5428 1043 5429
 546 5428 5429
 620 1043 5428
 412 142 477
 477 307 544
 412 477 544
 838 837 5119
 664 838 5119
 547 837 838
 837 478 920
 920 664 5119
 837 920 5119
 806 665 864
 664 806 864
 806 409 2015
 665 806 2015
 838 665 5100
 547 838 5100
 838 664 864
 665 838 864
 547 307 778
 778 478 837
 547 778 837
 1492 887 1493
 886 1492 1493
 1492 658 2034
 887 1492 2034
 1134 887 5180
 478 1134 5180
 1134 886 1493
 887 1134 1493
 1645 1491 2038
 886 1645 2038
 1645 196 2218
 1491 1645 2218
 1492 1491 2181
 658 1492 2181
 1492 886 2038
 1491 1492 2038
 888 780 2021
 664 888 2021
 888 658 2164
 780 888 2164
 806 780 2136
 409 806 2136
 806 664 2021
 780 806 2021
 920 887 959
 664 920 959
 920 478 5180
 887 920 5180
 888 887 2034
 658 888 2034
 888 664 959
 887 888 959
 693 662 710
 623 693 710
 693 540 1996
 662 693 1996
 694 662 5002
 476 694 5002
 694 623 710
 662 694 710
 695 661 2008
 623 695 2008
 695 409 2118
 661 695 2118
 693 661 2108
 540 693 2108
 693 623 2008
 661 693 2008
 696 660 1972
 622 696 1972
 696 540 2078
 660 696 2078
 1126 660 2056
 257 1126 2056
 1126 622 1972
 660 1126 1972
 1044 662 1101
 622 1044 1101
 1044 476 5002
 662 1044 5002
 696 662 1996
 540 696 1996
 696 622 1101
 662 696 1101
 621 547 663
 476 621 663
 307 547 621
 750 665 784
 623 750 784
 750 547 5100
 665 750 5100
 695 665 2015
 409 695 2015
 695 623 784
 665 695 784
 694 663 5032
 623 694 5032
 476 663 694
 663 547 750
 750 623 5032
 663 750 5032
 2657 413 2658
 397 2657 2658
 258 413 2657
 2659 1489 2660
 1272 2659 2660
 413 1489 2659
 2661 2216 2662
 1717 2661 2662
 2661 1489 2978
 2216 2661 2978
 2249 2216 2444
 196 2249 2444
 2249 1717 2662
 2216 2249 2662
 2713 2660 3062
 1717 2713 3062
 1272 2660 2713
 2660 1489 2661
 2661 1717 3062
 2660 2661 3062
 2658 1272 2773
 397 2658 2773
 2658 413 2659
 1272 2658 2659
 2656 397 2883
 80 2656 2883
 2656 258 2657
 397 2656 2657
 2338 306 2493
 258 2338 2493
 2338 168 2339
 306 2338 2339
 2494 475 2555
 413 2494 2555
 2494 306 2495
 475 2494 2495
 2603 2556 2926
 1490 2603 2926
 1489 2556 2603
 2556 475 2557
 2557 1490 2926
 2556 2557 2926
 2217 2216 2604
 1490 2217 2604
 2217 196 2444
 2216 2217 2444
 2603 2216 2978
 1489 2603 2978
 2603 1490 2604
 2216 2603 2604
 1489 413 2555
 2555 475 2556
 1489 2555 2556
 413 258 2493
 2493 306 2494
 413 2493 2494
 2069 414 2070
 410 2069 2070
 259 414 2069
 994 414 995
 1103 995 1940
 1947 1940 2010
 192 1947 2010
 1103 1940 1947
 994 995 1103
 2070 994 2121
 410 2070 2121
 414 994 2070
 2068 410 2189
 168 2068 2189
 2068 259 2069
 410 2068 2069
 259 12 297
 414 297 464
 995 464 1005
 1940 1005 1941
 1941 192 2010
 1940 1941 2010
 995 1005 1940
 414 464 995
 259 297 414
 3753 3748 4682
 1207 3753 4682
 3753 1206 5038
 3748 3753 5038
 3749 3748 5169
 545 3749 5169
 3749 1207 4682
 3748 3749 4682
 1356 1355 3754
 1207 1356 3754
 1356 541 1936
 1355 1356 1936
 3753 1355 4640
 1206 3753 4640
 3753 1207 3754
 1355 3753 3754
 4978 3747 5037
 1206 4978 5037
 386 3747 4978
 3748 3747 5168
 5168 545 5169
 3748 5168 5169
 5037 3748 5038
 1206 5037 5038
 3747 3748 5037
 1271 1270 1450
 1124 1271 1450
 1271 1026 1950
 1270 1271 1950
 1449 1270 4746
 545 1449 4746
 1449 1124 1450
 1270 1449 1450
 1203 1133 1955
 1124 1203 1955
 1203 257 2044
 1133 1203 2044
 1271 1133 2032
 1026 1271 2032
 1271 1124 1955
 1133 1271 1955
 1357 1208 1944
 1207 1357 1944
 1357 1026 2018
 1208 1357 2018
 1356 1208 2000
 541 1356 2000
 1356 1207 1944
 1208 1356 1944
 3749 1270 3750
 1207 3749 3750
 3749 545 4746
 1270 3749 4746
 1357 1270 1950
 1026 1357 1950
 1357 1207 3750
 1270 1357 3750
 1412 1353 3718
 1235 1412 3718
 1412 1102 1920
 1353 1412 1920
 3717 1353 4483
 1085 3717 4483
 3717 1235 3718
 1353 3717 3718
 1413 1236 1928
 1235 1413 1928
 1413 541 1980
 1236 1413 1980
 1412 1236 1966
 1102 1412 1966
 1412 1235 1928
 1236 1412 1928
 1354 1205 1908
 1204 1354 1908
 1354 1102 1958
 1205 1354 1958
 1299 1205 1948
 192 1299 1948
 1299 1204 1908
 1205 1299 1908
 3635 1353 3636
 1204 3635 3636
 3635 1085 4483
 1353 3635 4483
 1354 1353 1920
 1102 1354 1920
 1354 1204 3636
 1353 1354 3636
 4979 3716 5496
 3715 4979 5496
 4979 1206 4980
 3716 4979 4980
 4881 3716 4882
 1085 4881 4882
 4881 3715 5496
 3716 4881 5496
 3715 386 4978
 4978 1206 4979
 3715 4978 4979
 3733 1355 3734
 1235 3733 3734
 3733 1206 4640
 1355 3733 4640
 1413 1355 1936
 541 1413 1936
 1413 1235 3734
 1355 1413 3734
 3717 3716 4556
 1235 3717 4556
 3717 1085 4882
 3716 3717 4882
 3733 3716 4980
 1206 3733 4980
 3733 1235 4556
 3716 3733 4556
 1347 412 1348
 386 1347 1348
 142 412 1347
 1350 1349 5356
 5356 546 5357
 1350 5356 5357
 5244 1350 5245
 545 5244 5245
 1349 1350 5244
 1349 412 5355
 5355 546 5356
 1349 5355 5356
 1351 1125 1352
 1124 1351 1352
 1351 546 4894
 1125 1351 4894
 1203 1125 1968
 257 1203 1968
 1203 1124 1352
 1125 1203 1352
 1449 1350 4814
 1124 1449 4814
 1449 545 5245
 1350 1449 5245
 1351 1350 5357
 546 1351 5357
 1351 1124 4814
 1350 1351 4814
 3747 1348 5167
 5167 545 5168
 3747 5167 5168
 386 1348 3747
 1348 412 1349
 5167 1349 5244
 545 5167 5244
 1348 1349 5167
 2190 542 2269
 411 2190 2269
 2190 410 2191
 542 2190 2191
 2270 1027 2299
 543 2270 2299
 2270 542 2271
 1027 2270 2271
 2043 2042 2300
 1027 2043 2300
 2043 257 2182
 2042 2043 2182
 2299 2042 2526
 543 2299 2526
 2299 1027 2300
 2042 2299 2300
 543 411 2269
 2269 542 2270
 543 2269 2270
 411 168 2189
 2189 410 2190
 411 2189 2190
 2122 1127 2147
 1045 2122 2147
 994 1127 2122
 1979 1978 2148
 1127 1979 2148
 1979 541 2072
 1978 1979 2072
 1978 1045 2147
 2147 1127 2148
 1978 2147 2148
 1045 410 2121
 2121 994 2122
 1045 2121 2122
 1956 1103 1957
 1957 1102 2036
 1956 1957 2036
 994 1103 1956
 1947 1205 2022
 1103 1947 2022
 1947 192 1948
 1205 1947 1948
 1957 1205 1958
 1102 1957 1958
 1957 1103 2022
 1205 1957 2022
 1965 1236 2058
 1127 1965 2058
 1965 1102 1966
 1236 1965 1966
 1979 1236 1980
 541 1979 1980
 1979 1127 2058
 1236 1979 2058
 1127 994 1956
 1965 1956 2036
 1102 1965 2036
 1127 1956 1965
 2017 2016 2234
 1115 2017 2234
 2017 1026 2124
 2016 2017 2124
 2016 542 2233
 2233 1115 2234
 2016 2233 2234
 1999 1208 2110
 1115 1999 2110
 1999 541 2000
 1208 1999 2000
 2017 1208 2018
 1026 2017 2018
 2017 1115 2110
 1208 2017 2110
 2031 1133 2150
 1027 2031 2150
 2031 1026 2032
 1133 2031 2032
 2043 1133 2044
 257 2043 2044
 2043 1027 2150
 1133 2043 2150
 2271 2016 2272
 1027 2271 2272
 542 2016 2271
 2031 2016 2124
 1026 2031 2124
 2031 1027 2272
 2016 2031 2272
 2191 1045 2192
 542 2191 2192
 410 1045 2191
 2193 1978 2194
 1115 2193 2194
 1045 1978 2193
 1999 1978 2072
 541 1999 2072
 1999 1115 2194
 1978 1999 2194
 2192 1115 2233
 542 2192 2233
 2192 1045 2193
 1115 2192 2193
 260 191 401
 401 166 924
 260 401 924
 295 260 415
 142 295 415
 191 260 295
 191 40 253
 253 166 401
 191 253 401
 1612 1452 1713
 1451 1612 1713
 1188 1452 1612
 1452 1058 1610
 1610 1451 1713
 1452 1610 1713
 1793 1611 1794
 1451 1793 1794
 1793 774 1824
 1611 1793 1824
 1612 1611 1714
 1188 1612 1714
 1612 1451 1794
 1611 1612 1794
 1188 399 1209
 1209 1058 1452
 1188 1209 1452
 1757 1609 1758
 1416 1757 1758
 1757 1415 1825
 1609 1757 1825
 1614 1609 1715
 1058 1614 1715
 1614 1416 1758
 1609 1614 1758
 1766 1756 1826
 1416 1766 1826
 1766 252 2424
 1756 1766 2424
 1757 1756 2376
 1415 1757 2376
 1757 1416 1826
 1756 1757 1826
 1795 1792 1827
 1451 1795 1827
 1795 1415 2368
 1792 1795 2368
 1793 1792 2350
 774 1793 2350
 1793 1451 1827
 1792 1793 1827
 1610 1609 1796
 1451 1610 1796
 1610 1058 1715
 1609 1610 1715
 1795 1609 1825
 1415 1795 1825
 1795 1451 1796
 1609 1795 1796
 1762 1544 1763
 1418 1762 1763
 1762 1273 1818
 1544 1762 1818
 1562 1544 1684
 884 1562 1684
 1562 1418 1763
 1544 1562 1763
 1764 1761 1828
 1418 1764 1828
 1764 774 2324
 1761 1764 2324
 1762 1761 2296
 1273 1762 2296
 1762 1418 1828
 1761 1762 1828
 1732 1718 1814
 1274 1732 1814
 1732 1273 2282
 1718 1732 2282
 1719 1718 2250
 196 1719 2250
 1719 1274 1814
 1718 1719 1814
 1545 1544 1733
 1274 1545 1733
 1545 884 1684
 1544 1545 1684
 1732 1544 1818
 1273 1732 1818
 1732 1274 1733
 1544 1732 1733
 1189 1188 1419
 884 1189 1419
 399 1188 1189
 1613 1611 1765
 1418 1613 1765
 1613 1188 1714
 1611 1613 1714
 1764 1611 1824
 774 1764 1824
 1764 1418 1765
 1611 1764 1765
 1562 1419 1716
 1418 1562 1716
 884 1419 1562
 1419 1188 1613
 1613 1418 1716
 1419 1613 1716
 991 400 1077
 399 991 1077
 166 400 991
 1173 1059 1417
 1058 1173 1417
 400 1059 1173
 1563 1527 1767
 1416 1563 1767
 1563 1059 1640
 1527 1563 1640
 1766 1527 1817
 252 1766 1817
 1766 1416 1767
 1527 1766 1767
 1614 1417 1685
 1416 1614 1685
 1058 1417 1614
 1417 1059 1563
 1563 1416 1685
 1417 1563 1685
 1077 1058 1209
 399 1077 1209
 1077 400 1173
 1058 1077 1173
 2884 1414 3013
 398 2884 3013
 2884 397 2885
 1414 2884 2885
 3093 3014 3798
 1755 3093 3798
 1671 3014 3093
 3014 1414 3015
 3015 1755 3798
 3014 3015 3798
 2423 2422 3094
 1755 2423 3094
 2423 252 2822
 2422 2423 2822
 3093 2422 3986
 1671 3093 3986
 3093 1755 3094
 2422 3093 3094
 1671 398 3013
 3013 1414 3014
 1671 3013 3014
 398 80 2883
 2883 397 2884
 398 2883 2884
 2839 2774 3240
 1760 2839 3240
 1759 2774 2839
 2774 1272 2775
 2775 1760 3240
 2774 2775 3240
 2323 2322 2840
 1760 2323 2840
 2323 774 2598
 2322 2323 2598
 2839 2322 3350
 1759 2839 3350
 2839 1760 2840
 2322 2839 2840
 1759 397 2773
 2773 1272 2774
 1759 2773 2774
 2281 2280 2714
 1717 2281 2714
 2281 1273 2532
 2280 2281 2532
 2713 2280 3144
 1272 2713 3144
 2713 1717 2714
 2280 2713 2714
 2249 1718 2500
 1717 2249 2500
 2249 196 2250
 1718 2249 2250
 2281 1718 2282
 1273 2281 2282
 2281 1717 2500
 1718 2281 2500
 2295 1761 2550
 1760 2295 2550
 2295 1273 2296
 1761 2295 2296
 2323 1761 2324
 774 2323 2324
 2323 1760 2550
 1761 2323 2550
 2775 2280 2776
 1760 2775 2776
 2775 1272 3144
 2280 2775 3144
 2295 2280 2532
 1273 2295 2532
 2295 1760 2776
 2280 2295 2776
 2367 2366 2946
 1791 2367 2946
 2367 1415 2700
 2366 2367 2700
 2945 2366 3622
 1414 2945 3622
 2945 1791 2946
 2366 2945 2946
 2349 1792 2644
 1791 2349 2644
 2349 774 2350
 1792 2349 2350
 2367 1792 2368
 1415 2367 2368
 2367 1791 2644
 1792 2367 2644
 2375 1756 2760
 1755 2375 2760
 2375 1415 2376
 1756 2375 2376
 2423 1756 2424
 252 2423 2424
 2423 1755 2760
 1756 2423 2760
 3015 2366 3016
 1755 3015 3016
 3015 1414 3622
 2366 3015 3622
 2375 2366 2700
 1415 2375 2700
 2375 1755 3016
 2366 2375 3016
 2885 1759 2886
 1414 2885 2886
 397 1759 2885
 2887 2322 2888
 1791 2887 2888
 2887 1759 3350
 2322 2887 3350
 2349 2322 2598
 774 2349 2598
 2349 1791 2888
 2322 2349 2888
 2945 2886 3456
 1791 2945 3456
 1414 2886 2945
 2886 1759 2887
 2887 1791 3456
 2886 2887 3456
 479 416 777
 307 479 777
 260 416 479
 930 885 1013
 478 930 1013
 416 885 930
 1359 1358 1646
 886 1359 1646
 1359 885 5219
 1358 1359 5219
 1645 1358 1806
 196 1645 1806
 1645 886 1646
 1358 1645 1646
 1134 1013 5181
 886 1134 5181
 478 1013 1134
 1013 885 1359
 1359 886 5181
 1013 1359 5181
 777 478 778
 307 777 778
 777 416 930
 478 777 930
 415 307 477
 142 415 477
 415 260 479
 307 415 479
 924 399 940
 260 924 940
 924 166 991
 399 924 991
 1023 884 1091
 416 1023 1091
 1023 399 1189
 884 1023 1189
 1494 1275 5185
 1274 1494 5185
 885 1275 1494
 1275 884 1545
 1545 1274 5185
 1275 1545 5185
 1719 1358 1720
 1274 1719 1720
 1719 196 1806
 1358 1719 1806
 1494 1358 5219
 885 1494 5219
 1494 1274 1720
 1358 1494 1720
 885 416 1091
 1091 884 1275
 885 1091 1275
 416 260 940
 940 399 1023
 416 940 1023
 141 66 169
 40 141 169
 7 66 141
 261 197 418
 418 151 548
 261 418 548
 308 261 417
 143 308 417
 197 261 308
 197 66 209
 209 151 418
 197 209 418
 1546 1363 1686
 1362 1546 1686
 1546 979 1547
 1363 1546 1547
 1616 1363 1617
 978 1616 1617
 1616 1362 1686
 1363 1616 1686
 1770 1453 1771
 1362 1770 1771
 1770 534 3934
 1453 1770 3934
 1546 1453 1647
 979 1546 1647
 1546 1362 1771
 1453 1546 1771
 1165 1161 1364
 1364 979 1421
 1165 1364 1421
 419 1161 1165
 1422 1363 1495
 1161 1422 1495
 1422 978 1617
 1363 1422 1617
 1364 1363 1547
 979 1364 1547
 1364 1161 1495
 1363 1364 1495
 1799 1615 1800
 1456 1799 1800
 1799 1361 3972
 1615 1799 3972
 1618 1615 1721
 978 1618 1721
 1618 1456 1800
 1615 1618 1800
 1803 1798 3958
 1456 1803 3958
 1803 311 4524
 1798 1803 4524
 1799 1798 4513
 1361 1799 4513
 1799 1456 3958
 1798 1799 3958
 1801 1769 3936
 1362 1801 3936
 1801 1361 4509
 1769 1801 4509
 1770 1769 4481
 534 1770 4481
 1770 1362 3936
 1769 1770 3936
 1616 1615 1802
 1362 1616 1802
 1616 978 1721
 1615 1616 1721
 1801 1615 3972
 1361 1801 3972
 1801 1362 1802
 1615 1801 1802
 1651 1047 1652
 1046 1651 1652
 1651 741 3834
 1047 1651 3834
 1300 1047 1420
 551 1300 1420
 1300 1046 1652
 1047 1300 1652
 1722 1650 3892
 1046 1722 3892
 1722 534 4473
 1650 1722 4473
 1651 1650 4389
 741 1651 4389
 1651 1046 3892
 1650 1651 3892
 1496 854 3736
 791 1496 3736
 1496 741 4385
 854 1496 4385
 872 854 4321
 195 872 4321
 872 791 3736
 854 872 3736
 1048 1047 1497
 791 1048 1497
 1048 551 1420
 1047 1048 1420
 1496 1047 3834
 741 1496 3834
 1496 791 1497
 1047 1496 1497
 1276 1162 1277
 980 1276 1277
 1276 979 1455
 1162 1276 1455
 1163 1162 1301
 551 1163 1301
 1163 980 1277
 1162 1163 1277
 980 419 1165
 1276 1165 1421
 979 1276 1421
 980 1165 1276
 1454 1453 1723
 1046 1454 1723
 1454 979 1647
 1453 1454 1647
 1722 1453 3934
 534 1722 3934
 1722 1046 1723
 1453 1722 1723
 1300 1162 1564
 1046 1300 1564
 1300 551 1301
 1162 1300 1301
 1454 1162 1455
 979 1454 1455
 1454 1046 1564
 1162 1454 1564
 957 955 1063
 419 957 1063
 151 955 957
 1498 1457 1565
 1210 1498 1565
 1498 1190 1654
 1457 1498 1654
 1458 1457 1619
 978 1458 1619
 1458 1210 1565
 1457 1458 1565
 1210 955 1279
 1498 1279 1549
 1190 1498 1549
 1210 1279 1498
 1653 1620 1804
 1456 1653 1804
 1653 1190 1725
 1620 1653 1725
 1803 1620 3987
 311 1803 3987
 1803 1456 1804
 1620 1803 1804
 1618 1457 1724
 1456 1618 1724
 1618 978 1619
 1457 1618 1619
 1653 1457 1654
 1190 1653 1654
 1653 1456 1724
 1457 1653 1724
 1161 1063 1278
 1422 1278 1548
 978 1422 1548
 1161 1278 1422
 419 1063 1161
 1063 955 1210
 1278 1210 1458
 1458 978 1548
 1278 1458 1548
 1063 1210 1278
 1360 1302 5504
 5504 405 5505
 1360 5504 5505
 1772 1360 1797
 4516 1797 4523
 4523 311 5101
 4516 4523 5101
 1772 1797 4516
 1302 1360 1772
 1302 20 5503
 5503 405 5504
 1302 5503 5504
 5486 1649 5491
 1648 5486 5491
 5486 535 5487
 1649 5486 5487
 4472 4471 5492
 1649 4472 5492
 4472 534 5052
 4471 4472 5052
 4471 1648 5491
 5491 1649 5492
 4471 5491 5492
 1648 405 5485
 5485 535 5486
 1648 5485 5486
 4384 4383 5476
 742 4384 5476
 4384 741 5024
 4383 4384 5024
 4383 535 5475
 5475 742 5476
 4383 5475 5476
 4320 854 5000
 742 4320 5000
 4320 195 4321
 854 4320 4321
 4384 854 4385
 741 4384 4385
 4384 742 5000
 854 4384 5000
 4388 1650 5040
 1649 4388 5040
 4388 741 4389
 1650 4388 4389
 4472 1650 4473
 534 4472 4473
 4472 1649 5040
 1650 4472 5040
 5487 4383 5488
 1649 5487 5488
 535 4383 5487
 4388 4383 5024
 741 4388 5024
 4388 1649 5488
 4383 4388 5488
 4508 4507 5512
 1768 4508 5512
 4508 1361 5088
 4507 4508 5088
 4507 1360 5511
 5511 1768 5512
 4507 5511 5512
 4480 1769 5080
 1768 4480 5080
 4480 534 4481
 1769 4480 4481
 4508 1769 4509
 1361 4508 4509
 4508 1768 5080
 1769 4508 5080
 4512 1798 5109
 1797 4512 5109
 4512 1361 4513
 1798 4512 4513
 4523 1798 4524
 311 4523 4524
 4523 1797 5109
 1798 4523 5109
 1797 1360 4507
 4512 4507 5088
 1361 4512 5088
 1797 4507 4512
 5505 1648 5506
 1360 5505 5506
 405 1648 5505
 5507 4471 5508
 1768 5507 5508
 1648 4471 5507
 4480 4471 5052
 534 4480 5052
 4480 1768 5508
 4471 4480 5508
 5506 1768 5511
 1360 5506 5511
 5506 1648 5507
 1768 5506 5507
 480 420 549
 304 480 549
 261 420 480
 847 728 848
 624 847 848
 847 552 868
 728 847 868
 762 728 796
 473 762 796
 762 624 848
 728 762 848
 624 420 846
 847 846 910
 552 847 910
 624 846 847
 813 792 852
 616 813 852
 813 552 906
 792 813 906
 793 792 3654
 195 793 3654
 793 616 852
 792 793 852
 729 728 814
 616 729 814
 729 473 796
 728 729 796
 813 728 868
 552 813 868
 813 616 814
 728 813 814
 615 549 666
 666 473 690
 615 666 690
 304 549 615
 549 420 624
 666 624 762
 473 666 762
 549 624 666
 417 304 472
 143 417 472
 417 261 480
 304 417 480
 548 419 550
 261 548 550
 548 151 957
 419 548 957
 845 844 981
 998 981 1164
 551 998 1164
 845 981 998
 420 844 845
 844 419 980
 981 980 1163
 1163 551 1164
 981 1163 1164
 844 980 981
 905 904 1049
 791 905 1049
 905 552 946
 904 905 946
 1048 904 1135
 551 1048 1135
 1048 791 1049
 904 1048 1049
 872 792 938
 791 872 938
 872 195 3654
 792 872 3654
 905 792 906
 552 905 906
 905 791 938
 792 905 938
 846 845 909
 909 552 910
 846 909 910
 420 845 846
 998 904 999
 845 998 999
 998 551 1135
 904 998 1135
 909 904 946
 552 909 946
 909 845 999
 904 909 999
 420 261 550
 550 419 844
 420 550 844
 194 169 262
 262 143 302
 194 262 302
 40 169 194
 169 66 197
 262 197 308
 143 262 308
 169 197 262
 65 37 144
 149 144 198
 5436 198 5447
 20 5436 5447
 149 198 5436
 65 144 149
 65 4 131
 37 65 131
 170 130 199
 2654 199 2655
 80 2654 2655
 170 199 2654
 37 130 170
 2066 186 2067
 168 2066 2067
 130 186 2066
 186 12 259
 2067 259 2068
 168 2067 2068
 186 259 2067
 258 199 2337
 2337 168 2338
 258 2337 2338
 2655 258 2656
 80 2655 2656
 199 258 2655
 199 130 2066
 2066 168 2337
 199 2066 2337
 4311 200 4312
 167 4311 4312
 144 200 4311
 256 200 3171
 3171 80 3172
 256 3171 3172
 4312 256 4313
 167 4312 4313
 200 256 4312
 255 198 5071
 5071 167 5072
 255 5071 5072
 5447 255 5448
 20 5447 5448
 198 255 5447
 198 144 4311
 4311 167 5071
 198 4311 5071
 144 37 170
 200 170 2654
 2654 80 3171
 200 2654 3171
 144 170 200
        </DataArray>
      </Cells>
      <PointData>
        <DataArray type="Float32" Name="phi" format="ascii">
 9.999999999988649e-01
 9.999999999996856e-01
 9.999999999988649e-01
 9.999999998923046e-01
 1.000000000943535e+00
 9.999999998923046e-01
 1.770981082063529e-07
 -5.331927968565754e-05
 1.770981082063529e-07
 9.999999999816116e-01
 9.999999999816118e-01
 1.000000228460011e+00
 1.000000228460010e+00
 9.999999999991691e-01
 1.000000000002191e+00
 9.999999985764969e-01
 9.999999999807804e-01
 9.999999999807804e-01
 9.999999999991688e-01
 9.999999985764961e-01
 9.999639356179443e-01
 4.604821348786049e-07
 9.999999420534186e-01
 9.999999420534186e-01
 4.604821348785763e-07
 9.999999999965740e-01
 9.999999999987149e-01
 9.999999999765438e-01
 9.999999998660941e-01
 9.999999999987149e-01
 9.999999999965743e-01
 9.999999998660940e-01
 9.999999999765445e-01
 1.000000002920831e+00
 1.000000009455804e+00
 1.523550644268479e-06
 7.574032993087398e-06
 1.000000009455804e+00
 1.000000002920831e+00
 7.574032993084179e-06
 1.523550644268437e-06
 1.000000000002610e+00
 1.000000000001035e+00
 1.000000000000474e+00
 1.000000000005484e+00
 1.000000000000455e+00
 9.999999999317779e-01
 1.000000000140399e+00
 1.000000000009207e+00
 1.000000000813018e+00
 1.000000000020282e+00
 1.000000000085660e+00
 1.000000000085660e+00
 1.000000000003384e+00
 1.000000000003384e+00
 1.000000000002611e+00
 1.000000000000474e+00
 1.000000000001035e+00
 1.000000000020282e+00
 1.000000000140399e+00
 1.000000000813019e+00
 1.000000000009208e+00
 1.000000000005485e+00
 1.000000023618190e+00
 9.999750554579344e-01
 9.999999957162059e-01
 4.733424918592574e-06
 5.053981160055051e-07
 -8.395704339972753e-06
 -1.833676476286825e-07
 1.000000185646512e+00
 9.230390639059174e-04
 9.230390639059174e-04
 1.000000002399179e+00
 1.000000002399179e+00
 1.000000023618191e+00
 1.000000185646512e+00
 5.053981160051784e-07
 -1.833676476286613e-07
 -8.395704339972333e-06
 9.999750554579362e-01
 1.000000000000111e+00
 9.999999999994891e-01
 9.999999999999920e-01
 9.999999999997312e-01
 1.000000000000149e+00
 1.000000000002653e+00
 9.999999999982315e-01
 1.000000000019696e+00
 9.999999997739666e-01
 9.999999999727206e-01
 1.000000000303591e+00
 1.000000000135004e+00
 9.999999998310423e-01
 9.999999999962382e-01
 1.000000000010320e+00
 9.999999999995084e-01
 9.999999999997313e-01
 1.000000000002653e+00
 1.000000000000151e+00
 1.000000000000111e+00
 9.999999999999918e-01
 9.999999999994887e-01
 9.999999999995089e-01
 1.000000000010319e+00
 9.999999998310422e-01
 9.999999999962381e-01
 1.000000000135004e+00
 1.000000000303591e+00
 9.999999997739666e-01
 9.999999999727195e-01
 1.000000000019695e+00
 9.999999999982315e-01
 9.999999934080430e-01
 9.999999183001471e-01
 9.999999984857126e-01
 9.999999918722248e-01
 9.999999983051983e-01
 9.999999316296003e-01
 1.000000030991396e+00
 -2.724073518674605e-05
 -1.781023898619302e-05
 -2.634929617092264e-05
 3.374116803380700e-07
 6.889948641464477e-08
 1.726930606279787e-07
 2.902666740900153e-01
 9.999960034182089e-01
 1.000000017592560e+00
 9.999999918722239e-01
 9.999999316295998e-01
 9.999999983051977e-01
 9.999999934080426e-01
 9.999999984857122e-01
 9.999999183001470e-01
 1.000000017592559e+00
 9.999960034182062e-01
 1.726930606279940e-07
 2.902666740898803e-01
 6.889948641457174e-08
 3.374116803381153e-07
 -1.781023898619365e-05
 -2.634929617090906e-05
 -2.724073518674374e-05
 1.000000030991396e+00
 9.999998864090782e-01
 9.999998895869628e-01
 9.999906995349876e-01
 9.999852234768964e-01
 9.999999161057823e-01
 -2.363044638363781e-08
 -5.580461588397726e-05
 1.918818215158303e-05
 -4.357666100076992e-07
 -2.621134748048601e-04
 -1.888790737665502e-08
 -7.566027734400230e-07
 -2.705375036151211e-04
 -1.278717785230345e-06
 -1.278717785230345e-06
 9.999998864090783e-01
 -2.705375036150907e-04
 -7.566027734394827e-07
 -1.888790737665814e-08
 -4.357666100078097e-07
 -2.621134748046731e-04
 1.918818215157788e-05
 9.999906995349899e-01
 9.999852234768932e-01
 -2.363044638352958e-08
 9.999998895869631e-01
 1.000000780037791e+00
 1.000000227607577e+00
 9.999995050991051e-01
 1.000000489100012e+00
 -1.106810475662536e-06
 8.067201312789659e-07
 7.859479262733269e-01
 4.774518341022258e-01
 -1.398849021782280e-06
 8.968433464345303e-01
 5.883389176535083e-01
 -4.172069716311976e-06
 -1.025478639221847e-06
 2.166251933236538e-06
 2.486293149148816e-06
 1.000000780037791e+00
 2.486293149148627e-06
 2.166251933235808e-06
 -1.025478639221361e-06
 -4.172069716309187e-06
 -1.398849021781717e-06
 8.968433464344681e-01
 5.883389176534705e-01
 8.067201312786798e-07
 7.859479262733221e-01
 4.774518341021223e-01
 -1.106810475662594e-06
 9.999995050991053e-01
 1.000000489100012e+00
 1.000000227607578e+00
 1.000001323645600e+00
 1.000000081478438e+00
 9.999931850697580e-01
 9.999822041239362e-01
 9.999745334701229e-01
 9.999892091457027e-01
 -1.096494036126348e-07
 -4.726279892492669e-05
 -3.375569874081979e-07
 1.866416562488151e-05
 4.822531710368395e-01
 -1.629201120462856e-06
 6.370442865495420e-01
 7.076381500520367e-01
 -2.515756880530385e-05
 2.144673457898418e-05
 1.607093900795913e-06
 -5.842385400719935e-06
 1.000109162756934e+00
 9.938828155844565e-01
 3.534213530045837e-06
 -2.195106116866133e-06
 1.000000013862401e+00
 1.000234284726071e+00
 3.503814537390813e-05
 -7.869614816772321e-06
 1.000000737661112e+00
 1.000000737661112e+00
 1.000426630423777e+00
 4.610844445727267e-04
 7.205530125729288e-01
 -5.417672485412203e-05
 9.300173545356212e-06
 9.300173545356212e-06
 1.000001323645599e+00
 1.000000081478438e+00
 -7.869614816771311e-06
 1.000234284726054e+00
 7.205530125728786e-01
 -5.417672485410953e-05
 1.000426630423777e+00
 4.610844445727044e-04
 1.607093900794686e-06
 3.503814537389024e-05
 -2.195106116865401e-06
 3.534213530044111e-06
 2.144673457896968e-05
 1.000109162756927e+00
 9.938828155844522e-01
 -5.842385400715758e-06
 -2.515756880529967e-05
 4.822531710367703e-01
 -1.629201120462599e-06
 7.076381500520210e-01
 9.999931850697584e-01
 9.999822041239389e-01
 6.370442865494143e-01
 9.999745334701201e-01
 9.999892091456982e-01
 1.866416562487442e-05
 -4.726279892492527e-05
 -1.096494036126115e-07
 1.494349269490012e-05
 9.738679680470714e-06
 8.110439894295615e-04
 -6.385442019199869e-04
 -5.079904440554734e-06
 9.999972641083246e-01
 1.000508093251045e+00
 1.000286107828531e+00
 4.969130392464203e-04
 1.000522280749885e+00
 1.000178896783020e+00
 -4.988735947881297e-06
 -6.221800271172779e-04
 1.719191366344902e-02
 5.841783505955305e-06
 1.570914115675650e-02
 1.555302801977227e-03
 9.999930557046043e-01
 9.903903972908781e-01
 1.724199134832458e-05
 -3.635014804430398e-05
 3.678794941899169e-05
 -8.188519305779630e-05
 1.570914115675020e-02
 -8.188519305776616e-05
 -3.635014804430295e-05
 3.678794941898662e-05
 5.841783505954238e-06
 1.724199134832319e-05
 9.999930557045978e-01
 9.903903972908717e-01
 1.555302801976047e-03
 -5.079904440552996e-06
 1.719191366343730e-02
 9.999972641083238e-01
 -6.221800271171585e-04
 4.969130392463636e-04
 1.000522280749886e+00
 -4.988735947880033e-06
 9.738679680469547e-06
 1.000178896783020e+00
 8.110439894295228e-04
 1.000286107828532e+00
 1.000508093251044e+00
 -6.385442019197097e-04
 1.494349269489939e-05
 9.999974041542053e-01
 -5.974561856726711e-05
 8.147703488530393e-01
 1.273005600161029e-03
 1.114246924575457e-03
 2.177687894540512e-05
 5.946404046543400e-05
 -5.053373788255378e-04
 -5.275564310855314e-04
 -9.534421857522145e-06
 1.000161088205542e+00
 1.000226527124606e+00
 1.000650546342359e+00
 1.000616036396687e+00
 5.314228225107145e-01
 9.624427676102899e-04
 5.102631174185056e-04
 1.000348712298443e+00
 6.540569672297831e-01
 1.000222033814643e+00
 6.392256416100928e-04
 1.000425943313762e+00
 1.000135087822549e+00
 1.000146963687554e+00
 7.511889598586707e-01
 5.696440826803203e-05
 -3.630712775472196e-05
 5.249523587798738e-01
 -5.359142752311302e-04
 1.000606649696036e+00
 4.131201166788149e-04
 9.685758490484538e-01
 3.540831005938788e-01
 8.259732066704338e-02
 1.000046637397267e+00
 9.999551217374316e-01
 3.945599607476641e-03
 9.999894143778086e-01
 9.761023893687046e-01
 9.999997283616155e-01
 1.000001817637155e+00
 9.999879529940343e-01
 9.982719744517159e-01
 1.959274948994810e-01
 5.546645843144618e-01
 1.000001892109248e+00
 1.000057261613755e+00
 1.000024828092853e+00
 3.067271428342758e-05
 -3.792122319952743e-05
 9.954151217549302e-01
 3.263579050041279e-01
 -2.389282592707989e-04
 1.554083536881965e-02
 1.685371306007241e-05
 1.485872680135384e-05
 9.999974041542021e-01
 1.000000013862401e+00
 1.485872680134893e-05
 9.954151217549301e-01
 1.554083536881697e-02
 3.067271428342400e-05
 1.685371306007067e-05
 -3.792122319952525e-05
 3.263579050041087e-01
 -2.389282592707775e-04
 9.999997283616155e-01
 1.000001817637152e+00
 1.000001892109245e+00
 1.000024828092847e+00
 9.999894143778042e-01
 1.000057261613749e+00
 5.546645843143408e-01
 9.999879529940300e-01
 9.982719744517147e-01
 1.959274948994301e-01
 9.761023893686884e-01
 9.624427676096542e-04
 3.945599607473922e-03
 9.685758490484325e-01
 1.000046637397259e+00
 9.999551217374283e-01
 3.540831005937189e-01
 8.259732066698992e-02
 4.131201166787494e-04
 5.696440826802139e-05
 -3.630712775471793e-05
 5.249523587798213e-01
 1.000650546342359e+00
 1.000606649696036e+00
 -5.053373788253751e-04
 -5.359142752309935e-04
 -9.534421857519102e-06
 7.511889598586624e-01
 1.000222033814645e+00
 6.392256416100406e-04
 1.000135087822549e+00
 1.000146963687554e+00
 1.000425943313762e+00
 6.540569672297577e-01
 5.314228225105948e-01
 1.000161088205541e+00
 1.000348712298440e+00
 5.102631174182125e-04
 1.000616036396685e+00
 1.000226527124603e+00
 5.946404046540718e-05
 -5.275564310853290e-04
 -5.974561856726433e-05
 2.177687894540481e-05
 1.273005600161012e-03
 1.114246924575424e-03
 -1.684469770367926e-04
 -1.270579949412441e-04
 7.538579758932429e-02
 1.010121403368980e-04
 1.534566141115987e-05
 2.061035137876957e-02
 9.991544447564176e-01
 9.791033308063484e-01
 2.822424384030178e-02
 9.846691279445244e-01
 9.832544139632743e-01
 9.944481752968444e-01
 6.201557076066199e-02
 9.931194505792365e-01
 2.565534928672870e-02
 2.232801489597367e-05
 6.084697107889044e-01
 2.891858640332364e-01
 1.000562056748588e+00
 9.999824393580409e-01
 9.495852436038310e-01
 9.999453206308436e-01
 9.990759884673731e-01
 9.999996783320135e-01
 1.000000682767491e+00
 1.000003149054362e+00
 9.999914195707157e-01
 9.999686812051177e-01
 1.000026496337758e+00
 4.477998810685881e-05
 4.477998810685411e-05
 1.000026496337753e+00
 9.999824393580274e-01
 9.999686812051066e-01
 9.999996783320129e-01
 1.000000682767490e+00
 9.495852436038104e-01
 9.990759884673727e-01
 1.000003149054357e+00
 9.999914195707096e-01
 9.999453206308395e-01
 2.891858640330969e-01
 1.000562056748589e+00
 9.991544447564173e-01
 6.084697107887407e-01
 2.232801489596796e-05
 2.565534928672411e-02
 9.832544139632710e-01
 9.931194505792363e-01
 9.944481752968442e-01
 6.201557076065852e-02
 -1.270579949412364e-04
 7.538579758932176e-02
 9.846691279445170e-01
 9.791033308063394e-01
 2.822424384028752e-02
 1.534566141115913e-05
 2.061035137876045e-02
 1.010121403368564e-04
 -1.684469770367865e-04
 -9.644046120355385e-05
 1.380496460659450e-03
 8.072565333668014e-01
 9.134293039954948e-02
 8.524927588072502e-02
 -2.084398558980164e-04
 7.750756502282079e-01
 2.347466155298157e-02
 5.775290717551481e-01
 -1.212839345755240e-03
 5.576853473366863e-02
 4.141560138288462e-02
 9.920572753313045e-01
 9.878780944119264e-01
 9.816392101240843e-01
 9.885701756899871e-01
 3.854475124775433e-02
 9.852477120295824e-01
 9.953233827088058e-01
 9.949543905798499e-01
 6.861676711671059e-02
 7.698095343897512e-01
 9.938467711452753e-01
 5.543814383270919e-01
 -7.931159557627866e-05
 -1.106828419196864e-03
 3.365206766777176e-02
 4.349350412110184e-01
 9.854444380484499e-01
 9.407648977253902e-01
 9.993366048130301e-01
 1.000310191093994e+00
 6.832425096484179e-01
 9.999939155186685e-01
 1.000068793189259e+00
 1.000055468903887e+00
 6.832425096483364e-01
 9.999939155186645e-01
 1.000055468903881e+00
 1.000068793189252e+00
 1.000310191093994e+00
 9.993366048130298e-01
 9.854444380484398e-01
 9.407648977253515e-01
 4.349350412108507e-01
 -1.106828419196680e-03
 -7.931159557626802e-05
 3.854475124774958e-02
 3.365206766776670e-02
 5.543814383270457e-01
 9.938467711452752e-01
 7.698095343897450e-01
 6.861676711670774e-02
 8.072565333667993e-01
 9.953233827088054e-01
 9.949543905798498e-01
 9.885701756899854e-01
 9.852477120295801e-01
 9.816392101240757e-01
 5.775290717550225e-01
 7.750756502280990e-01
 9.920572753312996e-01
 9.878780944119206e-01
 -1.212839345754683e-03
 5.576853473363709e-02
 4.141560138286230e-02
 2.347466155297041e-02
 -9.644046120355263e-05
 1.380496460659397e-03
 -2.084398558980118e-04
 9.134293039954773e-02
 8.524927588072276e-02
 1.306970455048819e-02
 1.047846890654975e-02
 3.594926366675173e-01
 1.646233584188307e-01
 4.566442785629070e-03
 1.975597332266802e-01
 5.470242912115202e-03
 9.061197089796312e-01
 8.859676745093349e-01
 6.229100474000534e-01
 8.933477807114344e-01
 9.793113067276226e-01
 9.812139024196391e-01
 9.096415557457146e-01
 9.585113101394381e-01
 3.366850755110332e-01
 9.543800055722920e-01
 2.079099434179655e-02
 2.285535963199885e-02
 1.569231841632078e-01
 1.751548421997700e-01
 8.804021806143304e-01
 6.626861453651240e-04
 5.010577697923779e-03
 1.971518077130207e-01
 4.644440086905133e-03
 8.679375821084738e-01
 9.993792891737331e-01
 7.712761950898089e-01
 1.000072540903703e+00
 1.000238127451767e+00
 9.935447481935699e-01
 9.973394248195196e-01
 9.984382849100193e-01
 1.000228338454814e+00
 9.999862502532374e-01
 1.000228338454807e+00
 9.999862502532352e-01
 9.973394248195175e-01
 9.993792891737351e-01
 1.000072540903705e+00
 1.000238127451768e+00
 9.984382849100183e-01
 9.935447481935653e-01
 7.712761950896883e-01
 8.679375821083947e-01
 4.644440086904345e-03
 1.751548421997454e-01
 2.079099434179162e-02
 2.285535963199413e-02
 6.626861453650364e-04
 6.229100474000240e-01
 1.971518077129985e-01
 5.010577697923068e-03
 9.793113067276176e-01
 9.812139024196349e-01
 8.804021806143094e-01
 8.933477807114176e-01
 1.569231841631816e-01
 9.543800055722906e-01
 9.585113101394371e-01
 3.366850755110243e-01
 1.047846890654932e-02
 3.594926366675097e-01
 9.096415557457033e-01
 8.859676745092842e-01
 9.061197089795859e-01
 5.470242912112153e-03
 4.566442785626696e-03
 1.975597332265951e-01
 1.646233584187616e-01
 1.306970455048777e-02
 1.200937706950751e-02
 3.101754647723330e-02
 4.985504447075292e-01
 1.437295394171542e-01
 1.526755911639158e-01
 1.788148312658314e-01
 6.057925465814701e-01
 5.527614472877236e-01
 8.689987803903461e-01
 3.480865654106285e-01
 7.607446922769763e-01
 7.783001947402739e-01
 7.203651745310145e-02
 1.650383184055420e-01
 5.709355800135817e-01
 5.189087457783730e-03
 1.859256772388876e-01
 3.226234799993936e-02
 8.236656105335673e-01
 9.750072099010080e-01
 9.557233398823078e-01
 9.750072099009912e-01
 9.557233398822791e-01
 8.236656105334674e-01
 3.226234799993405e-02
 5.189087457782919e-03
 1.859256772388642e-01
 5.709355800135397e-01
 1.650383184055166e-01
 7.607446922769688e-01
 7.783001947402683e-01
 7.203651745309879e-02
 3.480865654106207e-01
 4.985504447074172e-01
 8.689987803902923e-01
 6.057925465813431e-01
 5.527614472876005e-01
 1.788148312657553e-01
 3.101754647721816e-02
 1.437295394170965e-01
 1.526755911638530e-01
 1.200937706950707e-02
 3.487472336751259e-02
 7.464283913717408e-02
 3.210942362694927e-01
 3.669297970276014e-01
 3.418598007343296e-01
 5.656203291018085e-01
 1.716464172737026e-01
 5.778003171254629e-01
 3.397123406792255e-01
 3.557010347642538e-01
 7.389376608362527e-02
 8.039647830252998e-02
 1.526513771406214e-02
 9.326331954890912e-01
 9.078549966527506e-01
 9.078549966526932e-01
 9.326331954890477e-01
 1.526513771405970e-02
 8.039647830251793e-02
 3.557010347642167e-01
 7.389376608361317e-02
 3.397123406791857e-01
 1.716464172736973e-01
 3.487472336751132e-02
 5.778003171254548e-01
 5.656203291017994e-01
 3.418598007342156e-01
 7.464283913713880e-02
 3.210942362693857e-01
 3.669297970274796e-01
 1.775492290224027e-01
 3.468332667361205e-01
 5.696024196012024e-01
 7.999955738597481e-02
 3.518785149478073e-01
 8.179834697453424e-02
 1.868333970932213e-01
 1.868333970931972e-01
 8.179834697452161e-02
 3.518785149477696e-01
 7.999955738597207e-02
 5.696024196011942e-01
 3.468332667361123e-01
 1.775492290223299e-01
 9.515797693252498e-04
 -2.927846696280740e-05
 9.515797693250089e-04
 -2.927846696279496e-05
 9.999847635807267e-01
 9.999847635807240e-01
 2.055276821311098e-02
 2.055276821310540e-02
 1.000000449313517e+00
 1.000000449313517e+00
 -1.470503511007202e-04
 -1.470503511006856e-04
 -7.840121353236297e-04
 -7.840121353234227e-04
 8.171094854230489e-02
 1.791779937820239e-01
 1.812097031004270e-01
 8.171094854230246e-02
 1.791779937820190e-01
 1.812097031004219e-01
 1.000070187190539e+00
 1.000269091664955e+00
 9.662416021216965e-01
 8.841797840309001e-01
 1.000070187190536e+00
 1.000269091664952e+00
 9.662416021216863e-01
 8.841797840308651e-01
 7.984161416159696e-01
 9.617861087454104e-01
 7.984161416159661e-01
 9.617861087454096e-01
 4.313620179253286e-03
 4.313620179252412e-03
 5.390437080930754e-01
 5.390437080930262e-01
 1.760953125461706e-01
 1.760953125461455e-01
 6.843145272216562e-02
 6.843145272213406e-02
 8.855732779484083e-01
 7.703613846809165e-01
 9.345432538904036e-01
 9.042227310089029e-01
 9.516390624989817e-01
 8.855732779483360e-01
 7.703613846807933e-01
 9.345432538903609e-01
 9.042227310088428e-01
 9.516390624989496e-01
 3.486491975665499e-02
 3.486491975665384e-02
 3.579964931784280e-01
 3.579964931784205e-01
 1.000135131567461e+00
 9.999899216874923e-01
 1.000135131567459e+00
 9.999899216874917e-01
 3.252910291800048e-01
 3.369181189199353e-01
 3.252910291799626e-01
 3.369181189198952e-01
 4.643943325581937e-01
 4.643943325581074e-01
 -8.586992883216172e-04
 3.877155451870950e-03
 -8.586992883212649e-04
 3.877155451869074e-03
 5.134166300338938e-01
 5.134166300337777e-01
 4.480489728063622e-01
 4.480489728062926e-01
 1.644704741072013e-01
 1.644704741071348e-01
 1.006827683562160e-04
 1.006827683561933e-04
 3.793397547550613e-01
 3.699470584121826e-01
 5.892216855255308e-01
 5.811526489146066e-01
 3.793397547550555e-01
 3.699470584121757e-01
 5.892216855255232e-01
 5.811526489145989e-01
 8.401975642651652e-02
 8.401975642651394e-02
 2.931633209595999e-02
 6.954503553300474e-02
 7.538592862426576e-02
 2.931633209595437e-02
 6.954503553299238e-02
 7.538592862425307e-02
 5.007672921374606e-01
 5.007672921374002e-01
 3.040248930772799e-01
 3.040248930771795e-01
 7.148038646593562e-01
 7.148038646592931e-01
 1.865591021875158e-01
 1.892994058696156e-01
 9.894363857236431e-01
 9.894363857236357e-01
 1.865591021875111e-01
 1.892994058696107e-01
 8.018880151884104e-01
 9.987563505798016e-01
 9.994751084000960e-01
 8.018880151882988e-01
 9.987563505798017e-01
 9.994751084000956e-01
 9.604628091007581e-01
 1.901799343898749e-01
 7.057591658569456e-02
 7.172988871128937e-03
 9.604628091007507e-01
 1.901799343898423e-01
 7.057591658567845e-02
 7.172988871127086e-03
 1.669749396106570e-01
 1.669749396106309e-01
 9.992404770421438e-01
 9.898523784715101e-01
 9.992404770421434e-01
 9.898523784715066e-01
 2.651521079990386e-02
 6.341711165206967e-02
 2.651521079989172e-02
 6.341711165204129e-02
 1.852122536036068e-03
 1.407775717866200e-02
 1.499594305702828e-02
 3.468455079662020e-02
 3.649109888190540e-02
 1.852122536036029e-03
 1.407775717866166e-02
 1.499594305702785e-02
 3.468455079661917e-02
 3.649109888190426e-02
 9.646968650747872e-01
 9.646968650747634e-01
 3.686956056499154e-01
 3.686956056499083e-01
 7.926521400046336e-01
 7.926521400046296e-01
 1.430620710913242e-01
 1.492178289633991e-01
 3.123875218523559e-01
 3.236500677823032e-01
 1.430620710912964e-01
 1.492178289633723e-01
 3.123875218523119e-01
 3.236500677822612e-01
 1.539533781135083e-01
 1.539533781134475e-01
 8.802033913276569e-02
 2.042991557490833e-01
 2.042991557490407e-01
 8.802033913276325e-02
 5.371824392353113e-03
 5.371824392352009e-03
 5.994693133692073e-01
 5.994693133692011e-01
 6.582493537608884e-02
 7.246167620033549e-02
 6.582493537607627e-02
 7.246167620032233e-02
 9.980622652430557e-01
 9.980622652430537e-01
 1.813016474561338e-02
 1.891555988635026e-02
 1.308592632801129e-01
 1.362011696085357e-01
 2.902262038655835e-01
 1.813016474560650e-02
 1.891555988634248e-02
 1.308592632800635e-01
 1.362011696084826e-01
 2.902262038654892e-01
 -8.634126591853670e-04
 3.863139009155251e-03
 -8.634126591851757e-04
 3.863139009154355e-03
 9.983650676767926e-01
 9.913171841671667e-01
 8.923077959773948e-01
 8.208175132009891e-01
 9.983650676767922e-01
 9.913171841671649e-01
 8.923077959773685e-01
 8.208175132009464e-01
 8.835324874107583e-02
 1.931423981434258e-01
 1.962613340720351e-01
 8.835324874107384e-02
 1.931423981434217e-01
 1.962613340720305e-01
 3.601154637898913e-02
 3.798310973416204e-02
 3.601154637898819e-02
 3.798310973416100e-02
 5.961078342386351e-02
 9.978888885923481e-01
 1.014524422815571e-01
 6.859166312525488e-04
 -6.527495258245656e-04
 1.014524422815456e-01
 6.859166312524457e-04
 -6.527495258244560e-04
 9.978888885923471e-01
 5.961078342383769e-02
 1.590125386243500e-01
 1.590125386243232e-01
 3.713534313817328e-05
 3.713534313816113e-05
 2.140787356202537e-02
 1.224795596837554e-02
 2.140787356202062e-02
 1.224795596837255e-02
 3.463619717792273e-03
 3.463619717790722e-03
 5.924897406302438e-01
 5.924897406301799e-01
 9.705783511597063e-01
 9.548122365622332e-01
 9.705783511596859e-01
 9.548122365622033e-01
 3.783651570188976e-01
 3.783651570188916e-01
 9.067638785264808e-05
 9.067638785261584e-05
 9.788102597644387e-01
 9.371960000791374e-01
 9.788102597644327e-01
 9.371960000791203e-01
 9.143910272085619e-02
 9.143910272085398e-02
 8.865211728248231e-01
 4.411490033836916e-01
 3.121175133383557e-01
 8.865211728248006e-01
 4.411490033836342e-01
 3.121175133383027e-01
 4.491118904951628e-01
 4.491118904950998e-01
 1.327733532030353e-03
 -2.274607060445734e-04
 -2.274607060445718e-04
 1.456560126889747e-01
 1.456560126889186e-01
 2.636931276765746e-02
 6.251076132712625e-02
 6.756425846411548e-02
 2.636931276765165e-02
 6.251076132711345e-02
 6.756425846410231e-02
 9.662131235556012e-01
 9.392287755284732e-01
 8.224463010540699e-01
 9.662131235555935e-01
 9.392287755284585e-01
 8.224463010540317e-01
 1.513021262896063e-03
 1.513021262895770e-03
 9.920072628997519e-02
 9.606986269356840e-02
 1.501487305865261e-02
 1.623473951284906e-02
 9.920072628997458e-02
 9.606986269356731e-02
 1.501487305865236e-02
 1.623473951284872e-02
 9.975134237809204e-01
 9.978215409414685e-01
 7.305465266164685e-01
 9.495448247879310e-01
 9.148663942790052e-05
 1.205039789515526e-01
 4.248427293956117e-02
 1.205039789515283e-01
 4.248427293955154e-02
 9.148663942787409e-05
 7.305465266164570e-01
 9.495448247879288e-01
 9.975134237809192e-01
 9.978215409414668e-01
 3.736541706162902e-02
 3.908581449379787e-02
 3.736541706162820e-02
 3.908581449379693e-02
 6.550716202304444e-01
 6.550716202303882e-01
 2.002975375445338e-01
 2.002975375444955e-01
 9.869055398094676e-01
 9.869055398094591e-01
 9.912519736040861e-01
 9.900409080892481e-01
 9.912519736040853e-01
 9.900409080892468e-01
 6.060822564976254e-01
 6.060822564975923e-01
 2.382946181955800e-02
 2.382946181954785e-02
 -7.611347647465619e-04
 3.137459289652269e-01
 3.252493915787901e-01
 5.530539433347206e-01
 5.575833045066348e-01
 3.137459289652162e-01
 3.252493915787804e-01
 5.530539433347103e-01
 5.575833045066253e-01
 -7.611347647462910e-04
 7.050050588734122e-01
 9.299539931582553e-01
 7.050050588732891e-01
 9.299539931582180e-01
 9.922787615042346e-01
 8.188741690106993e-01
 5.884374608851766e-01
 5.188745775028925e-01
 8.188741690106641e-01
 5.884374608851181e-01
 5.188745775028325e-01
 9.922787615042332e-01
 3.948654876734824e-01
 3.876706425630207e-01
 1.991052794423972e-01
 2.025173365262591e-01
 9.944513147216502e-01
 3.722544565599006e-02
 8.271794821139911e-02
 3.722544565597070e-02
 8.271794821135899e-02
 9.944513147216472e-01
 3.948654876734782e-01
 3.876706425630159e-01
 1.991052794423936e-01
 2.025173365262552e-01
 9.204361200517038e-01
 1.838123343392717e-02
 1.928633033554929e-02
 3.530350569132765e-03
 3.724618607549736e-01
 3.678988669228956e-01
 3.724618607549393e-01
 3.678988669228607e-01
 1.838123343392151e-02
 1.928633033554404e-02
 3.530350569131825e-03
 9.204361200516952e-01
 2.032238651223860e-03
 2.032238651223846e-03
 6.265419120927693e-01
 3.945607517788171e-01
 6.079602719893767e-02
 3.758006367129944e-02
 9.880983873555418e-02
 9.880983873553333e-02
 6.265419120927329e-01
 3.945607517787743e-01
 6.079602719892668e-02
 3.758006367129185e-02
 -7.702280693182168e-04
 7.411372668203386e-01
 7.411372668203289e-01
 -7.702280693179944e-04
 3.243977133861068e-03
 9.439247334742183e-01
 1.219771971356977e-01
 1.869837556879161e-01
 6.495565055031495e-01
 7.126216471415331e-01
 8.775745597492851e-01
 1.219771971356279e-01
 1.869837556878141e-01
 6.495565055029958e-01
 7.126216471413939e-01
 8.775745597492113e-01
 9.439247334742148e-01
 3.243977133859728e-03
 8.413093108423898e-01
 9.782493715330318e-01
 1.939388671970206e-01
 1.644713646134644e-01
 1.739259973727503e-01
 9.834618464111877e-01
 9.834618464111757e-01
 1.644713646134586e-01
 1.739259973727447e-01
 1.939388671969400e-01
 8.413093108423042e-01
 9.782493715330178e-01
 9.488089257701345e-01
 4.965154273735949e-02
 6.822185324886989e-01
 9.296067963084532e-01
 3.585831098007597e-02
 9.520208672888698e-01
 9.520208672888373e-01
 3.585831098007038e-02
 4.965154273735503e-02
 6.822185324886788e-01
 9.296067963084470e-01
 9.488089257701051e-01
 9.658325552777833e-01
 2.465030639256819e-01
 2.199683814510001e-01
 3.967922345459514e-01
 9.373488790918476e-01
 9.195890366113804e-01
 9.195890366113297e-01
 9.373488790918425e-01
 2.465030639255755e-01
 2.199683814509048e-01
 3.967922345458216e-01
 9.658325552777621e-01
 9.459615219251778e-02
 6.705496322096648e-01
 5.659244689032981e-02
 3.356803741413236e-01
 3.356803741413146e-01
 6.705496322095383e-01
 5.659244689030613e-02
 9.459615219251588e-02
 9.379881330092205e-02
 3.855759163657920e-02
 1.570605691848914e-02
 1.703285410099782e-02
 4.082400835816199e-02
 4.392921686087538e-02
 2.202233904154536e-01
 6.388791669123393e-01
 5.401157184885286e-01
 5.452108496495114e-01
 3.601414215703903e-02
 8.590646608766966e-02
 1.978550488737870e-01
 8.745731654269591e-02
 3.785211541235518e-01
 3.785211541234971e-01
 3.601414215703416e-02
 8.590646608765802e-02
 8.745731654268367e-02
 1.978550488737641e-01
 5.401157184885171e-01
 5.452108496495008e-01
 4.392921686087072e-02
 2.202233904154333e-01
 6.388791669123118e-01
 1.570605691848900e-02
 9.379881330092051e-02
 3.855759163657849e-02
 4.082400835816118e-02
 1.703285410099759e-02
 3.309310952821761e-03
 2.086312619034388e-01
 3.894260748691793e-01
 3.844355307711924e-01
 2.086312619034180e-01
 3.894260748691482e-01
 3.844355307711605e-01
 3.309310952820757e-03
 1.795256058310916e-02
 3.159161775001615e-03
 5.568342136234929e-02
 2.905176621587555e-01
 7.193943748891387e-01
 8.414003228332834e-01
 6.859901061211833e-02
 5.668629279636739e-02
 6.859901061210430e-02
 5.668629279635529e-02
 8.414003228331921e-01
 5.568342136234515e-02
 2.905176621587414e-01
 7.193943748891247e-01
 1.795256058310299e-02
 3.159161775000421e-03
 1.003048732674498e-01
 1.608268408141317e-02
 3.184554347252057e-03
 4.309037094320717e-01
 7.907547109502210e-02
 3.145434410652593e-01
 7.400321529203315e-01
 5.219879242443215e-01
 8.708356307622724e-01
 3.021633358960458e-01
 5.267884207494954e-01
 3.021633358960334e-01
 5.267884207494822e-01
 4.309037094319341e-01
 5.219879242441584e-01
 8.708356307621985e-01
 7.907547109497637e-02
 3.145434410651285e-01
 7.400321529202147e-01
 3.184554347250973e-03
 1.608268408141312e-02
 4.070893078839974e-01
 8.093281023665814e-01
 9.474926632317117e-02
 2.147066115381668e-01
 2.435975580833374e-01
 6.684984649454632e-01
 4.061160755530691e-01
 2.670852582767369e-01
 6.952601101745721e-01
 5.324757137776838e-01
 1.327709090902464e-01
 2.422470929176492e-02
 9.943599358802107e-01
 9.943599358802069e-01
 1.327709090902164e-01
 2.422470929175877e-02
 5.324757137776718e-01
 2.670852582767201e-01
 6.952601101745540e-01
 4.061160755530397e-01
 2.435975580833187e-01
 6.684984649454405e-01
 9.474926632312401e-02
 2.147066115380769e-01
 4.070893078838453e-01
 8.093281023664837e-01
 1.775418408509612e-02
 3.959222879820492e-02
 4.161151229868704e-02
 9.763345129065812e-01
 4.665338111947641e-01
 1.237196004173426e-01
 2.237003217915466e-02
 2.777991684632155e-01
 4.690399487746184e-01
 4.008220550093228e-01
 1.113851063142842e-03
 9.434383752088840e-03
 6.530819168874434e-02
 1.573858848618243e-01
 3.244559152258785e-01
 1.667530268157646e-01
 5.130614771223773e-01
 1.372333154182103e-01
 5.974002379372222e-02
 5.851431028012831e-01
 7.998023776912989e-01
 5.851431028011214e-01
 7.998023776911908e-01
 1.372333154181817e-01
 5.974002379370908e-02
 5.130614771223615e-01
 1.113851063142771e-03
 9.434383752088339e-03
 6.530819168874120e-02
 1.573858848618180e-01
 1.667530268157586e-01
 3.244559152258686e-01
 4.008220550092936e-01
 2.777991684630968e-01
 4.690399487744738e-01
 9.763345129065724e-01
 4.665338111946689e-01
 1.237196004172990e-01
 2.237003217914584e-02
 3.959222879820435e-02
 4.161151229868633e-02
 1.775418408509601e-02
 1.784534738363634e-02
 2.043935521977147e-01
 9.740944166059924e-02
 7.541327293171592e-01
 2.318838823861981e-01
 4.224793496548208e-01
 9.171850536875609e-02
 2.092371262820054e-01
 1.096243613241998e-02
 3.322610413912565e-02
 7.636650783557059e-02
 6.553527055703051e-02
 6.553527055701676e-02
 1.096243613241947e-02
 3.322610413912429e-02
 7.636650783556764e-02
 9.171850536874497e-02
 2.092371262819840e-01
 2.318838823861785e-01
 4.224793496547927e-01
 7.541327293170363e-01
 2.043935521977116e-01
 9.740944166059756e-02
 1.000562008647526e+00
 9.963296355517947e-01
 8.128008289667155e-01
 4.057738608803909e-01
 9.775558888877438e-02
 4.046481146453799e-02
 1.264360272827673e-01
 5.436956683281668e-02
 5.109425725758314e-01
 3.574708302759955e-01
 5.564499457412557e-01
 4.621954856925658e-01
 7.054909576790502e-01
 6.238278615403218e-06
 -6.822051071776138e-05
 -1.293359403978725e-04
 9.871843017504084e-04
 6.790479260458254e-03
 4.773752332397995e-02
 1.077054738586913e-01
 2.389552170049495e-01
 2.788163288967519e-01
 4.844026609815967e-01
 4.385047744628590e-01
 4.168884968354030e-01
 5.193581394658212e-01
 4.989318516847613e-01
 8.685245453610921e-01
 5.121812794491778e-01
 3.008844117419404e-01
 1.520022081777004e-01
 9.331110217198992e-02
 9.331110217197819e-02
 8.685245453610660e-01
 5.121812794491214e-01
 3.008844117418946e-01
 1.520022081776728e-01
 2.788163288967363e-01
 4.989318516847430e-01
 5.193581394658073e-01
 4.168884968353750e-01
 4.385047744628330e-01
 4.844026609815762e-01
 6.238278615399450e-06
 -6.822051071771647e-05
 -1.293359403977914e-04
 9.871843017497937e-04
 6.790479260454241e-03
 4.773752332395356e-02
 1.077054738586368e-01
 2.389552170048496e-01
 4.621954856924061e-01
 7.054909576789156e-01
 3.574708302758534e-01
 5.564499457411043e-01
 5.109425725756820e-01
 1.264360272827210e-01
 5.436956683279472e-02
 9.963296355517945e-01
 8.128008289667145e-01
 4.057738608803887e-01
 9.775558888877357e-02
 4.046481146453755e-02
 4.118391218476767e-02
 4.301364497617019e-02
 2.081703834811086e-01
 1.209364368807269e-01
 2.180747822279708e-02
 9.766509151948923e-01
 4.699153461389301e-01
 1.257032095109034e-01
 2.277559896672349e-02
 6.050505954553940e-01
 6.553258111139352e-01
 2.553365985828849e-01
 4.694810687959378e-01
 4.541772042816716e-01
 4.326162229772313e-01
 5.761594557914415e-03
 4.120991135824374e-02
 9.772962016537456e-02
 2.207490454197991e-01
 5.058554305227705e-01
 1.503744087425888e-01
 3.131425022523061e-01
 5.731690928742893e-02
 1.616473711550502e-02
 3.815281793819592e-02
 6.953124497911535e-01
 5.747126522496749e-01
 3.020206115002218e-01
 2.541972395543274e-01
 6.953124497911115e-01
 5.747126522496220e-01
 3.020206115001749e-01
 2.541972395542848e-01
 1.616473711550268e-02
 3.815281793819053e-02
 5.731690928741535e-02
 1.503744087425817e-01
 3.131425022522948e-01
 5.058554305227539e-01
 5.761594557913722e-03
 4.120991135823902e-02
 9.772962016536371e-02
 2.207490454197785e-01
 4.326162229772050e-01
 2.553365985828671e-01
 4.541772042816475e-01
 4.694810687959154e-01
 6.553258111137916e-01
 6.050505954552449e-01
 9.766509151948852e-01
 4.699153461388526e-01
 1.257032095108708e-01
 2.277559896671690e-02
 1.209364368806877e-01
 2.180747822278921e-02
 2.081703834811053e-01
 4.301364497616966e-02
 4.118391218476736e-02
 4.117415787414651e-01
 9.992882899583339e-02
 4.166504775278080e-02
 4.009170596798390e-01
 2.089553082686972e-01
 9.984895204732280e-02
 1.217260659294226e-01
 2.196794978912230e-02
 1.236702940089240e-01
 2.675125452606612e-01
 4.919613968032094e-01
 4.480016134662539e-01
 1.596568979533047e-01
 8.427186496245711e-03
 5.883700484201478e-02
 1.434395283938253e-01
 3.017423570281701e-01
 9.872132756904125e-01
 9.872132756904034e-01
 4.919613968031906e-01
 8.427186496245114e-03
 5.883700484201093e-02
 1.434395283938174e-01
 3.017423570281572e-01
 1.596568979532981e-01
 4.480016134662294e-01
 1.236702940088605e-01
 2.675125452605501e-01
 1.217260659293872e-01
 2.196794978911515e-02
 4.009170596798359e-01
 2.089553082686945e-01
 9.984895204732142e-02
 4.117415787414641e-01
 9.992882899583305e-02
 4.166504775278060e-02
 4.189301285529134e-02
 6.084846735554266e-01
 3.869999863428530e-01
 4.345930804996656e-02
 5.271928694968574e-02
 9.773480232587018e-01
 8.563152562737328e-01
 4.866274737401730e-01
 2.792596040753005e-01
 1.391450749238072e-01
 1.038920955433033e-01
 2.323177535835651e-01
 9.940612853839377e-02
 4.630265621768528e-01
 4.776847235543207e-01
 3.159661923576464e-02
 7.277771550135444e-02
 1.365858427166251e-01
 2.902651585288444e-01
 6.171931512097203e-02
 6.171931512095814e-02
 1.365858427166165e-01
 2.902651585288297e-01
 3.159661923576318e-02
 7.277771550135126e-02
 4.630265621768302e-01
 4.776847235543000e-01
 9.940612853838253e-02
 1.038920955432926e-01
 2.323177535835451e-01
 9.773480232586926e-01
 8.563152562736789e-01
 4.866274737400651e-01
 2.792596040752117e-01
 1.391450749237551e-01
 5.271928694966521e-02
 4.345930804996619e-02
 6.084846735554214e-01
 3.869999863428478e-01
 4.189301285529127e-02
 4.452168012683753e-02
 2.127479655705422e-01
 1.018893961243937e-01
 1.216182418131891e-01
 5.164101356200849e-02
 -1.002404577588000e-04
 8.725874456398491e-04
 7.476539196973154e-03
 5.265011215646972e-02
 1.298264585160326e-01
 2.787269074508715e-01
 6.589787888166683e-03
 4.676872662915619e-02
 1.166212598325640e-01
 2.555354130298416e-01
 1.231687006996126e-01
 2.671443179749374e-01
 1.101916537348548e-01
 2.439195770473107e-01
 1.526087702233102e-01
 1.286018297670603e-01
 5.533962185501038e-02
 5.953473268221776e-03
 1.733149689077937e-02
 4.083796069265530e-02
 5.953473268221002e-03
 1.733149689077710e-02
 4.083796069265011e-02
 1.286018297670291e-01
 5.533962185499629e-02
 1.526087702233027e-01
 -1.002404577587905e-04
 8.725874456397635e-04
 6.589787888165996e-03
 4.676872662915162e-02
 1.101916537348443e-01
 2.439195770472917e-01
 7.476539196972498e-03
 5.265011215646541e-02
 1.231687006996029e-01
 2.671443179749202e-01
 1.166212598325539e-01
 2.555354130298235e-01
 1.298264585160232e-01
 2.787269074508554e-01
 1.216182418131478e-01
 5.164101356198916e-02
 2.127479655705403e-01
 1.018893961243927e-01
 4.452168012683726e-02
 4.500639853752450e-02
 4.447189277234932e-02
 2.130663047784394e-01
 5.369381801656873e-02
 5.100417456175220e-02
 1.056675206677155e-01
 1.456380512189213e-01
 3.116169667348103e-01
 1.010527971328836e-02
 1.010527971328643e-02
 3.116169667347664e-01
 1.456380512189130e-01
 1.056675206677044e-01
 5.100417456173393e-02
 5.369381801655413e-02
 2.130663047784365e-01
 4.447189277234918e-02
 4.094444141392657e-01
 2.178321006918934e-01
 1.046361096978438e-01
 2.157339839083792e-01
 1.035090092333994e-01
 1.230991065205723e-01
 5.245056514388650e-02
 1.206902719795342e-01
 5.079557313729874e-02
 5.098071262108153e-02
 5.152976581506313e-02
 1.387295250777160e-01
 1.855439187794152e-02
 4.365567240583542e-02
 1.120524153567311e-01
 1.185684564129129e-01
 9.885399166705090e-03
 2.999064696216616e-02
 6.925028711565318e-02
 2.907619616697897e-01
 1.459420480410579e-01
 6.045898424346980e-02
 1.000039389217215e+00
 1.000692747384480e+00
 9.949703712137755e-01
 7.121667155868930e-01
 6.487993734819921e-01
 7.121667155868460e-01
 6.487993734819398e-01
 1.000039389217216e+00
 1.000692747384482e+00
 9.949703712137715e-01
 6.045898424345512e-02
 2.907619616697416e-01
 1.459420480410292e-01
 1.387295250777069e-01
 9.885399166704487e-03
 2.999064696216453e-02
 6.925028711564964e-02
 1.185684564129024e-01
 1.120524153567203e-01
 1.855439187793928e-02
 4.365567240583031e-02
 1.230991065205384e-01
 5.152976581504735e-02
 1.206902719794971e-01
 5.098071262106504e-02
 5.079557313728139e-02
 5.245056514387136e-02
 4.094444141392638e-01
 2.157339839083779e-01
 1.035090092333987e-01
 2.178321006918925e-01
 1.046361096978433e-01
 4.124880434553173e-01
 2.188981967229881e-01
 1.052052462338583e-01
 2.172607681138175e-01
 9.955876382671250e-01
 9.641546077857965e-01
 8.032756677841187e-01
 6.162636018090523e-01
 3.945595716498383e-01
 2.708082189406543e-01
 1.342061237143182e-01
 1.319170975030618e-01
 1.251869753815349e-01
 2.843031079078469e-02
 6.579020053069144e-02
 5.754411737370958e-02
 9.983957357244490e-01
 9.782928203380007e-01
 9.782928203379856e-01
 9.983957357244475e-01
 5.754411737369465e-02
 2.843031079078291e-02
 6.579020053068754e-02
 1.251869753815247e-01
 1.319170975030521e-01
 2.708082189405706e-01
 1.342061237142695e-01
 2.172607681138154e-01
 9.955876382671249e-01
 9.641546077857961e-01
 8.032756677841157e-01
 6.162636018090474e-01
 3.945595716498339e-01
 2.188981967229878e-01
 1.052052462338581e-01
 2.206171690020696e-01
 5.700653529691426e-02
 5.420858282229676e-02
 6.791271320878920e-03
 1.983549020888393e-02
 4.657041515276560e-02
 2.115240138167571e-02
 4.957119524087748e-02
 8.745267760836974e-03
 2.687421282060338e-02
 6.239078908784911e-02
 9.777829914094505e-01
 8.583894036940395e-01
 4.907697563997614e-01
 2.819613140152348e-01
 1.407174071364052e-01
 9.777829914094450e-01
 8.583894036940082e-01
 4.907697563996965e-01
 2.819613140151840e-01
 1.407174071363754e-01
 8.745267760836280e-03
 2.687421282060144e-02
 6.239078908784481e-02
 6.791271320878157e-03
 2.115240138167350e-02
 4.957119524087249e-02
 1.983549020888170e-02
 4.657041515276052e-02
 5.420858282227714e-02
 5.700653529689845e-02
 2.206171690020682e-01
 2.247527978331243e-01
 6.228114338988618e-01
 4.010056216002107e-01
 2.231896705114973e-01
 8.483424048827882e-01
 4.708073784059004e-01
 2.645688750719415e-01
 1.305841705716952e-01
 5.469325353045912e-02
 5.375924257421069e-02
 5.491513203397012e-02
 5.507566922112182e-02
 2.539115382616656e-02
 5.907180486718754e-02
 7.783595622148200e-03
 2.394049170610063e-02
 5.582747462829670e-02
 2.253967710862164e-02
 5.266227165525669e-02
 7.783595622147454e-03
 2.253967710861948e-02
 5.266227165525183e-02
 2.394049170609853e-02
 5.582747462829200e-02
 2.539115382616453e-02
 5.907180486718299e-02
 5.507566922110468e-02
 5.375924257419305e-02
 5.491513203395400e-02
 5.469325353044020e-02
 8.483424048827369e-01
 4.708073784058013e-01
 2.645688750718620e-01
 1.305841705716495e-01
 2.231896705114961e-01
 6.228114338988581e-01
 4.010056216002071e-01
 2.247527978331236e-01
 2.253051565795800e-01
 2.603203055726689e-01
 1.281443945659846e-01
 2.744826459506367e-01
 1.363365961928580e-01
 2.744826459505830e-01
 1.363365961928268e-01
 2.603203055725933e-01
 1.281443945659414e-01
 9.656102101393738e-01
 8.103911224534994e-01
 6.281398026256023e-01
 4.063108828627467e-01
 8.506507429327800e-01
 4.752704395275056e-01
 2.683031838027772e-01
 1.327374959595184e-01
 9.761696937658071e-01
 8.450234139154622e-01
 4.644353874168629e-01
 2.570480496703381e-01
 1.262670389014704e-01
 2.578618711699197e-01
 1.267333176685230e-01
 2.634431687938750e-01
 1.299373812038206e-01
 3.010852042538453e-01
 1.583786627354121e-01
 1.583786627353832e-01
 3.010852042537992e-01
 8.506507429327422e-01
 4.752704395274322e-01
 2.634431687938161e-01
 1.299373812037868e-01
 9.761696937657989e-01
 8.450234139154142e-01
 4.644353874167719e-01
 2.578618711698478e-01
 1.267333176684820e-01
 2.570480496702697e-01
 1.262670389014315e-01
 2.683031838027210e-01
 1.327374959594859e-01
 9.656102101393732e-01
 8.103911224534974e-01
 6.281398026255994e-01
 4.063108828627440e-01
 9.958176148288935e-01
 9.675947363124202e-01
 8.145455066628829e-01
 6.367623802773805e-01
 4.148770715912881e-01
 6.322816119586673e-01
 4.104600829860416e-01
 6.353005978679521e-01
 4.133993736097689e-01
 8.459798709006526e-01
 4.662480323937938e-01
 2.599130150916981e-01
 1.279063125996826e-01
 2.577615245682320e-01
 1.266752481309719e-01
 9.921441943108880e-01
 2.287016809107914e-02
 2.287016809107470e-02
 9.921441943108820e-01
 8.459798709006100e-01
 4.662480323937118e-01
 2.577615245681671e-01
 1.266752481309349e-01
 2.599130150916363e-01
 1.279063125996473e-01
 9.675947363124199e-01
 8.145455066628821e-01
 6.353005978679507e-01
 4.133993736097675e-01
 6.322816119586653e-01
 4.104600829860398e-01
 6.367623802773803e-01
 4.148770715912878e-01
 2.732585907298153e-01
 2.732585907297349e-01
 2.917206230196930e-01
 2.917206230196445e-01
 2.681659768954177e-01
 2.837794238083282e-01
 5.081851534603231e-01
 5.081851534602685e-01
 2.837794238082767e-01
 2.681659768953412e-01
 2.648172097000061e-01
 2.769905019807671e-01
 2.769905019807131e-01
 2.648172096999333e-01
 2.631761567835055e-01
 2.632702018359263e-01
 2.674075370024227e-01
 2.646537014981691e-01
 2.716071825092224e-01
 2.631761567834399e-01
 2.674075370023632e-01
 2.716071825091656e-01
 2.646537014981067e-01
 2.632702018358569e-01
 2.830550326060484e-01
 1.118787897721478e-01
 9.277408442971929e-02
 2.830550326060091e-01
 1.118787897721278e-01
 9.277408442970179e-02
 4.402792764939543e-02
 4.662042966618764e-03
 4.402792764938908e-02
 4.662042966618019e-03
 4.232398452766258e-01
 3.648702555052360e-01
 4.232398452765757e-01
 3.648702555051879e-01
 9.741793249616315e-01
 9.741793249616140e-01
 9.992273266229235e-01
 9.944435618747496e-01
 9.825770957359319e-01
 9.992273266229231e-01
 9.944435618747456e-01
 9.825770957359199e-01
 5.213538491335420e-02
 5.213538491334434e-02
 2.400382084879371e-01
 2.400382084879010e-01
 1.523438799387242e-01
 9.964308508433418e-02
 3.502888991593842e-02
 1.523438799387028e-01
 9.964308508431825e-02
 3.502888991593220e-02
 1.737112265819055e-01
 1.457359917810232e-01
 1.737112265818789e-01
 1.457359917809996e-01
 4.412431862400303e-03
 2.152686845200249e-03
 4.412431862399854e-03
 2.152686845199976e-03
 8.360975443991110e-02
 2.852967088384935e-02
 2.852967088384483e-02
 8.360975443989710e-02
 9.567723106603798e-01
 9.996595500009898e-01
 1.000009286579935e+00
 9.996595500009824e-01
 1.000009286579930e+00
 9.567723106603510e-01
 9.387681155300910e-01
 9.387681155300514e-01
 5.400231524889126e-02
 4.555374456371646e-02
 5.400231524888258e-02
 4.555374456370884e-02
 9.168350718188562e-01
 9.168350718188043e-01
 8.884312743694636e-01
 8.884312743693967e-01
 8.547077896206748e-01
 1.003822407205404e-02
 7.320213621199991e-03
 1.003822407205266e-02
 7.320213621198901e-03
 8.547077896205911e-01
 -7.738868672202676e-05
 -7.738868672201779e-05
 8.149120009637227e-01
 8.149120009636226e-01
 9.941331693760488e-01
 9.941331693760452e-01
 7.711989027588410e-01
 7.711989027587256e-01
 9.821625416519247e-01
 9.586614484752636e-01
 9.821625416519130e-01
 9.586614484752364e-01
 7.243804022745636e-01
 7.243804022744365e-01
 1.695014303398388e-02
 1.695014303398129e-02
 9.905821113678391e-01
 9.757437608387886e-01
 9.439581592197379e-01
 9.905821113678327e-01
 9.757437608387721e-01
 9.439581592197017e-01
 6.756312813217055e-01
 1.000021720772314e+00
 1.000021720772313e+00
 6.756312813215688e-01
 9.890451949718257e-01
 9.988714889696747e-01
 -1.166162022182644e-05
 -1.166162022182694e-05
 9.890451949718208e-01
 9.988714889696739e-01
 6.264423368310117e-01
 6.264423368308687e-01
 9.693513161025061e-01
 9.257893157005987e-01
 9.693513161024857e-01
 9.257893157005519e-01
 -6.760335693689089e-05
 -6.760335693689089e-05
 5.780938313142497e-01
 5.780938313141033e-01
 9.811071213478556e-01
 9.614855097911080e-01
 9.039194487470702e-01
 9.811071213478435e-01
 9.614855097910827e-01
 9.039194487470119e-01
 5.323347829935244e-01
 5.323347829933782e-01
 9.506628976341011e-01
 8.788862684013680e-01
 9.506628976340701e-01
 8.788862684012986e-01
 4.899212614665268e-01
 4.899212614663842e-01
 9.696726178750872e-01
 9.376525938455802e-01
 8.505601089839583e-01
 4.510972179586709e-01
 4.510972179585339e-01
 9.696726178750682e-01
 9.376525938455423e-01
 8.505601089838775e-01
 9.953880662885189e-01
 9.990257234695827e-01
 9.953880662885183e-01
 9.990257234695823e-01
 9.227916620623402e-01
 8.194747735008278e-01
 9.227916620622945e-01
 8.194747735007355e-01
 4.159565300718679e-01
 4.159565300717379e-01
 1.000119971977511e+00
 1.000119971977510e+00
 3.848294124825234e-01
 3.848294124824010e-01
 9.366464736410605e-01
 9.366464736410413e-01
 9.573426605526011e-01
 9.054446407586584e-01
 7.860745517767274e-01
 9.573426605525753e-01
 9.054446407586040e-01
 7.860745517766242e-01
 9.638650110706773e-01
 9.638650110706535e-01
 7.208168238095271e-01
 7.694388066455633e-01
 2.310590790772511e-05
 3.796959932210207e-03
 8.411655741218299e-01
 9.993170212879978e-01
 2.310590790771030e-05
 3.796959932207838e-03
 8.411655741217463e-01
 9.993170212879964e-01
 7.208168238094712e-01
 7.694388066455168e-01
 3.579816655228761e-01
 3.579816655227611e-01
 8.867946133961053e-01
 7.515067509486532e-01
 8.867946133960430e-01
 7.515067509485411e-01
 3.357566277228132e-01
 4.139871800886527e-02
 1.246628226216039e-01
 1.648408882881847e-01
 4.139871800885489e-02
 1.246628226215762e-01
 1.648408882881514e-01
 3.357566277227051e-01
 9.531618363663031e-01
 9.531618363662735e-01
 9.395837234090395e-01
 8.670975782575825e-01
 7.168231116761129e-01
 3.172057077394373e-01
 3.172057077393358e-01
 9.395837234090061e-01
 8.670975782575130e-01
 7.168231116759944e-01
 9.411049344462299e-01
 3.021886537239278e-01
 3.021886537238323e-01
 9.411049344461940e-01
 9.617857793437301e-01
 9.767653331224193e-01
 9.617857793437167e-01
 9.767653331224111e-01
 8.465702845308685e-01
 6.826372924389793e-01
 8.545803884267156e-01
 8.545803884266810e-01
 8.465702845307926e-01
 6.826372924388566e-01
 2.899897880163707e-01
 2.899897880162807e-01
 9.258658643241020e-01
 9.258658643240584e-01
 2.805311790506831e-01
 2.805311790505982e-01
 9.169255745265986e-01
 8.252250429097191e-01
 6.493209470326522e-01
 9.169255745265564e-01
 8.252250429096377e-01
 6.493209470325282e-01
 8.904235497688229e-01
 9.127092373811936e-01
 9.920665873749024e-01
 9.920665873748993e-01
 8.904235497687931e-01
 9.127092373811702e-01
 2.608926369412214e-01
 2.608926369411737e-01
 8.037880639746078e-01
 6.176552761301425e-01
 8.037880639745221e-01
 6.176552761300185e-01
 9.099598957287008e-01
 9.099598957286490e-01
 9.952956255640832e-01
 9.952956255640814e-01
 1.000000066987343e+00
 1.000004563061472e+00
 9.999904812687690e-01
 9.999692326887456e-01
 1.000036409206797e+00
 1.000000066987343e+00
 1.000004563061471e+00
 9.999904812687657e-01
 9.999692326887440e-01
 1.000036409206797e+00
 8.913455356867686e-01
 8.913455356867087e-01
 8.959376516414973e-01
 7.833683188499421e-01
 5.886101102676630e-01
 8.959376516414490e-01
 7.833683188498531e-01
 5.886101102675398e-01
 2.603685583629060e-06
 -3.160103761515867e-05
 -3.550775510637282e-05
 9.728401317659712e-04
 5.930217388764996e-03
 7.046825486019036e-02
 1.249050261943361e-01
 3.143319323221820e-01
 3.833198075992959e-01
 1.000350291126386e+00
 1.000350291126385e+00
 2.603685583627506e-06
 -3.160103761514251e-05
 -3.550775510636022e-05
 9.728401317655951e-04
 5.930217388763127e-03
 7.046825486017079e-02
 1.249050261943055e-01
 3.143319323221237e-01
 3.833198075992358e-01
 9.818960645130350e-01
 1.000704105092466e+00
 9.818960645130229e-01
 1.000704105092466e+00
 9.603013150065500e-01
 9.603013150065373e-01
 7.643624405096482e-01
 5.628355882719669e-01
 7.643624405095563e-01
 5.628355882718461e-01
 8.717393464225464e-01
 8.717393464224794e-01
 5.203163280000758e-01
 5.203163280000097e-01
 8.772306522018263e-01
 7.471784381215545e-01
 5.404787429187832e-01
 8.772306522017747e-01
 7.471784381214618e-01
 5.404787429186654e-01
 9.991652903612837e-01
 9.939935687989695e-01
 9.991652903612831e-01
 9.939935687989658e-01
 8.512818294991514e-01
 8.512818294990778e-01
 2.639375193766871e-02
 2.639375193766224e-02
 7.319830609850621e-01
 5.214107872349071e-01
 3.091791448436238e-01
 5.882812605408438e-01
 6.533178009752741e-01
 3.091791448435596e-01
 5.882812605407726e-01
 6.533178009752112e-01
 7.319830609849690e-01
 5.214107872347928e-01
 1.000163036184366e+00
 1.000163036184366e+00
 7.310272112249191e-01
 7.407117526931657e-04
 -1.028686835694949e-04
 7.310272112249141e-01
 7.407117526931465e-04
 -1.028686835694911e-04
 9.820361146978791e-01
 9.578325606672530e-01
 9.820361146978679e-01
 9.578325606672273e-01
 8.302272680083379e-01
 8.302272680082589e-01
 7.659480592298156e-01
 7.458663228523965e-02
 9.068176454192779e-01
 9.984305953052579e-01
 7.458663228520060e-02
 9.068176454192317e-01
 9.984305953052568e-01
 7.659480592297633e-01
 8.623483233178716e-01
 7.189167329961818e-01
 5.054966272357314e-01
 8.623483233178175e-01
 7.189167329960892e-01
 5.054966272356207e-01
 5.898203656820879e-02
 5.898203656819485e-02
 6.272483962177847e-02
 4.228819607192554e-01
 5.763374949690229e-01
 8.141894023395928e-01
 8.508990422735112e-01
 6.272483962175689e-02
 4.228819607191703e-01
 5.763374949689427e-01
 8.141894023395435e-01
 8.508990422734722e-01
 8.081221212034311e-01
 7.079930035139448e-01
 4.925278507016670e-01
 7.079930035138530e-01
 4.925278507015602e-01
 8.081221212033474e-01
 9.999546649025002e-01
 1.000335484781990e+00
 9.988526495579740e-01
 9.919757452505895e-01
 9.781467247036978e-01
 9.488302606692237e-01
 9.999546649024984e-01
 1.000335484781990e+00
 9.988526495579730e-01
 9.919757452505847e-01
 9.781467247036852e-01
 9.488302606691938e-01
 9.081693718660110e-01
 9.081693718659836e-01
 7.304658615140192e-02
 1.010677410812645e-01
 7.304658615138368e-02
 1.010677410812411e-01
 8.029710030735706e-01
 9.306002705837266e-01
 9.444903358074521e-01
 8.029710030735135e-01
 9.306002705837035e-01
 9.444903358074342e-01
 9.765678214481661e-01
 9.989133256465096e-01
 9.765678214481537e-01
 9.989133256465088e-01
 7.871360993890127e-01
 7.871360993889256e-01
 8.520316257648936e-01
 6.992261617768801e-01
 4.823221606398388e-01
 8.520316257648407e-01
 6.992261617767911e-01
 4.823221606397365e-01
 9.739683236777097e-01
 9.392871897135361e-01
 5.125525481633890e-04
 1.364623677103499e-01
 3.722795991874067e-01
 8.625697214096331e-01
 9.262069145853942e-01
 9.738054671433500e-01
 5.125525481631320e-04
 1.364623677102970e-01
 3.722795991873102e-01
 8.625697214095845e-01
 9.262069145853672e-01
 9.738054671433399e-01
 9.739683236776945e-01
 9.392871897135019e-01
 1.670229134388551e-01
 1.670229134388183e-01
 -7.145321012783529e-05
 3.114432803175071e-02
 7.884852587622069e-01
 9.938988266144635e-01
 9.993511964714494e-01
 -7.145321012778312e-05
 3.114432803172964e-02
 7.884852587620939e-01
 9.938988266144598e-01
 9.993511964714482e-01
 6.925441465089357e-01
 4.746699225444326e-01
 6.925441465088490e-01
 4.746699225443344e-01
 9.732585213124220e-01
 8.262737752949427e-01
 9.825039110166882e-01
 8.262737752948767e-01
 9.825039110166803e-01
 9.732585213124110e-01
 9.910788300769815e-01
 9.910788300769778e-01
 7.674902554854123e-01
 7.674902554853225e-01
 2.025039236987038e-01
 2.607789223479656e-01
 2.025039236986570e-01
 2.607789223479129e-01
 9.983925577084729e-01
 9.890153581390706e-01
 9.694083280998451e-01
 9.291401707164405e-01
 9.983925577084720e-01
 9.890153581390645e-01
 9.694083280998278e-01
 9.291401707164026e-01
 -1.406557954867680e-04
 -1.406557954867663e-04
 3.800804266148807e-01
 3.800804266148143e-01
 8.464272014315425e-01
 6.878871523866702e-01
 4.693949203872018e-01
 8.464272014314923e-01
 6.878871523865862e-01
 4.693949203871075e-01
 9.952762042744850e-01
 9.952762042744823e-01
 7.494651218804170e-01
 7.494651218803255e-01
 9.990350473846139e-01
 9.990350473846127e-01
 6.851525790707023e-01
 4.663203665798253e-01
 4.391282268440179e-01
 5.138269797589765e-01
 4.391282268439407e-01
 5.138269797589031e-01
 6.851525790706214e-01
 4.663203665797350e-01
 9.663409104711386e-01
 9.181837840458047e-01
 9.663409104711203e-01
 9.181837840457628e-01
 6.445107458436308e-01
 6.445107458435601e-01
 7.019205966319861e-01
 7.563683728234724e-01
 9.985140028843275e-01
 9.985140028843259e-01
 7.019205966319144e-01
 7.563683728234123e-01
 7.334936389844658e-01
 7.334936389843744e-01
 5.867845876669141e-01
 1.894867821509810e-02
 -8.743089831830841e-04
 5.867845876669022e-01
 1.894867821509688e-02
 -8.743089831830310e-04
 8.420163741689644e-01
 8.420163741689188e-01
 8.453146217084608e-01
 6.842428762335950e-01
 4.652971848279984e-01
 8.453146217084152e-01
 6.842428762335176e-01
 4.652971848279123e-01
 1.000009386192141e+00
 9.999614762747571e-01
 9.999244126523160e-01
 1.000638385314697e+00
 9.975929923507026e-01
 9.833807593920546e-01
 9.632895222300766e-01
 9.068484075641574e-01
 8.759074403428073e-01
 9.024883004408069e-01
 8.759074403427665e-01
 9.024883004407751e-01
 1.000009386192137e+00
 9.999614762747535e-01
 9.999244126523149e-01
 1.000638385314697e+00
 9.975929923507010e-01
 9.833807593920459e-01
 9.632895222300574e-01
 9.068484075641119e-01
 9.412413449012825e-01
 9.412413449012615e-01
 6.850430949946709e-01
 4.661885582837287e-01
 6.850430949945979e-01
 4.661885582836472e-01
 9.530713794333522e-01
 9.530713794333336e-01
 9.820544162544383e-01
 9.820544162544311e-01
 7.194880297676145e-01
 7.194880297675229e-01
 9.923282841992457e-01
 9.923282841992412e-01
 9.588361586673865e-01
 8.960114510523551e-01
 9.588361586673662e-01
 8.960114510523071e-01
 8.481933321142375e-01
 6.874390456440538e-01
 4.688756057259670e-01
 8.481933321141975e-01
 6.874390456439846e-01
 4.688756057258895e-01
 7.077449486450036e-01
 7.077449486449129e-01
 1.878902737534097e-03
 1.878902737533526e-03
 6.913272205994165e-01
 4.732604202891839e-01
 6.913272205993518e-01
 4.732604202891105e-01
 9.950779794893337e-01
 9.950779794893301e-01
 9.455792001491735e-03
 1.208530114553984e-03
 9.455792001490923e-03
 1.208530114553871e-03
 9.984402749983133e-01
 9.984402749983122e-01
 2.672981728310087e-01
 9.229873621221497e-01
 9.933081847073745e-01
 2.672981728308721e-01
 9.229873621220994e-01
 9.933081847073700e-01
 9.970092316760065e-01
 9.795024852758196e-01
 9.543123334770433e-01
 8.856193539364093e-01
 9.970092316760052e-01
 9.795024852758100e-01
 9.543123334770213e-01
 8.856193539363585e-01
 6.980016465979465e-01
 6.980016465978577e-01
 1.225392673608729e-02
 4.314804730489404e-02
 5.867275297652780e-02
 9.332697625871620e-01
 9.881199404959330e-01
 9.332697625871312e-01
 9.881199404959272e-01
 1.225392673608365e-02
 4.314804730488216e-02
 5.867275297651256e-02
 3.975346105386214e-01
 9.542163577554941e-01
 9.957779864256135e-01
 3.975346105384788e-01
 9.542163577554673e-01
 9.957779864256111e-01
 1.004945416972307e-01
 1.004945416972050e-01
 8.544690055035052e-01
 6.965867119837387e-01
 4.792489919147453e-01
 8.544690055034709e-01
 6.965867119836781e-01
 4.792489919146762e-01
 2.096223249571323e-02
 3.985448648912877e-02
 1.217611686447254e-01
 1.639049859884840e-01
 2.096223249570623e-02
 3.985448648911651e-02
 1.217611686446922e-01
 1.639049859884439e-01
 9.649513813631376e-01
 9.649513813631221e-01
 9.501528279371914e-01
 8.760318865937676e-01
 9.501528279371683e-01
 8.760318865937153e-01
 7.031181901086009e-01
 4.867716728780392e-01
 7.031181901085444e-01
 4.867716728779740e-01
 6.905011432332061e-01
 6.905011432331198e-01
 2.546811511053786e-01
 2.546811511053210e-01
 6.270987571647563e-01
 9.030511111606926e-01
 9.678135125670871e-01
 6.270987571646548e-01
 9.030511111606536e-01
 9.678135125670736e-01
 1.156072068539296e-01
 2.978472865285999e-01
 3.698418958637301e-01
 1.156072068538943e-01
 2.978472865285299e-01
 3.698418958636567e-01
 4.998450456179793e-01
 4.998450456178976e-01
 1.702696692042710e-01
 2.806569342113989e-01
 5.573362614456983e-01
 6.288832433383751e-01
 7.647520794928058e-01
 9.145345705515988e-01
 9.598615464986313e-01
 9.333479689093530e-01
 7.647520794927296e-01
 9.145345705515657e-01
 9.333479689093275e-01
 9.598615464986152e-01
 1.702696692042157e-01
 2.806569342113244e-01
 5.573362614456091e-01
 6.288832433382952e-01
 7.417741833555637e-01
 5.314436516355927e-01
 7.865349321025816e-01
 8.923389540652261e-01
 5.314436516354943e-01
 7.865349321025158e-01
 8.923389540651882e-01
 7.417741833554953e-01
 8.302725148541485e-01
 8.302725148540955e-01
 9.999000503161625e-01
 1.000859448167101e+00
 9.964956815185816e-01
 9.760991219158240e-01
 9.462438071818384e-01
 8.673496725561967e-01
 9.999000503161625e-01
 1.000859448167101e+00
 9.964956815185794e-01
 9.760991219158134e-01
 9.462438071818144e-01
 8.673496725561429e-01
 6.848708901935400e-01
 6.848708901934564e-01
 9.775836380005563e-01
 9.999996428194270e-01
 1.000040721871160e+00
 9.993476413564083e-01
 8.990242794984620e-01
 1.965818873784212e-01
 2.501478201584833e-02
 9.999996428194273e-01
 1.000040721871158e+00
 9.993476413564084e-01
 8.990242794984518e-01
 1.965818873784046e-01
 2.501478201584556e-02
 9.775836380005406e-01
 8.634623045257804e-01
 7.107978109930501e-01
 4.957511633692291e-01
 8.634623045257519e-01
 7.107978109929984e-01
 4.957511633691685e-01
 7.195392994875774e-01
 5.061386723385731e-01
 7.195392994875299e-01
 5.061386723385164e-01
 9.632115912011904e-01
 9.632115912011709e-01
 6.813389128707426e-01
 9.428560959111340e-01
 8.597720421683021e-01
 9.428560959111091e-01
 8.597720421682474e-01
 6.813389128706618e-01
 9.299636656742440e-01
 9.931729318410389e-01
 9.299636656742001e-01
 9.931729318410336e-01
 7.152892292408760e-01
 9.678935304855198e-01
 9.932088127240821e-01
 7.152892292407598e-01
 9.678935304855018e-01
 9.932088127240777e-01
 1.911654451535711e-02
 1.911654451535478e-02
 9.765128564245525e-01
 9.765128564245418e-01
 6.794827697593562e-01
 9.580549650796352e-01
 9.580549650796137e-01
 6.794827697592788e-01
 9.960923666816730e-01
 9.734828576363310e-01
 9.398781546625561e-01
 8.533184764197638e-01
 9.960923666816711e-01
 9.734828576363199e-01
 9.398781546625307e-01
 8.533184764197086e-01
 8.745243901160621e-01
 7.292176408034530e-01
 5.178661857448952e-01
 8.745243901160389e-01
 7.292176408034096e-01
 5.178661857448426e-01
 9.407630470155656e-01
 9.841609149004433e-01
 4.883918951273296e-02
 8.753369001991803e-04
 4.883918951273118e-02
 8.753369001991474e-04
 9.841609149004336e-01
 9.407630470155400e-01
 2.419624707471097e-05
 -3.667584253260206e-04
 3.753186115616623e-02
 5.914867106839704e-01
 9.360368682191738e-01
 9.893101224487790e-01
 2.419624707469393e-05
 -3.667584253257675e-04
 3.753186115614050e-02
 5.914867106838017e-01
 9.360368682191309e-01
 9.893101224487710e-01
 9.813447713777624e-01
 9.813447713777523e-01
 9.541196708372680e-01
 9.541196708372485e-01
 7.397493478323205e-01
 5.308984401327131e-01
 7.397493478322811e-01
 5.308984401326640e-01
 8.461891097824925e-01
 9.248203781914832e-01
 8.461891097824359e-01
 9.248203781914529e-01
 6.795232909355144e-01
 6.795232909354407e-01
 8.796107973791339e-01
 8.796107973790893e-01
 9.375004485140956e-01
 8.480923571644456e-01
 9.375004485140704e-01
 8.480923571643917e-01
 9.539912113323485e-01
 2.554193868947225e-03
 2.554193868947030e-03
 9.539912113323260e-01
 8.009419678790671e-01
 3.073233404413895e-01
 6.666512561837822e-02
 2.591338298996640e-02
 8.009419678790463e-01
 3.073233404413599e-01
 6.666512561836961e-02
 2.591338298996279e-02
 6.576427345669543e-01
 8.123736140345369e-01
 6.576427345668623e-01
 8.123736140344751e-01
 7.905144862203721e-03
 2.452337248127238e-01
 7.762357158018250e-01
 9.524225924716672e-01
 9.834377880389905e-01
 7.905144862199556e-03
 2.452337248126264e-01
 7.762357158017351e-01
 9.524225924716430e-01
 9.834377880389817e-01
 7.209102086927666e-01
 9.951433386712800e-01
 9.951433386712768e-01
 7.209102086926882e-01
 4.002236852430322e-01
 6.067853871749809e-01
 4.002236852429408e-01
 6.067853871748915e-01
 4.791692855823804e-01
 4.791692855822908e-01
 6.810181855934605e-01
 9.919634785101097e-01
 9.919634785101046e-01
 6.810181855933910e-01
 1.000000561184704e+00
 1.000011810425302e+00
 9.999505390894229e-01
 9.998876959694711e-01
 1.000966632767563e+00
 9.958353876366904e-01
 9.718059215799049e-01
 9.356046462248205e-01
 8.440528103229423e-01
 1.000000561184704e+00
 1.000011810425302e+00
 9.999505390894229e-01
 9.998876959694706e-01
 1.000966632767563e+00
 9.958353876366889e-01
 9.718059215798940e-01
 9.356046462247959e-01
 8.440528103228896e-01
 1.847632609058526e-01
 3.530995125263718e-01
 9.771192265608520e-01
 9.953968264816666e-01
 9.771192265608369e-01
 9.953968264816632e-01
 1.847632609057989e-01
 3.530995125262924e-01
 9.485687049149288e-01
 9.485687049149050e-01
 8.869989227896371e-01
 7.510083921587820e-01
 5.451728398946605e-01
 2.432229711969368e-01
 8.724369641278608e-01
 9.568467450185315e-01
 8.724369641278046e-01
 9.568467450185105e-01
 2.432229711968747e-01
 8.869989227896184e-01
 7.510083921587456e-01
 5.451728398946141e-01
 8.380834308590830e-01
 9.693248582893097e-01
 8.380834308589873e-01
 9.693248582892885e-01
 6.916761258818838e-02
 1.576705627652335e-01
 6.916761258816699e-02
 1.576705627651901e-01
 9.710774026072413e-02
 9.710774026069637e-02
 7.629053487673519e-01
 5.606623209948929e-01
 7.629053487673192e-01
 5.606623209948501e-01
 6.841896374914044e-01
 6.841896374913387e-01
 3.602063843364517e-02
 3.084243124601884e-01
 7.087288643241766e-01
 8.892493875604037e-01
 9.472497027002084e-01
 3.602063843362826e-02
 3.084243124600891e-01
 7.087288643240786e-01
 8.892493875603570e-01
 9.472497027001846e-01
 9.342942041580762e-01
 8.412241389338334e-01
 9.342942041580518e-01
 8.412241389337819e-01
 7.704713313478738e-01
 7.704713313478738e-01
 7.223697838190142e-02
 1.341372929434505e-03
 7.223697838190053e-02
 1.341372929434486e-03
 2.572957362949163e-02
 5.777725161516628e-02
 2.572957362948395e-02
 5.777725161514959e-02
 2.220249505913864e-01
 8.492782709659845e-02
 3.879611915400286e-02
 2.220249505913602e-01
 8.492782709658622e-02
 3.879611915399705e-02
 9.452060014940054e-01
 9.452060014939810e-01
 8.759238552383426e-01
 9.760510552414103e-01
 8.759238552382772e-01
 9.760510552413960e-01
 9.142221424866452e-01
 9.142221424866092e-01
 9.816447931074426e-01
 9.816447931074294e-01
 9.692096020777312e-01
 9.692096020777150e-01
 -2.812003976086756e-04
 4.091322868326697e-02
 5.915591204819366e-01
 9.413354177327125e-01
 9.897738845750391e-01
 -2.812003976084953e-04
 4.091322868324178e-02
 5.915591204817838e-01
 9.413354177326774e-01
 9.897738845750327e-01
 4.647640565405634e-01
 7.386257945792741e-01
 8.636431991919835e-01
 4.647640565404518e-01
 7.386257945791880e-01
 8.636431991919312e-01
 6.886071935463216e-01
 6.886071935462602e-01
 9.001265792739804e-01
 7.752459023012078e-01
 5.772137774006496e-01
 9.853777625276680e-01
 9.853777625276579e-01
 9.001265792739664e-01
 7.752459023011791e-01
 5.772137774006109e-01
 9.957269299416901e-01
 9.711008497588866e-01
 9.335018453495068e-01
 8.395500083509312e-01
 9.957269299416889e-01
 9.711008497588760e-01
 9.335018453494834e-01
 8.395500083508816e-01
 7.912658805288034e-01
 7.912658805287324e-01
 3.331801819247321e-02
 3.226523049962550e-03
 3.331801819247165e-02
 3.226523049962357e-03
 9.403815095608151e-01
 9.403815095607890e-01
 -7.802926894798139e-05
 3.971699582540361e-03
 5.032858659195027e-02
 2.351910043813601e-01
 5.000089104879716e-01
 6.950092730267262e-01
 -7.802926894794350e-05
 3.971699582538599e-03
 5.032858659192968e-02
 2.351910043812828e-01
 5.000089104878659e-01
 6.950092730266378e-01
 4.120516393993849e-03
 1.803880667848179e-01
 6.695605439504339e-01
 9.235108638847520e-01
 9.729257149989499e-01
 4.120516393990873e-03
 1.803880667847134e-01
 6.695605439502783e-01
 9.235108638847016e-01
 9.729257149989310e-01
 7.879922581757847e-01
 5.943619594248969e-01
 7.879922581757601e-01
 5.943619594248625e-01
 7.211054081293444e-02
 7.211054081292359e-02
 9.201117821656313e-01
 9.628126073236360e-01
 9.201117821655930e-01
 9.628126073236172e-01
 6.944795500657182e-01
 9.353561483420246e-01
 9.774493451888558e-01
 9.353561483419888e-01
 9.774493451888424e-01
 6.944795500656608e-01
 9.875923410110817e-01
 5.200018790214208e-02
 8.311573327312170e-03
 5.200018790213739e-02
 8.311573327311389e-03
 9.875923410110733e-01
 5.784888003757059e-01
 5.784888003756075e-01
 9.332503888972145e-01
 8.389956173702479e-01
 5.328376706685302e-01
 9.211301830147022e-01
 9.848790159840060e-01
 5.328376706683596e-01
 9.211301830146517e-01
 9.848790159839953e-01
 9.332503888971923e-01
 8.389956173702006e-01
 9.385241110840189e-01
 9.385241110839894e-01
 9.618221300717324e-02
 2.592848068316223e-01
 4.523099365218480e-01
 9.618221300713746e-02
 2.592848068315452e-01
 4.523099365217512e-01
 9.838080227110446e-01
 9.838080227110351e-01
 9.596788167888998e-01
 9.596788167888720e-01
 9.380687226653163e-01
 9.380687226652902e-01
 9.685340617800436e-01
 9.685340617800243e-01
 8.030395384267232e-01
 9.011333907133621e-01
 8.030395384266454e-01
 9.011333907133179e-01
 7.013950594134282e-01
 7.013950594133750e-01
 3.309724674808705e-01
 3.309724674807863e-01
 4.744596663652884e-01
 8.315818170848137e-01
 9.428907769199244e-01
 4.744596663651522e-01
 8.315818170847358e-01
 9.428907769198944e-01
 9.998886617150371e-01
 1.000955611430218e+00
 9.957603705717485e-01
 9.713066346057964e-01
 9.334850878619994e-01
 8.394867446336431e-01
 9.151736592425440e-01
 8.001522410812527e-01
 6.112180332921524e-01
 9.151736592425345e-01
 8.001522410812315e-01
 6.112180332921221e-01
 9.998886617150373e-01
 1.000955611430218e+00
 9.957603705717468e-01
 9.713066346057870e-01
 9.334850878619784e-01
 8.394867446335986e-01
 8.455424959382277e-01
 3.721905639010984e-02
 3.721905639010512e-02
 8.455424959381659e-01
 -6.181342891857055e-04
 6.022617154337880e-03
 3.397906952168255e-02
 1.066343567887612e-01
 2.271553292824746e-01
 5.911640179218349e-03
 9.999238173973871e-01
 1.000557067217811e+00
 9.859517724874182e-01
 8.609795168467104e-01
 5.133783494748024e-01
 2.560160287389277e-01
 1.294130850329963e-01
 9.999238173973840e-01
 1.000557067217812e+00
 9.859517724874155e-01
 8.609795168466896e-01
 5.133783494747608e-01
 2.560160287388949e-01
 1.294130850329774e-01
 5.911640179218098e-03
 -6.181342891854660e-04
 6.022617154335575e-03
 3.397906952166979e-02
 1.066343567887251e-01
 2.271553292824096e-01
 9.341581623633293e-01
 4.592262574697302e-01
 8.349232713984035e-01
 9.393865213451070e-01
 4.592262574695569e-01
 8.349232713983064e-01
 9.393865213450666e-01
 9.341581623633025e-01
 9.605511473113102e-01
 9.605511473112832e-01
 8.111212921631836e-01
 6.271768873848035e-01
 8.111212921631648e-01
 6.271768873847758e-01
 7.095466784336930e-01
 9.555061427558766e-01
 9.555061427558534e-01
 7.095466784336444e-01
 5.923537191292001e-01
 7.664592452606807e-01
 5.923537191290890e-01
 7.664592452605994e-01
 9.583715372894379e-01
 9.583715372894139e-01
 9.341596578821605e-01
 8.409473026731448e-01
 9.341596578821411e-01
 8.409473026731027e-01
 3.785074477287727e-02
 3.785074477287347e-02
 8.099368287958939e-01
 9.614300612470925e-01
 8.099368287957930e-01
 9.614300612470674e-01
 1.469860478231237e-01
 1.469860478230786e-01
 6.385316950594032e-01
 8.530622998946004e-01
 9.282573084299816e-01
 6.385316950592804e-01
 8.530622998945334e-01
 9.282573084299457e-01
 1.486813365797982e-01
 6.495965107166590e-01
 9.114356511256165e-01
 9.707826733789052e-01
 1.486813365797195e-01
 6.495965107165199e-01
 9.114356511255663e-01
 9.707826733788878e-01
 9.102537100756513e-01
 9.595467169911633e-01
 6.647660397336750e-01
 6.647660397335768e-01
 9.102537100755936e-01
 9.595467169911361e-01
 9.791229533953483e-01
 9.791229533953356e-01
 9.330633246841729e-01
 9.330633246841469e-01
 7.185575314342315e-01
 9.759382029614923e-01
 9.759382029614754e-01
 7.185575314341869e-01
 7.845520171904546e-01
 9.563596421552694e-01
 9.841989238983339e-01
 6.252404083132107e-02
 8.040346061576168e-03
 6.252404083131954e-02
 8.040346061575913e-03
 7.845520171903370e-01
 9.563596421552404e-01
 9.841989238983233e-01
 1.110388593520106e-02
 3.946137373796000e-02
 9.140684126070107e-02
 1.110388593519700e-02
 3.946137373794655e-02
 9.140684126067193e-02
 9.568376826254265e-01
 9.847151034322602e-01
 8.859858515140078e-01
 8.859858515139556e-01
 9.568376826253979e-01
 9.847151034322499e-01
 3.412186150274977e-01
 5.457901551580806e-01
 3.412186150273991e-01
 5.457901551579748e-01
 9.959168133682247e-01
 9.723005464808118e-01
 9.352832971959620e-01
 8.433199810046139e-01
 9.959168133682237e-01
 9.723005464808038e-01
 9.352832971959437e-01
 8.433199810045747e-01
 8.927276878131050e-01
 9.493926509556021e-01
 8.927276878130499e-01
 9.493926509555741e-01
 2.404067968339814e-05
 1.051810000090968e-05
 6.502227956649677e-04
 3.787116587683963e-02
 2.744310244955469e-01
 6.937636032362333e-01
 8.713966185842744e-01
 9.405445625293829e-01
 2.404067968338047e-05
 1.051810000090277e-05
 6.502227956645025e-04
 3.787116587681415e-02
 2.744310244954092e-01
 6.937636032360865e-01
 8.713966185841963e-01
 9.405445625293443e-01
 1.038406390190535e-01
 3.893153486153739e-01
 6.750044550995468e-01
 8.233096862874996e-01
 1.038406390190063e-01
 3.893153486152535e-01
 6.750044550994364e-01
 8.233096862874268e-01
 9.251680969020631e-01
 8.212886403313165e-01
 6.423601960679509e-01
 9.251680969020554e-01
 8.212886403312992e-01
 6.423601960679250e-01
 9.754583157016750e-01
 4.661719260705471e-01
 9.680199830742575e-02
 1.762718314934261e-02
 9.754583157016733e-01
 4.661719260705303e-01
 9.680199830741897e-02
 1.762718314934129e-02
 9.301992762369393e-01
 4.211651295127116e-01
 4.211651295126098e-01
 9.301992762369137e-01
 9.897703435233773e-03
 5.981586746850899e-03
 5.981586746850616e-03
 9.897703435233579e-03
 7.285903421417320e-01
 9.744506488170479e-01
 9.744506488170311e-01
 7.285903421416912e-01
 2.186861751806701e-01
 2.186861751806402e-01
 1.272534479784074e-01
 5.918767611522813e-02
 1.272534479783913e-01
 5.918767611522017e-02
 5.488559497085611e-02
 7.827147888734574e-01
 9.225498745020813e-01
 9.637283018062751e-01
 7.827147888733547e-01
 9.225498745020378e-01
 9.637283018062538e-01
 5.488559497083844e-02
 9.174412496265122e-01
 9.174412496264699e-01
 9.367552781102143e-01
 8.465015456645196e-01
 8.947395694931035e-01
 9.629632293430200e-01
 8.947395694930370e-01
 9.629632293429946e-01
 9.367552781101973e-01
 8.465015456644832e-01
 8.215208219911205e-01
 9.150301248540200e-01
 9.737817765403652e-01
 9.737817765403475e-01
 8.215208219910191e-01
 9.150301248539665e-01
 7.380557372964603e-01
 8.901136725777251e-01
 9.631683082055024e-01
 9.463378790431836e-01
 7.574305694123473e-02
 7.574305694123473e-02
 1.096973209936217e-02
 2.072685813341641e-02
 2.072685813341441e-02
 1.096973209936209e-02
 9.463378790431517e-01
 8.901136725776619e-01
 9.631683082054794e-01
 7.380557372963669e-01
 9.736159365256475e-01
 1.536506421938785e-01
 3.048917844119402e-01
 1.536506421938237e-01
 3.048917844118534e-01
 9.736159365256298e-01
 8.307409611017492e-01
 6.568212226657497e-01
 5.020470203189739e-01
 1.436983308608339e-01
 5.260443662333946e-02
 5.020470203189447e-01
 1.436983308608198e-01
 5.260443662333350e-02
 8.307409611017340e-01
 6.568212226657266e-01
 7.465842117266728e-01
 8.682441905304842e-01
 7.465842117265701e-01
 8.682441905304223e-01
 9.401087311054893e-01
 9.401087311054556e-01
 9.303059775564864e-01
 1.855251986459127e-01
 4.273650156460164e-01
 6.310992359010561e-01
 1.855251986458393e-01
 4.273650156458996e-01
 6.310992359009471e-01
 9.303059775564616e-01
 7.393028642049220e-01
 7.393028642048847e-01
 9.424273590432138e-01
 9.652194034267302e-01
 9.652194034267063e-01
 9.424273590431753e-01
 1.520955714001195e-01
 5.203631623456676e-01
 7.607767990862646e-01
 8.817846203845521e-01
 1.520955714000302e-01
 5.203631623454964e-01
 7.607767990861392e-01
 8.817846203844809e-01
 2.079113627895681e-01
 9.583190385650923e-01
 9.583190385650678e-01
 2.079113627895019e-01
 1.000009771682894e+00
 9.999608182191909e-01
 9.998999091395445e-01
 1.000854401287358e+00
 9.961684722218553e-01
 9.739274074693642e-01
 9.385982597422117e-01
 8.504343672574896e-01
 1.000009771682898e+00
 9.999608182191928e-01
 9.998999091395451e-01
 1.000854401287359e+00
 9.961684722218548e-01
 9.739274074693579e-01
 9.385982597421966e-01
 8.504343672574560e-01
 7.713767318417113e-03
 7.713767318416823e-03
 1.534717116430594e-03
 1.056129082058772e-01
 5.503570786806629e-01
 8.730327187998859e-01
 9.561486745654452e-01
 1.534717116429471e-03
 1.056129082058129e-01
 5.503570786804982e-01
 8.730327187998105e-01
 9.561486745654166e-01
 1.083573034187345e-01
 5.455244535350299e-01
 8.737754760119494e-01
 9.568679558983555e-01
 1.083573034186659e-01
 5.455244535348568e-01
 8.737754760118711e-01
 9.568679558983264e-01
 7.987482300754806e-01
 -1.229783239898148e-05
 4.421577770054420e-05
 -5.511557996484783e-04
 1.768545842355265e-02
 1.903429114402367e-01
 5.622798864072259e-01
 8.079369955788746e-01
 9.039447138235882e-01
 -1.229783239897441e-05
 4.421577770051811e-05
 -5.511557996481724e-04
 1.768545842354229e-02
 1.903429114401473e-01
 5.622798864070826e-01
 8.079369955787838e-01
 9.039447138235371e-01
 7.987482300753961e-01
 1.093585295970986e-01
 1.093585295970841e-01
 5.098637824817759e-01
 5.098637824816624e-01
 6.913085728645080e-01
 8.408485994015839e-01
 7.914324933558082e-01
 5.501994595419644e-01
 3.416106923760015e-01
 7.914324933557774e-01
 5.501994595419180e-01
 3.416106923759608e-01
 6.913085728643618e-01
 8.408485994014935e-01
 8.663623025020781e-01
 9.547037129058997e-01
 8.663623025019981e-01
 9.547037129058695e-01
 9.285404031440382e-01
 9.339721961621573e-01
 4.695823276747180e-02
 4.695823276746622e-02
 9.339721961621166e-01
 9.285404031440139e-01
 8.586272018178073e-01
 9.313812651742565e-01
 7.066529718423908e-02
 2.862397347655424e-02
 7.066529718423337e-02
 2.862397347655174e-02
 8.586272018177327e-01
 9.313812651742175e-01
 1.545900089111633e-01
 2.940933515345572e-02
 1.545900089111560e-01
 2.940933515345413e-02
 3.336326075120574e-01
 7.337531441127739e-01
 9.004754163831975e-01
 9.530405896008002e-01
 3.336326075119189e-01
 7.337531441126511e-01
 9.004754163831408e-01
 9.530405896007721e-01
 7.508227246846300e-01
 7.508227246845955e-01
 5.148618817992056e-01
 7.065267262720065e-01
 5.148618817990760e-01
 7.065267262719007e-01
 9.469652885151733e-01
 9.469652885151376e-01
 5.793746389072483e-02
 1.345818384138870e-01
 5.793746389070301e-02
 1.345818384138411e-01
 9.406728079727258e-01
 8.549990875656268e-01
 9.406728079727121e-01
 8.549990875655964e-01
 9.946065605065574e-03
 9.946065605065318e-03
 7.625055176289836e-01
 9.085165184490590e-01
 9.580293390175230e-01
 7.625055176288565e-01
 9.085165184490001e-01
 9.580293390174945e-01
 8.496665956333141e-01
 1.183648204739240e-02
 7.197335372161806e-02
 2.100028603823017e-01
 3.872626765704018e-01
 1.183648204738685e-02
 7.197335372158685e-02
 2.100028603822260e-01
 3.872626765702968e-01
 8.496665956332413e-01
 9.335927734268670e-01
 8.395302709140755e-01
 6.705898733753479e-01
 9.335927734268609e-01
 8.395302709140623e-01
 6.705898733753272e-01
 7.523005467598839e-02
 7.523005467598078e-02
 -2.602090217486440e-04
 7.999802872131064e-03
 8.004539040746328e-02
 3.567004265825983e-01
 6.159540605328463e-01
 7.920580915061165e-01
 9.281664379584771e-01
 9.281664379584299e-01
 -2.602090217484681e-04
 7.999802872125485e-03
 8.004539040741253e-02
 3.567004265824422e-01
 6.159540605326852e-01
 7.920580915060064e-01
 9.237288592040399e-01
 9.650187550274115e-01
 8.898437498170430e-01
 8.898437498169838e-01
 9.237288592039919e-01
 9.650187550273889e-01
 1.168863680175304e-02
 1.168863680175289e-02
 9.483987574655485e-01
 3.554976767313393e-01
 1.913596627580931e-01
 3.554976767313027e-01
 1.913596627580692e-01
 9.483987574655168e-01
 5.945336850952945e-01
 5.945336850951750e-01
 3.155806620660042e-01
 6.006595307219931e-01
 7.724049125485073e-01
 4.034607317967026e-01
 1.835787516685249e-01
 8.824401661350115e-02
 4.034607317966717e-01
 1.835787516685050e-01
 8.824401661349063e-02
 3.155806620658830e-01
 6.006595307218596e-01
 7.724049125484106e-01
 9.224274150780909e-01
 9.224274150780463e-01
 9.297670526501808e-01
 9.220699600339741e-01
 9.220699600339236e-01
 9.297670526501585e-01
 9.212841377469262e-01
 9.640115646049516e-01
 1.222773624135512e-02
 1.222773624135512e-02
 9.212841377468759e-01
 9.640115646049277e-01
 8.477138344105789e-01
 6.836946103564463e-01
 8.477138344105675e-01
 6.836946103564274e-01
 3.688277064070158e-02
 3.688277064069867e-02
 9.631983863929910e-01
 9.631983863929662e-01
 9.642531882183284e-01
 8.611096912092387e-01
 9.347023681926008e-01
 8.611096912091540e-01
 9.347023681925578e-01
 9.642531882183043e-01
 7.628159470381037e-01
 5.389317615542063e-01
 7.366891601083898e-01
 5.389317615540377e-01
 7.366891601082610e-01
 7.628159470380733e-01
 2.767882269420104e-01
 2.767882269419232e-01
 9.964934678214139e-01
 9.760227021851599e-01
 9.430561944223416e-01
 8.601608369082974e-01
 8.349379546266857e-02
 6.943619779827102e-01
 8.807637702394865e-01
 9.432461396614920e-01
 6.943619779825705e-01
 8.807637702394167e-01
 9.432461396614562e-01
 8.349379546263912e-02
 9.964934678214132e-01
 9.760227021851544e-01
 9.430561944223290e-01
 8.601608369082695e-01
 9.516788623010227e-01
 9.516788623009900e-01
 6.822024966652536e-01
 8.281171697165947e-01
 6.822024966651248e-01
 8.281171697165107e-01
 9.999939723041646e-01
 1.000200984135536e+00
 9.908856203111629e-01
 6.753318888756356e-01
 2.194789739286684e-01
 4.138773836272816e-02
 1.762530979178628e-02
 9.999939723041640e-01
 1.000200984135536e+00
 9.908856203111626e-01
 6.753318888756267e-01
 2.194789739286611e-01
 4.138773836272646e-02
 1.762530979178551e-02
 2.764590350770483e-01
 4.721640936265286e-01
 2.764590350769492e-01
 4.721640936264085e-01
 8.247910708640485e-01
 9.137580090029418e-01
 8.247910708639566e-01
 9.137580090028917e-01
 4.901630699652667e-01
 7.574917612914278e-01
 8.750934949244410e-01
 4.901630699651131e-01
 7.574917612913145e-01
 8.750934949243737e-01
 2.939208306911850e-01
 7.062060966869935e-01
 8.828949607393113e-01
 9.452526909914851e-01
 2.939208306910396e-01
 7.062060966868481e-01
 8.828949607392383e-01
 9.452526909914485e-01
 6.728850580241988e-01
 6.728850580240815e-01
 6.673519472223681e-02
 6.673519472222976e-02
 9.394303845959469e-01
 9.394303845959087e-01
 4.509885002356395e-02
 2.328334450165669e-01
 4.643159696074726e-01
 6.765578137383040e-01
 4.509885002353452e-02
 2.328334450164460e-01
 4.643159696073044e-01
 6.765578137381599e-01
 8.870975111616434e-01
 8.870975111615744e-01
 2.115165598031674e-02
 2.115165598031590e-02
 9.290197018754480e-01
 9.290197018754266e-01
 2.673756339089212e-01
 6.718870308741763e-01
 8.680252249131374e-01
 9.370309473417369e-01
 2.673756339087880e-01
 6.718870308740268e-01
 8.680252249130590e-01
 9.370309473416968e-01
 9.493376039271312e-01
 6.779582877146322e-01
 2.583876855659347e-01
 1.058438791416465e-01
 4.833576394284118e-02
 9.493376039271270e-01
 6.779582877146108e-01
 2.583876855659164e-01
 1.058438791416370e-01
 4.833576394283663e-02
 2.665719658349075e-02
 8.534490711888779e-02
 1.871406841891020e-01
 4.873480605196934e-01
 1.239246428346778e-01
 4.651091977995384e-02
 1.239246428346706e-01
 4.651091977995066e-02
 4.873480605196461e-01
 2.665719658347910e-02
 8.534490711885345e-02
 1.871406841890366e-01
 7.752892034919161e-01
 7.752892034918895e-01
 5.654946492703385e-01
 7.975706180452343e-01
 9.012356887965224e-01
 5.654946492701662e-01
 7.975706180451198e-01
 9.012356887964597e-01
 7.439483622514629e-01
 7.439483622513535e-01
 9.408828219667081e-01
 6.747576716194467e-01
 8.681374497926543e-01
 9.374085063670762e-01
 6.747576716192939e-01
 8.681374497925741e-01
 9.374085063670354e-01
 9.408828219666692e-01
 3.951813382693726e-01
 6.140053184992739e-01
 3.951813382692123e-01
 6.140053184991194e-01
 9.455831714670035e-01
 8.657923831829039e-01
 9.455831714669920e-01
 8.657923831828787e-01
 9.367573197717944e-01
 9.059260282393817e-01
 1.592726980890114e-01
 1.592726980889932e-01
 9.059260282393259e-01
 9.367573197717540e-01
 1.134453217683476e-03
 2.638273388085535e-02
 1.415084856072903e-01
 3.515494222590079e-01
 5.562197991755877e-01
 1.134453217682777e-03
 2.638273388084127e-02
 1.415084856072239e-01
 3.515494222588858e-01
 5.562197991754589e-01
 9.228256103331961e-01
 9.228256103331460e-01
 3.526048893734778e-01
 2.789344923527671e-01
 5.602442603217198e-02
 2.463390183124451e-02
 2.789344923527605e-01
 5.602442603217028e-02
 2.463390183124366e-02
 3.526048893733701e-01
 3.091888389276653e-01
 3.091888389276309e-01
 8.067381412977902e-01
 8.615570818736588e-01
 8.615570818735847e-01
 8.067381412976959e-01
 9.407274948636015e-01
 8.553345062091431e-01
 6.961610431475134e-01
 9.407274948635973e-01
 8.553345062091331e-01
 6.961610431474969e-01
 7.975786881152465e-01
 8.989899243587243e-01
 7.975786881151385e-01
 8.989899243586639e-01
 8.422338506477869e-01
 8.422338506476964e-01
 8.181203893306818e-01
 9.119620890540764e-01
 8.181203893305772e-01
 9.119620890540204e-01
 2.795874654249539e-02
 2.795874654249461e-02
 2.532624648272025e-01
 1.267808357138255e-01
 2.532624648271796e-01
 1.267808357138124e-01
 -4.348315245719645e-04
 2.552698237709266e-03
 2.572292428173844e-02
 1.503735961765308e-01
 3.335979024191947e-01
 5.517289194504205e-01
 5.989303427518052e-02
 5.989303427517709e-02
 -4.348315245716703e-04
 2.552698237707547e-03
 2.572292428172177e-02
 1.503735961764463e-01
 3.335979024190476e-01
 5.517289194502621e-01
 4.349979979142501e-01
 6.380768911391441e-01
 4.349979979141099e-01
 6.380768911390150e-01
 7.184427861486384e-01
 8.561688018183489e-01
 7.184427861484962e-01
 8.561688018182633e-01
 2.267691947811830e-02
 5.049245074320550e-02
 2.267691947810999e-02
 5.049245074318752e-02
 9.608315923383782e-03
 1.210729923379610e-01
 4.343388890252000e-01
 7.123627321769664e-01
 8.484384326328839e-01
 8.919292141770606e-01
 7.673551303707319e-01
 9.941810302418135e-01
 7.610455394766515e-01
 3.227753227904384e-01
 6.806833243934662e-02
 3.087451432142285e-02
 9.941810302418130e-01
 7.610455394766492e-01
 3.227753227904339e-01
 6.806833243934533e-02
 3.087451432142216e-02
 8.919292141770369e-01
 7.673551303706896e-01
 9.608315923377348e-03
 1.210729923378918e-01
 4.343388890250418e-01
 7.123627321768348e-01
 8.484384326328018e-01
 8.624392134423959e-01
 7.080166726572760e-01
 8.624392134423871e-01
 7.080166726572611e-01
 9.311753310983165e-01
 9.311753310982970e-01
 2.806206146520926e-01
 4.919108819481205e-01
 8.943239805316430e-01
 5.542065871692282e-02
 2.533893810623875e-01
 5.248966587640709e-01
 7.150457164431487e-01
 5.542065871689070e-02
 2.533893810622724e-01
 5.248966587639207e-01
 7.150457164430282e-01
 8.943239805315795e-01
 2.806206146519611e-01
 4.919108819479635e-01
 7.884143329178074e-01
 7.884143329177848e-01
 6.187798082665781e-01
 7.859633481535699e-01
 3.328640299015002e-02
 3.328640299014948e-02
 6.187798082664318e-01
 7.859633481534670e-01
 7.838329580805103e-01
 8.916994366535150e-01
 1.426442566881432e-01
 6.612790217685929e-02
 1.426442566881321e-01
 6.612790217685376e-02
 7.838329580803938e-01
 8.916994366534492e-01
 5.916999417174119e-01
 5.916999417174051e-01
 7.903356730090229e-01
 8.959518363712256e-01
 7.903356730089063e-01
 8.959518363711602e-01
 8.816867252230652e-01
 4.334992613152381e-01
 1.189340648347823e-01
 2.480438001808169e-01
 4.410642931811563e-02
 4.410642931811240e-02
 1.189340648347324e-01
 2.480438001807304e-01
 4.334992613151127e-01
 8.816867252229927e-01
 9.029337851803910e-01
 9.029337851803300e-01
 9.450964483695358e-02
 9.450964483694470e-02
 9.999164235724990e-01
 1.000699390391495e+00
 9.968585689444542e-01
 9.784271135393796e-01
 9.483343326666125e-01
 8.718609245708464e-01
 1.203446867879233e-01
 3.457444353701823e-01
 7.488122948185313e-02
 3.495082727507821e-02
 3.457444353701809e-01
 7.488122948185269e-02
 3.495082727507787e-02
 1.203446867878785e-01
 9.999164235724997e-01
 1.000699390391495e+00
 9.968585689444539e-01
 9.784271135393757e-01
 9.483343326666026e-01
 8.718609245708239e-01
 3.580590867458033e-02
 9.423123500478776e-01
 7.239686787159400e-01
 4.642849356253936e-01
 2.688073098116241e-01
 9.423123500478696e-01
 7.239686787159113e-01
 4.642849356253571e-01
 2.688073098115962e-01
 3.580590867458022e-02
 8.927142735078805e-01
 8.927142735078145e-01
 7.860937117213000e-01
 7.860937117211868e-01
 1.867447759012893e-01
 7.529592739961417e-02
 1.867447759012819e-01
 7.529592739961052e-02
 1.633474842267103e-02
 9.943162010868392e-02
 2.359114174768683e-01
 4.360676272193199e-01
 1.633474842266067e-02
 9.943162010862658e-02
 2.359114174767528e-01
 4.360676272191681e-01
 8.377328858813210e-01
 8.377328858812323e-01
 1.983901648856732e-01
 3.850577163481373e-01
 1.159781914889988e-02
 1.313893854958776e-01
 4.695398604025807e-01
 7.315344770330631e-01
 8.630739365575474e-01
 1.159781914889149e-02
 1.313893854957970e-01
 4.695398604024069e-01
 7.315344770329255e-01
 8.630739365574654e-01
 1.983901648855731e-01
 3.850577163479937e-01
 6.010653573804948e-01
 6.010653573804893e-01
 5.177105424898433e-01
 5.177105424897070e-01
 9.613862168048241e-03
 6.603620168398441e-02
 1.433693693923209e-01
 3.009346227436172e-01
 6.671152394664096e-01
 4.552038053610861e-01
 6.671152394663710e-01
 4.552038053610445e-01
 9.613862168042222e-03
 6.603620168394654e-02
 1.433693693922468e-01
 3.009346227434946e-01
 1.677768722459531e-01
 3.398963765700385e-01
 1.677768722458670e-01
 3.398963765699050e-01
 9.991290601900277e-01
 9.895286548300740e-01
 9.327507910060542e-01
 8.089489481161759e-01
 6.334622587906221e-01
 9.991290601900273e-01
 9.895286548300714e-01
 9.327507910060414e-01
 8.089489481161430e-01
 6.334622587905753e-01
 3.598059332469535e-01
 6.268549760620398e-01
 7.979829505447082e-01
 3.598059332467936e-01
 6.268549760618768e-01
 7.979829505445978e-01
 3.998096677396950e-01
 6.803753991636480e-01
 8.286249623643915e-01
 3.998096677395337e-01
 6.803753991635019e-01
 8.286249623642973e-01
 7.669363048913558e-01
 7.669363048912446e-01
 7.998118255784502e-01
 5.586258605543605e-02
 9.224493831032163e-02
 4.110466051520434e-02
 9.224493831031787e-02
 4.110466051520259e-02
 5.586258605543260e-02
 7.998118255784303e-01
 5.336812257641147e-02
 1.626496464278951e-01
 3.180840219889798e-01
 6.029351739157539e-01
 6.029351739156152e-01
 5.336812257638480e-02
 1.626496464278246e-01
 3.180840219888709e-01
 9.313520456553416e-01
 6.869933858836834e-01
 6.869933858835543e-01
 9.313520456553230e-01
 2.232011274884393e-01
 2.232011274884178e-01
 7.212728900511911e-01
 8.009886166942970e-01
 3.971971083308801e-01
 1.863615454572953e-01
 8.867828368870140e-02
 8.009886166942839e-01
 3.971971083308610e-01
 1.863615454572827e-01
 8.867828368869482e-02
 7.212728900510567e-01
 8.251690347409026e-01
 8.251690347408026e-01
 9.511296477506278e-01
 8.782358167423168e-01
 9.511296477506189e-01
 8.782358167422962e-01
 9.468052152760070e-01
 8.690647388190409e-01
 7.192880167151011e-01
 5.954061802105974e-01
 3.330853859447501e-01
 1.749664221928009e-01
 5.954061802105716e-01
 3.330853859447255e-01
 1.749664221927854e-01
 9.468052152760040e-01
 8.690647388190336e-01
 7.192880167150887e-01
 8.476342809673593e-01
 8.476342809672698e-01
 6.092365424483125e-01
 8.234996038198580e-01
 8.234996038197603e-01
 6.092365424483075e-01
 3.086861825268736e-05
 -3.082799573742390e-04
 8.124609109954578e-03
 1.009986735785781e-01
 3.911270794205839e-01
 6.699886953854823e-01
 8.228282893228736e-01
 4.129278829076650e-01
 6.869968248660592e-01
 8.348044883857352e-01
 1.651850063011560e-01
 1.651850063010931e-01
 4.129278829074955e-01
 6.869968248659085e-01
 8.348044883856398e-01
 3.086861825266504e-05
 -3.082799573740261e-04
 8.124609109948755e-03
 1.009986735785145e-01
 3.911270794204194e-01
 6.699886953853299e-01
 8.228282893227746e-01
 1.286862498557474e-01
 1.286862498557370e-01
 5.684620388949010e-01
 7.503289501837673e-01
 5.684620388947413e-01
 7.503289501836473e-01
 2.162475863087518e-01
 3.955107399817565e-01
 2.162475863086580e-01
 3.955107399816282e-01
 5.293330288433861e-01
 7.275682087688193e-01
 5.293330288432139e-01
 7.275682087686856e-01
 8.262899499144916e-01
 2.506707863356352e-01
 1.093191170717714e-01
 4.931883803339729e-02
 2.506707863356279e-01
 1.093191170717674e-01
 4.931883803339539e-02
 8.262899499143931e-01
 6.266347378177761e-01
 7.963267644454580e-01
 6.266347378176128e-01
 7.963267644453466e-01
 1.325223137649669e-03
 8.727631152579856e-03
 3.174658429398312e-02
 7.488016147350098e-02
 1.325223137649089e-03
 8.727631152576111e-03
 3.174658429397021e-02
 7.488016147347215e-02
 6.162071043153196e-01
 6.162071043153153e-01
 7.198350251266031e-02
 7.198350251265659e-02
 8.752524275011990e-01
 7.300040568886929e-01
 8.752524275011931e-01
 7.300040568886824e-01
 2.075401225376949e-01
 4.596403569130736e-01
 6.614470712531982e-01
 2.075401225375905e-01
 4.596403569129179e-01
 6.614470712530615e-01
 1.065871684705422e-01
 2.827417097819250e-01
 4.799195723787960e-01
 1.065871684704853e-01
 2.827417097818060e-01
 4.799195723786537e-01
 3.635415622640542e-01
 5.693690486288777e-01
 3.635415622639127e-01
 5.693690486287323e-01
 6.498615147519741e-01
 6.498615147518234e-01
 1.257865863475209e-01
 5.723469862359336e-02
 1.257865863475169e-01
 5.723469862359145e-02
 4.119829184694738e-01
 4.119829184694379e-01
 2.352545108780741e-01
 1.151631669448139e-01
 2.352545108780609e-01
 1.151631669448066e-01
 7.369844414301143e-01
 7.369844414299874e-01
 6.219899329438916e-01
 8.103741501447790e-01
 7.537299240789012e-01
 7.537299240787734e-01
 8.103741501447608e-01
 6.219899329438885e-01
 6.265948390688414e-01
 6.265948390688389e-01
 2.206601420381751e-01
 2.206601420380901e-01
 5.380834402274385e-01
 7.280317079695823e-01
 5.380834402272708e-01
 7.280317079694516e-01
 5.718720922574921e-01
 3.586185818396748e-01
 5.718720922574591e-01
 3.586185818396450e-01
 3.032227309733721e-01
 1.409165179288390e-01
 6.463385318122673e-02
 3.032227309733665e-01
 1.409165179288355e-01
 6.463385318122500e-02
 7.712007270803646e-01
 8.796260936475320e-02
 8.796260936474934e-02
 7.712007270802436e-01
 6.323279287614547e-01
 6.323279287614538e-01
 5.643537178518419e-01
 7.507515253187574e-01
 5.643537178516702e-01
 7.507515253186299e-01
 6.300839835189647e-01
 9.972413074907259e-01
 9.809510868079730e-01
 9.540659507913054e-01
 8.848843005919381e-01
 9.972413074907259e-01
 9.809510868079697e-01
 9.540659507912974e-01
 8.848843005919199e-01
 6.300839835189629e-01
 2.052294476076453e-01
 4.334986808645712e-01
 6.476022316477286e-01
 4.185647291594191e-01
 2.327297883508987e-01
 4.185647291593944e-01
 2.327297883508811e-01
 2.052294476075325e-01
 4.334986808644021e-01
 6.476022316475761e-01
 9.342575398427825e-01
 6.392288356750754e-01
 6.392288356749304e-01
 9.342575398427657e-01
 6.329692301817540e-01
 1.694168745315013e-01
 1.539779452535329e-01
 7.111846196776182e-02
 1.539779452535298e-01
 7.111846196776031e-02
 1.694168745314893e-01
 5.751142998287111e-01
 5.751142998285500e-01
 5.351155503146888e-01
 7.270105627557735e-01
 5.351155503145165e-01
 7.270105627556389e-01
 5.280091639937680e-02
 2.564600433752723e-01
 5.124358525369505e-01
 7.123131871131330e-01
 5.280091639934117e-02
 2.564600433751383e-01
 5.124358525367758e-01
 7.123131871129929e-01
 7.245639306203532e-01
 2.848129880177085e-01
 2.975011194264754e-01
 2.975011194264520e-01
 2.848129880176005e-01
 7.245639306202195e-01
 6.073857573552354e-01
 6.073857573551935e-01
 9.848635975253350e-01
 8.746679656753624e-01
 5.299906970140175e-01
 2.867266442150295e-01
 1.447274821993149e-01
 9.848635975253348e-01
 8.746679656753558e-01
 5.299906970140030e-01
 2.867266442150169e-01
 1.447274821993075e-01
 7.357494466845718e-01
 7.357494466844386e-01
 4.657360063704823e-02
 1.061425980057502e-01
 3.370565599535282e-01
 1.643478370053440e-01
 7.634635249106136e-02
 3.370565599535250e-01
 1.643478370053416e-01
 7.634635249106020e-02
 4.657360063702790e-02
 1.061425980057074e-01
 5.387748799477120e-01
 5.387748799475619e-01
 1.715329834014837e-01
 7.999811844945766e-02
 1.715329834014822e-01
 7.999811844945694e-02
 3.407258533461315e-02
 1.796102400503900e-01
 4.141146799751018e-01
 6.211253004905030e-01
 3.407258533459096e-02
 1.796102400502917e-01
 4.141146799749421e-01
 6.211253004903521e-01
 9.520179452766020e-01
 8.810351715817960e-01
 7.401943282565152e-01
 1.056305436894867e-01
 1.056305436894827e-01
 9.520179452766001e-01
 8.810351715817910e-01
 7.401943282565063e-01
 3.594767320025983e-01
 3.594767320024690e-01
 4.444109282968278e-01
 4.444109282966827e-01
 3.486552672537526e-01
 3.486552672537526e-01
 1.752066070743329e-01
 8.187522425627847e-02
 1.752066070743324e-01
 8.187522425627823e-02
 6.691345804476562e-01
 6.691345804475058e-01
 8.864485098897669e-01
 7.498909166018217e-01
 3.459079848721221e-01
 5.625378836346342e-01
 3.459079848719664e-01
 5.625378836344703e-01
 8.864485098897628e-01
 7.498909166018141e-01
 8.201820406426774e-01
 8.201820406426611e-01
 5.011711384136476e-01
 5.011711384134836e-01
 9.089301707322798e-01
 7.635439118362347e-01
 5.691458196599800e-01
 1.228696510574672e-01
 1.228696510574632e-01
 9.089301707322661e-01
 7.635439118362053e-01
 5.691458196599417e-01
 6.760217010158343e-01
 3.386085897577859e-01
 1.766288384706699e-01
 3.386085897577742e-01
 1.766288384706625e-01
 6.760217010156854e-01
 3.182990799795602e-06
 -4.380189056891057e-05
 -3.694740159679566e-04
 2.073090109509597e-03
 2.096995678834111e-02
 6.388619052227025e-02
 1.457088028906120e-01
 3.097042132209243e-01
 5.127008718943473e-01
 2.166347996702827e-01
 2.166347996702696e-01
 3.097042132207878e-01
 5.127008718941929e-01
 3.182990799793871e-06
 -4.380189056888890e-05
 -3.694740159677687e-04
 2.073090109508467e-03
 2.096995678833073e-02
 6.388619052224052e-02
 1.457088028905514e-01
 6.080007767148464e-01
 6.080007767146909e-01
 7.578691886234092e-01
 7.578691886233696e-01
 4.007605303804648e-01
 6.149888577409237e-01
 4.007605303802964e-01
 6.149888577407623e-01
 1.994796390326412e-01
 4.365474236038642e-01
 6.463352969264010e-01
 1.994796390325289e-01
 4.365474236036924e-01
 6.463352969262459e-01
 7.463311606953977e-01
 5.034821607200038e-01
 2.971986565286860e-01
 7.463311606953812e-01
 5.034821607199810e-01
 2.971986565286676e-01
 9.568268861868388e-01
 8.916129463033923e-01
 9.568268861868316e-01
 8.916129463033763e-01
 1.676953143818715e-01
 3.918079320523531e-01
 6.010119198804205e-01
 1.676953143817751e-01
 3.918079320521907e-01
 6.010119198802620e-01
 -3.103473034428204e-04
 8.953766818533629e-04
 1.315901464355034e-02
 7.972569580889904e-02
 2.280395697263388e-01
 4.123193788372054e-01
 -3.103473034426287e-04
 8.953766818527667e-04
 1.315901464354191e-02
 7.972569580885271e-02
 2.280395697262294e-01
 4.123193788370601e-01
 1.390441840514346e-01
 1.390441840514308e-01
 8.923774485734787e-02
 1.943991144030633e-01
 8.923774485730418e-02
 1.943991144029812e-01
 9.565069734401088e-01
 8.915154033438586e-01
 7.591198488137491e-01
 3.197505476322152e-02
 1.730464102190433e-01
 3.977930488656354e-01
 6.084141906151734e-01
 1.000466414803586e+00
 9.979345347307800e-01
 9.753643171030644e-01
 8.582848801483560e-01
 6.687746211124271e-01
 4.542956302099166e-01
 1.000466414803586e+00
 9.979345347307799e-01
 9.753643171030615e-01
 8.582848801483414e-01
 6.687746211123997e-01
 4.542956302098872e-01
 3.197505476319949e-02
 1.730464102189426e-01
 3.977930488654686e-01
 6.084141906150126e-01
 9.565069734401073e-01
 8.915154033438548e-01
 7.591198488137423e-01
 5.181976191773627e-01
 5.181976191773286e-01
 1.676858956868447e-01
 3.262350917532243e-01
 1.676858956867604e-01
 3.262350917530958e-01
 5.760448036446618e-01
 7.100806855788288e-03
 3.917456821850986e-02
 1.226571529266090e-01
 2.539524677289677e-01
 7.100806855784169e-03
 3.917456821848794e-02
 1.226571529265475e-01
 2.539524677288624e-01
 5.760448036444976e-01
 4.311126687538360e-01
 6.236573994543763e-01
 9.189187557073321e-01
 6.355798792772684e-01
 3.885677367248792e-01
 2.094641676037320e-01
 3.790206738614939e-01
 3.790206738614696e-01
 9.189187557073284e-01
 6.355798792772583e-01
 3.885677367248686e-01
 2.094641676037247e-01
 6.236573994542173e-01
 4.311126687536757e-01
 6.011138859840026e-01
 6.011138859838419e-01
 8.962319292225741e-01
 7.678602227773189e-01
 1.533970259549899e-01
 1.533970259549866e-01
 8.962319292225708e-01
 7.678602227773129e-01
 8.293495095876395e-01
 8.293495095876252e-01
 8.553136686857897e-01
 8.553136686857588e-01
 1.119570621274570e-01
 2.707161302884509e-01
 4.777927476325686e-01
 1.119570621273883e-01
 2.707161302883151e-01
 4.777927476324031e-01
 9.351898283365763e-01
 9.351898283365612e-01
 4.911674636888754e-01
 4.911674636887171e-01
 2.665840794096668e-01
 2.665840794096541e-01
 1.652904636735347e-01
 1.652904636735319e-01
 8.775658004858752e-01
 7.405822791130864e-01
 8.775658004858541e-01
 7.405822791130504e-01
 4.342390216032149e-01
 2.414703232040223e-01
 4.342390216032045e-01
 2.414703232040149e-01
 2.764042427451032e-01
 4.751010675510929e-01
 5.679023413151457e-01
 1.741623567326957e-01
 1.741623567326937e-01
 5.679023413149799e-01
 2.764042427449693e-01
 4.751010675509315e-01
 5.827125343474739e-01
 3.655907913161260e-01
 5.827125343474534e-01
 3.655907913161071e-01
 1.535936945289943e-03
 2.154634742968154e-02
 1.245393787225261e-01
 3.015508442830928e-01
 5.117479321639785e-01
 1.535936945288791e-03
 2.154634742966652e-02
 1.245393787224490e-01
 3.015508442829448e-01
 5.117479321638091e-01
 1.814945758573730e-01
 1.814945758573730e-01
 1.796499320070967e-01
 1.796499320070958e-01
 3.673628448303168e-01
 3.852724979928823e-01
 3.852724979927372e-01
 3.673628448301664e-01
 3.194161188740311e-01
 5.296807325329475e-01
 3.194161188738789e-01
 5.296807325327789e-01
 9.602375377980815e-01
 9.005156108436232e-01
 7.759119853106962e-01
 9.602375377980806e-01
 9.005156108436208e-01
 7.759119853106907e-01
 2.089078286076477e-01
 3.978699794993454e-01
 2.089078286075345e-01
 3.978699794991872e-01
 9.042848165692970e-01
 7.830626314140217e-01
 1.000000087415537e+00
 1.000005789812275e+00
 9.999792265340318e-01
 9.999371279218934e-01
 1.000485187484635e+00
 9.978829825039717e-01
 9.855077811427463e-01
 9.576913718725846e-01
 8.987119351699808e-01
 1.000000087415537e+00
 1.000005789812278e+00
 9.999792265340337e-01
 9.999371279218944e-01
 1.000485187484635e+00
 9.978829825039711e-01
 9.855077811427441e-01
 9.576913718725787e-01
 8.987119351699677e-01
 9.042848165692948e-01
 7.830626314140177e-01
 8.378757285485008e-01
 8.378757285484884e-01
 4.814466253427275e-01
 4.814466253425608e-01
 9.931261062054968e-01
 9.403659394528597e-01
 7.068238346137211e-01
 4.739009013509414e-01
 2.710187115308762e-01
 9.931261062054964e-01
 9.403659394528580e-01
 7.068238346137146e-01
 4.739009013509324e-01
 2.710187115308693e-01
 3.177445927189554e-01
 3.177445927189435e-01
 4.650259297868845e-01
 4.650259297867213e-01
 2.645426548406536e-01
 4.621785273677115e-01
 2.645426548405194e-01
 4.621785273675459e-01
 2.968283786413306e-01
 2.968283786412054e-01
 2.771901410425280e-01
 4.792444036244792e-01
 2.771901410423874e-01
 4.792444036243101e-01
 4.625241251326903e-01
 4.625241251326670e-01
 5.001251102781463e-01
 5.069150919775174e-01
 2.969992627346790e-01
 5.069150919775098e-01
 2.969992627346730e-01
 5.001251102779773e-01
 6.527074092166510e-02
 1.916598304171714e-01
 3.631950674117315e-01
 6.527074092162469e-02
 1.916598304170703e-01
 3.631950674115857e-01
 3.112865211973709e-01
 3.112865211972342e-01
 7.493243529248209e-01
 5.481493077404729e-01
 7.493243529247997e-01
 5.481493077404460e-01
 2.262481503591207e-01
 2.262481503590189e-01
 4.665545098592548e-01
 8.367729984593747e-01
 6.726422833940885e-01
 8.367729984593539e-01
 6.726422833940565e-01
 4.665545098590873e-01
 9.630517640110933e-01
 9.075291489331867e-01
 7.892779276617671e-01
 7.124624633406319e-01
 7.124624633405984e-01
 9.630517640110926e-01
 9.075291489331850e-01
 7.892779276617639e-01
 9.102719270861168e-01
 7.945794637164952e-01
 9.102719270861150e-01
 7.945794637164919e-01
 8.434134759789434e-01
 6.527911492646951e-01
 4.340789631886443e-01
 8.434134759789338e-01
 6.527911492646776e-01
 4.340789631886265e-01
 9.514777295539933e-01
 7.488572887668302e-01
 5.331039025038499e-01
 3.185867822944285e-01
 9.514777295539923e-01
 7.488572887668263e-01
 5.331039025038440e-01
 3.185867822944236e-01
 4.570064493196191e-01
 2.201024686245346e-01
 4.109821796195561e-01
 2.201024686244143e-01
 4.109821796193925e-01
 4.570064493194507e-01
 6.633196925524817e-02
 6.633196925522064e-02
 3.677328315938614e-01
 3.677328315938503e-01
 8.458563507810882e-01
 1.700078303815986e-01
 1.265539548478000e-01
 1.265539548477427e-01
 1.700078303815208e-01
 8.458563507810772e-01
 5.980455055726031e-02
 1.604112227579667e-01
 3.265581540232974e-01
 6.184431450004468e-01
 6.184431450004173e-01
 5.980455055722167e-02
 1.604112227578746e-01
 3.265581540231522e-01
 5.525267387579602e-01
 3.351993149430620e-01
 5.525267387579560e-01
 3.351993149430582e-01
 9.585473283575628e-01
 9.053440908440503e-01
 3.916867199999913e-01
 9.181622538137668e-02
 9.181622538133671e-02
 3.916867199998323e-01
 9.585473283575576e-01
 9.053440908440393e-01
 9.778477808060529e-01
 9.354985507590224e-01
 8.501976879426396e-01
 9.778477808060480e-01
 9.354985507590085e-01
 8.501976879426106e-01
 1.324222553532639e-01
 2.717540220539521e-01
 1.324222553531913e-01
 2.717540220538311e-01
 9.945031147971898e-01
 9.945031147971898e-01
 9.562234942168705e-01
 7.681444769337732e-01
 5.653402892741026e-01
 3.464547161731988e-01
 9.562234942168701e-01
 7.681444769337722e-01
 5.653402892741001e-01
 3.464547161731965e-01
 8.206540603163200e-02
 2.231642101366939e-01
 4.129646274568560e-01
 3.463142137228732e-01
 3.463142137227273e-01
 8.206540603157852e-02
 2.231642101365723e-01
 4.129646274566919e-01
 9.649952546093725e-01
 9.125364225319810e-01
 7.989958506751212e-01
 9.649952546093717e-01
 9.125364225319796e-01
 7.989958506751186e-01
 9.143337280167917e-01
 8.025523981319870e-01
 5.717005204716868e-01
 3.521318356084917e-01
 5.717005204716858e-01
 3.521318356084909e-01
 9.143337280167908e-01
 8.025523981319850e-01
 2.633228184338302e-01
 2.633228184337081e-01
 9.386173872317291e-01
 9.386173872317153e-01
 4.493133707453604e-02
 4.493133707451858e-02
 6.976703672512119e-04
 9.190599927514182e-03
 5.801132686405411e-02
 1.717042513201786e-01
 3.349122355289106e-01
 6.976703672507157e-04
 9.190599927507764e-03
 5.801132686401642e-02
 1.717042513200819e-01
 3.349122355287644e-01
 4.145685631413968e-01
 4.145685631413866e-01
 7.114874791957922e-01
 4.987739406862971e-01
 7.114874791957788e-01
 4.987739406862819e-01
 9.648426475320155e-01
 9.156374264989634e-01
 8.052932603670999e-01
 9.648426475320150e-01
 9.156374264989625e-01
 8.052932603670984e-01
 9.176128123874550e-01
 8.075678383159138e-01
 9.176128123874543e-01
 8.075678383159127e-01
 5.425829551296691e-01
 5.425829551296482e-01
 9.640016196702657e-01
 9.179325858282115e-01
 8.085021005088244e-01
 1.235395345939881e-01
 2.656706795992328e-01
 1.235395345939143e-01
 2.656706795991040e-01
 9.179325858282116e-01
 8.085021005088242e-01
 2.930435962582444e-02
 9.337142884132948e-02
 2.022165819823204e-01
 2.930435962580664e-02
 9.337142884127718e-02
 2.022165819822235e-01
 8.532873730523473e-01
 8.532873730523378e-01
 3.795170265749324e-01
 3.795170265747727e-01
 -1.114691686969704e-04
 8.205267996951527e-04
 9.942700565957701e-03
 6.409668198345132e-02
 1.833144436808401e-01
 3.551988077961263e-01
 -1.114691686968847e-04
 8.205267996945542e-04
 9.942700565950504e-03
 6.409668198340863e-02
 1.833144436807346e-01
 3.551988077959708e-01
 9.896637914532687e-01
 9.302315486861810e-01
 8.128737570124686e-01
 6.342062247267729e-01
 9.896637914532677e-01
 9.302315486861743e-01
 8.128737570124528e-01
 6.342062247267498e-01
 2.226879873934506e-01
 2.226879873933434e-01
 8.552106450659706e-03
 5.668872870323100e-02
 1.576806571943629e-01
 3.203119652945098e-01
 8.552106450653593e-03
 5.668872870319342e-02
 1.576806571942701e-01
 3.203119652943631e-01
 3.296537652714177e-01
 3.296537652712704e-01
 5.722514492626263e-02
 1.681140138982689e-01
 3.308914804830962e-01
 5.722514492622449e-02
 1.681140138981711e-01
 3.308914804829469e-01
 3.535168773935882e-01
 4.561026675180094e-01
 4.561026675180000e-01
 3.535168773934323e-01
 3.119364130049443e-01
 2.521665891748038e-01
 2.521665891746852e-01
 3.119364130048008e-01
 6.541756029279820e-02
 1.494258438558360e-01
 6.541756029276218e-02
 1.494258438557625e-01
 3.392236578915897e-01
 3.392236578914377e-01
 8.408012985060670e-01
 8.985054734593388e-01
 7.591932349734150e-01
 5.574185094996311e-01
 8.985054734593347e-01
 7.591932349734052e-01
 5.574185094996185e-01
 8.408012985060406e-01
 9.981633557637527e-01
 9.871759178852700e-01
 9.611940488513498e-01
 9.110855100233308e-01
 9.981633557637528e-01
 9.871759178852686e-01
 9.611940488513454e-01
 9.110855100233211e-01
 1.511599829791171e-01
 3.080687403862112e-01
 1.511599829790266e-01
 3.080687403860661e-01
 4.913835953942479e-01
 4.913835953942399e-01
 9.971918490875195e-01
 9.727681935312736e-01
 9.227629903979909e-01
 8.230420109198006e-01
 9.971918490875190e-01
 9.727681935312688e-01
 9.227629903979778e-01
 8.230420109197749e-01
 1.113573913670618e-01
 2.365331503643697e-01
 1.113573913669960e-01
 2.365331503642534e-01
 7.056204049400453e-01
 7.056204049400214e-01
 8.602517652379137e-01
 8.602517652379056e-01
 9.612974066031694e-01
 8.887902922499804e-01
 7.587218589432552e-01
 6.154778918481869e-01
 6.154778918481683e-01
 9.612974066031645e-01
 8.887902922499668e-01
 7.587218589432306e-01
 1.360781508638067e-02
 4.845735252941274e-02
 1.098729475041643e-01
 1.360781508637293e-02
 4.845735252938706e-02
 1.098729475041107e-01
 1.881346786718087e-01
 1.881346786717158e-01
 3.523395802389671e-02
 9.565464334828322e-02
 2.150888447720911e-01
 3.523395802387375e-02
 9.565464334822460e-02
 2.150888447719801e-01
 1.810292398289828e-01
 1.810292398288919e-01
 9.630461927678319e-01
 9.132728661139207e-01
 9.630461927678226e-01
 9.132728661138999e-01
 5.200866857142107e-01
 5.200866857142044e-01
 7.965810328379972e-01
 7.975065858003981e-01
 6.088263674240739e-01
 7.975065858003909e-01
 6.088263674240635e-01
 7.965810328379721e-01
 1.120237375979230e-01
 2.440516370095366e-01
 1.120237375978537e-01
 2.440516370094122e-01
 8.607256291467684e-01
 7.082366308770685e-01
 8.607256291467571e-01
 7.082366308770497e-01
 2.443878388849753e-01
 2.443878388848518e-01
 3.444782681623395e-02
 8.007784389629127e-02
 3.444782681621675e-02
 8.007784389625362e-02
 8.667452303406035e-01
 8.667452303405967e-01
 5.421918027859480e-01
 5.421918027859431e-01
 2.743200636881329e-01
 2.743200636879972e-01
 1.607576926795539e-01
 1.607576926794733e-01
 2.259387644068274e-01
 2.645349801179508e-01
 2.645349801178180e-01
 2.259387644067122e-01
 1.168837562459552e-01
 2.495813699167659e-01
 1.168837562458823e-01
 2.495813699166378e-01
 1.014032110257435e-01
 2.195651981326193e-01
 1.014032110256806e-01
 2.195651981325047e-01
 9.636126117256369e-01
 9.163762761836762e-01
 9.636126117256325e-01
 9.163762761836673e-01
 9.401662419493334e-01
 7.383214809507668e-02
 1.737875366671175e-01
 7.383214809503097e-02
 1.737875366670240e-01
 9.401662419493205e-01
 5.578110486382415e-01
 5.578110486382383e-01
 2.480810100116244e-03
 2.455649898478672e-02
 7.346369110342395e-02
 1.657122245398477e-01
 2.480810100114488e-03
 2.455649898477107e-02
 7.346369110338000e-02
 1.657122245397607e-01
 5.671035722400529e-01
 5.671035722400513e-01
 5.701845861174751e-01
 5.701845861174751e-01
 6.785017935483236e-01
 6.785017935483089e-01
 1.024924492716197e-01
 2.226650978633377e-01
 1.024924492715548e-01
 2.226650978632194e-01
 1.311952674775468e-01
 9.312468570015984e-01
 8.271775849033977e-01
 6.519788646049668e-01
 9.312468570015957e-01
 8.271775849033917e-01
 6.519788646049572e-01
 1.311952674774784e-01
 8.728422074903338e-01
 8.728422074903284e-01
 2.186757509624307e-01
 2.186757509623148e-01
 3.459610666511349e-02
 1.009864265481270e-01
 2.221299972097717e-01
 3.459610666508966e-02
 1.009864265480625e-01
 2.221299972096528e-01
 2.330599183010091e-01
 2.330599183008865e-01
 1.385721756707788e-01
 1.385721756707091e-01
 8.493735274493307e-01
 6.867367689259813e-01
 8.493735274493261e-01
 6.867367689259738e-01
 1.889615953637434e-01
 7.767214205134415e-01
 7.767214205134230e-01
 1.889615953636410e-01
 8.785385731760499e-01
 8.785385731760453e-01
 -8.379830787402895e-04
 3.089859657778067e-03
 2.936764211199238e-02
 7.920411561066235e-02
 1.830916141753764e-01
 -8.379830787397514e-04
 3.089859657775776e-03
 2.936764211197251e-02
 7.920411561061159e-02
 1.830916141752753e-01
 9.999550991020151e-01
 1.000376380502375e+00
 9.983990318782480e-01
 9.887904268310085e-01
 9.658808911994125e-01
 9.212537085164215e-01
 7.702718964067263e-03
 2.549519131482883e-02
 5.652294125386036e-02
 9.999543215921968e-01
 1.000014737147770e+00
 1.001054288419864e+00
 9.941214229511860e-01
 9.620247412580147e-01
 8.955732879246212e-01
 7.688951635540299e-01
 9.999543215921957e-01
 1.000014737147770e+00
 1.001054288419864e+00
 9.941214229511857e-01
 9.620247412580113e-01
 8.955732879246131e-01
 7.688951635540150e-01
 7.702718964063568e-03
 2.549519131481707e-02
 5.652294125383520e-02
 9.999550991020160e-01
 1.000376380502375e+00
 9.983990318782480e-01
 9.887904268310076e-01
 9.658808911994090e-01
 9.212537085164139e-01
 9.249271009455252e-01
 8.256847047349672e-01
 9.249271009455163e-01
 8.256847047349499e-01
 1.526827824370109e-01
 1.526827824369274e-01
 2.262111026184755e-02
 5.834834385038692e-02
 1.411547520604169e-01
 2.262111026183305e-02
 5.834834385035072e-02
 1.411547520603389e-01
 7.306160449398961e-01
 7.306160449398844e-01
 1.205213195093433e-01
 1.205213195092832e-01
 5.136468925081057e-02
 1.162926271261903e-01
 9.490605658538491e-02
 9.468592770384541e-01
 8.658898964012247e-01
 7.139908017162248e-01
 9.468592770384527e-01
 8.658898964012213e-01
 7.139908017162190e-01
 9.490605658533571e-02
 5.136468925077996e-02
 1.162926271261270e-01
 1.924749438193110e-01
 1.924749438192049e-01
 1.900650991534331e-01
 1.900650991533273e-01
 8.838988832506188e-01
 8.838988832506148e-01
 8.779015021070218e-01
 7.346196773373496e-01
 8.779015021070193e-01
 7.346196773373450e-01
 2.090538617952450e-02
 6.253367586109167e-02
 1.442981529743518e-01
 2.090538617951052e-02
 6.253367586105195e-02
 1.442981529742701e-01
 9.122113992098254e-01
 9.122113992098065e-01
 2.633603336547109e-03
 2.578346358242585e-02
 7.326629550062334e-02
 1.685650251215583e-01
 2.633603336545103e-03
 2.578346358240796e-02
 7.326629550057517e-02
 1.685650251214615e-01
 9.679005877371125e-01
 9.257293730235546e-01
 9.599992785071629e-01
 9.065199363096352e-01
 9.599992785071547e-01
 9.065199363096171e-01
 9.679005877371095e-01
 9.257293730235479e-01
 9.510911410413307e-01
 8.819389482044914e-01
 9.510911410413229e-01
 8.819389482044739e-01
 8.889027569974584e-01
 9.439384054014582e-01
 6.656902380071088e-02
 1.561768566964938e-01
 9.544681728068708e-01
 8.862465744012588e-01
 7.493880036294980e-01
 9.544681728068702e-01
 8.862465744012573e-01
 7.493880036294949e-01
 6.656902380066668e-02
 1.561768566964024e-01
 9.439384054014470e-01
 8.889027569974545e-01
 4.681549551517721e-02
 1.153754848706812e-01
 4.681549551514826e-02
 1.153754848706164e-01
 8.915112057792218e-01
 7.588953412197565e-01
 8.596319543143273e-01
 8.596319543143103e-01
 8.915112057792206e-01
 7.588953412197549e-01
 1.464059845524586e-01
 1.464059845523750e-01
 7.730498194076985e-01
 7.730498194076904e-01
 1.057985558083248e-01
 1.057985558082727e-01
 9.221475362315049e-01
 8.173991434286678e-01
 9.221475362314993e-01
 8.173991434286565e-01
 5.652572227824850e-02
 1.363065856718550e-01
 5.652572227821148e-02
 1.363065856717751e-01
 1.950400849561187e-03
 1.970120625754980e-02
 5.839145289799506e-02
 1.364072329424878e-01
 9.567509474844912e-01
 9.567509474844912e-01
 8.940561787087873e-01
 7.635470420639116e-01
 8.940561787087871e-01
 7.635470420639110e-01
 1.950400849559724e-03
 1.970120625753620e-02
 5.839145289795662e-02
 1.364072329424074e-01
 1.380785468382226e-01
 1.380785468381425e-01
 2.103736716127085e-02
 6.131046559611112e-02
 1.432477261128698e-01
 2.103736716125614e-02
 6.131046559607018e-02
 1.432477261127846e-01
 1.525724707163697e-01
 8.327925793182297e-01
 8.327925793182164e-01
 1.525724707162802e-01
 -3.577662364130656e-05
 1.471606598187792e-03
 9.648799222888606e-03
 3.526867209772712e-02
 8.255043247101447e-02
 -3.577662364128494e-05
 1.471606598186864e-03
 9.648799222882663e-03
 3.526867209770650e-02
 8.255043247096915e-02
 8.935392058475046e-01
 8.935392058475018e-01
 8.980201378998701e-01
 8.980201378998529e-01
 9.360960174455359e-02
 9.360960174450848e-02
 1.372567159532143e-01
 1.372567159531327e-01
 9.985954014695050e-01
 9.901278135598037e-01
 9.697996335609128e-01
 9.298641211267739e-01
 6.875955067743293e-02
 6.875955067739825e-02
 9.985954014695047e-01
 9.901278135598025e-01
 9.697996335609103e-01
 9.298641211267682e-01
 1.035777233489557e-01
 1.035777233488974e-01
 1.386173894387117e-01
 1.386173894386300e-01
 8.074361555778682e-01
 8.074361555778615e-01
 8.976721681474780e-01
 8.976721681474753e-01
 9.811161923288216e-01
 9.482649344426586e-01
 8.748503483733777e-01
 9.811161923288193e-01
 9.482649344426528e-01
 8.748503483733652e-01
 4.121935890597209e-02
 9.526491720325460e-02
 4.121935890594609e-02
 9.526491720319880e-02
 1.269628429863135e-02
 3.956040201717052e-02
 9.458852922646253e-02
 1.269628429862321e-02
 3.956040201714641e-02
 9.458852922640898e-02
 9.966527764269993e-01
 9.769363744268738e-01
 9.399464841466392e-01
 8.542412633633319e-01
 9.966527764269992e-01
 9.769363744268723e-01
 9.399464841466351e-01
 8.542412633633237e-01
 1.291071944949707e-01
 1.291071944948925e-01
 9.459264410087819e-01
 9.459264410087721e-01
 9.012833477100322e-01
 9.715017927338128e-01
 9.336707101369455e-01
 1.137059315818538e-01
 1.137059315817864e-01
 9.715017927338103e-01
 9.336707101369406e-01
 9.012833477100302e-01
 8.240836066043816e-02
 8.240836066039942e-02
 8.331406815910706e-01
 8.331406815910649e-01
 4.751271927040453e-02
 1.106095952695855e-01
 4.751271927037243e-02
 1.106095952695169e-01
 1.888908058147769e-03
 1.299818426901270e-02
 4.232843930576084e-02
 1.009056131962863e-01
 9.929879406486493e-01
 9.771573938071839e-01
 9.487465387061369e-01
 9.929879406486468e-01
 9.771573938071768e-01
 9.487465387061219e-01
 1.888908058146399e-03
 1.299818426900356e-02
 4.232843930573284e-02
 1.009056131962246e-01
 9.043557423459869e-01
 9.043557423459853e-01
 1.390815893470244e-02
 4.616462641907888e-02
 1.080547580194039e-01
 1.390815893469241e-02
 4.616462641904769e-02
 1.080547580193369e-01
 7.640708497425718e-02
 7.640708497422202e-02
 8.741480887026412e-01
 8.741480887026315e-01
 3.420805295521029e-02
 7.834554002767966e-02
 3.420805295518983e-02
 7.834554002763534e-02
 9.069398831971284e-01
 9.069398831971268e-01
 8.525302295317989e-01
 8.525302295317950e-01
 9.523402382919475e-01
 8.820016766053338e-01
 9.523402382919453e-01
 8.820016766053284e-01
 9.090294243584665e-01
 2.678657818553892e-02
 5.898108642499737e-02
 2.678657818552403e-02
 5.898108642496581e-02
 9.090294243584655e-01
 8.783137894287132e-02
 8.783137894281830e-02
 9.036424029452361e-01
 9.036424029452248e-01
 7.271188080221513e-02
 7.271188080217354e-02
 3.603732843336150e-02
 8.402453456959717e-02
 3.603732843333764e-02
 8.402453456954515e-02
 1.000003517011712e+00
 9.999863952869469e-01
 9.999643018402175e-01
 1.000298167016161e+00
 9.987564885235266e-01
 9.912430739504740e-01
 9.731029971101294e-01
 9.371955913279976e-01
 1.000003517011714e+00
 9.999863952869484e-01
 9.999643018402178e-01
 1.000298167016161e+00
 9.987564885235272e-01
 9.912430739504732e-01
 9.731029971101273e-01
 9.371955913279932e-01
 9.106390010537682e-01
 9.106390010537670e-01
 9.881006222944669e-02
 9.881006222938568e-02
 9.117970361645907e-01
 3.807002710405098e-02
 8.927758874357951e-02
 3.807002710402487e-02
 8.927758874352250e-02
 9.117970361645901e-01
 6.929734107417236e-02
 1.000071684212849e+00
 9.986374953578881e-01
 9.906915200969686e-01
 9.677668833466673e-01
 9.223364113253352e-01
 1.000071684212849e+00
 9.986374953578878e-01
 9.906915200969675e-01
 9.677668833466623e-01
 9.223364113253238e-01
 6.929734107414137e-02
 9.126781522644181e-01
 8.877304051822574e-02
 8.877304051817196e-02
 9.712498125092077e-02
 8.668730742694195e-01
 8.668730742694168e-01
 9.712498125085958e-02
 9.133814530723616e-01
 9.133814530723613e-01
 9.623488641510394e-01
 9.103593156883034e-01
 9.623488641510356e-01
 9.103593156882949e-01
 3.458566714707600e-02
 8.158058762014900e-02
 3.458566714705245e-02
 8.158058762009693e-02
 6.588331354412634e-02
 6.588331354409772e-02
 3.273309271438072e-02
 7.506320432881890e-02
 3.273309271435901e-02
 7.506320432877170e-02
 8.105624279048147e-02
 8.771651640411405e-01
 8.771651640411384e-01
 8.105624279043039e-02
 1.774853412808603e-02
 4.004888271106107e-02
 1.774853412807842e-02
 4.004888271104429e-02
 9.745397844067381e-01
 9.404488579380346e-01
 8.343096988041968e-02
 9.999469218450308e-01
 1.000391594518475e+00
 9.981249859932398e-01
 9.870687611159401e-01
 9.598087086813120e-01
 9.033752135540075e-01
 9.999469218450310e-01
 1.000391594518476e+00
 9.981249859932398e-01
 9.870687611159396e-01
 9.598087086813102e-01
 9.033752135540037e-01
 8.343096988036620e-02
 9.745397844067363e-01
 9.404488579380311e-01
 8.662657032557172e-02
 8.662657032551620e-02
 8.741190789425550e-03
 2.857200312368169e-02
 6.321110126429429e-02
 8.741190789419951e-03
 2.857200312366408e-02
 6.321110126425701e-02
 4.982319914638395e-02
 4.982319914636010e-02
 9.047778618881798e-01
 9.047778618881723e-01
 8.883628273066560e-03
 2.855883957107365e-02
 6.597835992249529e-02
 8.840513951849923e-01
 8.840513951849910e-01
 8.883628273061148e-03
 2.855883957105685e-02
 6.597835992245832e-02
 3.281487272845819e-02
 7.431691120247577e-02
 3.281487272843590e-02
 7.431691120242792e-02
 5.952709821023616e-02
 6.122852668770717e-02
 8.893089669548337e-01
 8.893089669548337e-01
 8.880238323113661e-01
 8.880238323113654e-01
 6.122852668768147e-02
 5.952709821021199e-02
 5.604309685635897e-02
 9.498398444009173e-01
 9.498398444009085e-01
 5.604309685633781e-02
 2.452376721895561e-05
 5.159013290662657e-05
 -6.865678492927665e-05
 1.258127125241069e-03
 8.713973393042723e-03
 3.134839155258048e-02
 7.144283069815471e-02
 2.452376721893778e-05
 5.159013290659046e-05
 -6.865678492923026e-05
 1.258127125240139e-03
 8.713973393036438e-03
 3.134839155255899e-02
 7.144283069810811e-02
 1.000000059785566e+00
 1.000002599154946e+00
 9.999943742238177e-01
 9.999716834167921e-01
 9.999989776065226e-01
 9.990561449554972e-01
 9.932664366602637e-01
 9.779848115886693e-01
 9.498663025763612e-01
 1.000000059785566e+00
 1.000002599154945e+00
 9.999943742238150e-01
 9.999716834167898e-01
 9.999989776065226e-01
 9.990561449554967e-01
 9.932664366602625e-01
 9.779848115886643e-01
 9.498663025763496e-01
 5.650700499569723e-02
 5.650700499567508e-02
 9.988931042667750e-01
 9.921813756486757e-01
 9.758997424236882e-01
 9.434710628787064e-01
 9.988931042667749e-01
 9.921813756486749e-01
 9.758997424236868e-01
 9.434710628787035e-01
 9.648917171329735e-01
 9.192029992521975e-01
 9.648917171329719e-01
 9.192029992521945e-01
 9.343401641516527e-01
 9.343401641516420e-01
 9.920785042470304e-01
 9.748113621441500e-01
 9.430697812301859e-01
 9.920785042470287e-01
 9.748113621441450e-01
 9.430697812301755e-01
 9.489553973755601e-01
 9.489553973755468e-01
 2.419314636033705e-02
 5.624077012030979e-02
 2.419314636032313e-02
 5.624077012027875e-02
 6.934447063355735e-02
 6.934447063351500e-02
 9.771288111607375e-01
 9.462705215480673e-01
 9.771288111607366e-01
 9.462705215480652e-01
 7.139981344495622e-02
 7.139981344491059e-02
 5.830358526985516e-02
 5.830358526981962e-02
 9.986767064528514e-01
 9.906075064350616e-01
 9.700968949916363e-01
 9.305454939794008e-01
 9.986767064528517e-01
 9.906075064350610e-01
 9.700968949916352e-01
 9.305454939793985e-01
 9.341652270751479e-01
 9.917730500160628e-01
 9.718704780628371e-01
 9.354044869173108e-01
 9.917730500160616e-01
 9.718704780628346e-01
 9.354044869173053e-01
 9.341652270751405e-01
 9.463369851161152e-01
 9.281822928733203e-01
 9.281822928733154e-01
 9.463369851161034e-01
 9.520688050576730e-01
 9.520688050576649e-01
 9.999710811648796e-01
 1.000241724326592e+00
 9.990070055679450e-01
 9.929770211986121e-01
 9.782925193451805e-01
 9.488783625729723e-01
 -3.957821774803907e-07
 7.019099903279090e-08
 9.617462821656097e-08
 -4.398523660495912e-06
 4.826578368550438e-06
 2.857035945433356e-05
 8.170778358021387e-06
 9.931168463624197e-04
 7.009030229922827e-03
 2.316451931241869e-02
 5.225068033698027e-02
 -3.957821774803096e-07
 7.019099903277925e-08
 9.617462821650993e-08
 -4.398523660493021e-06
 4.826578368546519e-06
 2.857035945431465e-05
 8.170778358017962e-06
 9.931168463617392e-04
 7.009030229918126e-03
 2.316451931240364e-02
 5.225068033694752e-02
 9.999710811648791e-01
 1.000241724326592e+00
 9.990070055679450e-01
 9.929770211986120e-01
 9.782925193451797e-01
 9.488783625729704e-01
 5.023469796502737e-02
 5.023469796499910e-02
 -7.845277735687550e-05
 1.004760682142875e-03
 7.081615353314948e-03
 2.427120017773722e-02
 5.654521986730150e-02
 -7.845277735682415e-05
 1.004760682142168e-03
 7.081615353310047e-03
 2.427120017772104e-02
 5.654521986726527e-02
 9.793429792266385e-01
 9.512972931460362e-01
 6.234076033222412e-02
 6.234076033218296e-02
 9.793429792266378e-01
 9.512972931460347e-01
 9.737875770246396e-01
 9.388031173365730e-01
 9.737875770246387e-01
 9.388031173365716e-01
 7.794099852615880e-04
 5.527959165906895e-03
 1.849415550513683e-02
 4.171797304317561e-02
 7.794099852611614e-04
 5.527959165903911e-03
 1.849415550512713e-02
 4.171797304315428e-02
 9.778854091356446e-01
 9.487233888899127e-01
 9.778854091356420e-01
 9.487233888899060e-01
 7.516033813505282e-03
 2.394607518058300e-02
 5.420344659182345e-02
 7.516033813499911e-03
 2.394607518056640e-02
 5.420344659178732e-02
 6.481850220537788e-03
 2.074198048118934e-02
 4.853063336163585e-02
 6.481850220534087e-03
 2.074198048117774e-02
 4.853063336160969e-02
 5.794877314797505e-02
 5.794877314793664e-02
 9.991034427301466e-01
 9.936455978340416e-01
 9.803332924313231e-01
 9.535368022387604e-01
 5.587083998512193e-02
 5.587083998508770e-02
 9.991034427301464e-01
 9.936455978340414e-01
 9.803332924313223e-01
 9.535368022387590e-01
 1.942989033889040e-02
 4.398480333854546e-02
 9.999883857547105e-01
 9.999883857547105e-01
 9.999677349391477e-01
 1.000256095904684e+00
 9.989474598180338e-01
 9.924978390997216e-01
 9.764653240023968e-01
 9.447191811816703e-01
 9.999677349391481e-01
 1.000256095904685e+00
 9.989474598180332e-01
 9.924978390997209e-01
 9.764653240023964e-01
 9.447191811816693e-01
 1.942989033887865e-02
 4.398480333851958e-02
 7.200876069775462e-03
 2.227826294387092e-02
 5.109388889656879e-02
 7.200876069770391e-03
 2.227826294385566e-02
 5.109388889653511e-02
 9.812061149427169e-01
 9.555563805478159e-01
 9.812061149427165e-01
 9.555563805478150e-01
 9.426958618354496e-01
 9.426958618354464e-01
 2.571203880840114e-06
 8.850975958386265e-04
 6.347135945618768e-03
 2.074572245806924e-02
 4.735995043642501e-02
 5.024284408379302e-02
 5.024284408376069e-02
 2.571203880839899e-06
 8.850975958379848e-04
 6.347135945614251e-03
 2.074572245805487e-02
 4.735995043639328e-02
 6.423434223876531e-03
 2.092490210650893e-02
 4.714551545989149e-02
 6.423434223872052e-03
 2.092490210649475e-02
 4.714551545986060e-02
 9.782435988663853e-01
 9.487695495115007e-01
 9.782435988663846e-01
 9.487695495114999e-01
 9.793485757285820e-01
 9.523737604161154e-01
 9.793485757285800e-01
 9.523737604161112e-01
 1.826278192144219e-02
 4.263704155596470e-02
 1.826278192143229e-02
 4.263704155594232e-02
 5.107685298740784e-02
 5.107685298737354e-02
 2.005455703954823e-02
 4.644341348764185e-02
 2.005455703953423e-02
 4.644341348761049e-02
 1.000001897534729e+00
 1.000005214719170e+00
 9.999952468946584e-01
 9.999752705058916e-01
 1.000204538136509e+00
 9.991783217505211e-01
 9.941718362372048e-01
 9.819877272831762e-01
 9.573319655615373e-01
 5.090338501431078e-02
 5.090338501427760e-02
 1.000005214719171e+00
 9.999952468946587e-01
 9.999752705058915e-01
 1.000204538136509e+00
 9.991783217505215e-01
 9.941718362372045e-01
 9.819877272831758e-01
 9.573319655615365e-01
 9.990614592282235e-01
 9.932880881891895e-01
 9.793783774264916e-01
 9.513086736949896e-01
 9.990614592282234e-01
 9.932880881891892e-01
 9.793783774264911e-01
 9.513086736949888e-01
 9.799115135567517e-01
 9.525282083682198e-01
 9.799115135567515e-01
 9.525282083682197e-01
 4.764055816267180e-02
 4.764055816264011e-02
 1.836484899946448e-02
 4.324529327714342e-02
 1.836484899945224e-02
 4.324529327711547e-02
 9.826410542397485e-01
 9.588528296456756e-01
 9.826410542397479e-01
 9.588528296456748e-01
 9.554088724176699e-01
 9.533873019945311e-01
 9.533873019945263e-01
 9.554088724176635e-01
 9.992333464790719e-01
 9.945510466201247e-01
 9.832046259922756e-01
 9.601372043491282e-01
 9.992333464790724e-01
 9.945510466201246e-01
 9.832046259922755e-01
 9.601372043491275e-01
 9.836573876322777e-01
 9.611910659134761e-01
 9.836573876322775e-01
 9.611910659134754e-01
 4.501612472977700e-02
 9.544679400292926e-01
 9.544679400292908e-01
 4.501612472974958e-02
 9.999383504374579e-01
 1.000085343002985e+00
 9.992729694471298e-01
 9.948201129781744e-01
 9.840157491662457e-01
 9.620070486630902e-01
 9.999383504374578e-01
 1.000085343002985e+00
 9.992729694471295e-01
 9.948201129781744e-01
 9.840157491662455e-01
 9.620070486630896e-01
 9.842106442569527e-01
 9.623119766951134e-01
 9.842106442569524e-01
 9.623119766951127e-01
 9.585890720141872e-01
 9.585890720141804e-01
        </DataArray>
        <DataArray type="Float32" Name="mu" format="ascii">
 -8.038886009753430e+00
 -8.506570483922648e+00
 -8.038886009753430e+00
 -5.716351637604271e+00
 -1.185745999277501e+01
 -5.716351637604271e+00
 -6.261530954376844e+00
 -2.326925025927430e+02
 -6.261530954376844e+00
 -8.255508816280814e+00
 -8.255526199727846e+00
 -8.710114055583350e+00
 -8.710114367076056e+00
 -8.271086978197374e+00
 -8.893550660962957e+00
 -7.656631751273824e+00
 -7.674400150602933e+00
 -7.674400150602933e+00
 -8.271095865978312e+00
 -7.656635859880906e+00
 -3.839471824086941e+01
 -8.266372983389107e+01
 -1.656179010094425e+00
 -1.656179010094425e+00
 -8.266372983389198e+01
 -8.049558899696377e+00
 -8.493793598495232e+00
 -9.200850989677727e+00
 -7.323076921859883e+00
 -8.493804396784226e+00
 -8.049572192570119e+00
 -7.323089451033028e+00
 -9.200857557470076e+00
 -4.019605605381733e+00
 -9.935228909647149e+00
 -1.175855088953839e+02
 -2.141401666073609e+00
 -9.935229926280909e+00
 -4.019610373372702e+00
 -2.141401666074355e+00
 -1.175855088953851e+02
 -8.269196264567588e+00
 -8.106550670901827e+00
 -8.437254171209158e+00
 -8.701914291635589e+00
 -8.588182333296039e+00
 -9.676363983562270e+00
 -8.171129474551831e+00
 -1.025404861379530e+01
 -6.164902970504925e+00
 -7.838429526463710e+00
 -7.019874769738470e+00
 -7.019874769738470e+00
 -7.960082756074391e+00
 -7.960082756074391e+00
 -8.269210000343758e+00
 -8.437265332182452e+00
 -8.106562485804432e+00
 -7.838448957236480e+00
 -8.171146060822389e+00
 -6.164912576167718e+00
 -1.025405448127108e+01
 -8.701922892220516e+00
 -5.853253230384979e+00
 -3.509429412553201e-01
 -2.234062695423967e+01
 -1.480412097818081e+02
 -3.569330348050872e+01
 -2.488748745018843e+02
 -2.267648135973787e+01
 2.200214214634736e-01
 2.487903074734547e+00
 2.487903074734547e+00
 -3.617580411424084e+00
 -3.617580411424084e+00
 -5.853257611901708e+00
 2.200209915757922e-01
 -3.569330348051067e+01
 -2.267648135973515e+01
 -2.488748745018828e+02
 -3.509429411346069e-01
 -8.174142274149569e+00
 -8.103417097690226e+00
 -8.038811040496748e+00
 -8.367875544976233e+00
 -8.506489900834193e+00
 -8.430323443233130e+00
 -8.669533322201177e+00
 -9.118298639425129e+00
 -1.024558220683308e+01
 -8.583721518582896e+00
 -8.828937936781964e+00
 -7.336638618439668e+00
 -6.561742687123737e+00
 -7.898422363232236e+00
 -7.465204551567412e+00
 -7.880843371941336e+00
 -8.367885223389294e+00
 -8.430336235228278e+00
 -8.506497192888913e+00
 -8.174155805739549e+00
 -8.038817782993934e+00
 -8.103432341879016e+00
 -7.880856859859744e+00
 -7.465212533933122e+00
 -6.561749202386472e+00
 -7.898438619008118e+00
 -7.336650748795055e+00
 -8.828946352081202e+00
 -1.024558806542790e+01
 -8.583734425379113e+00
 -9.118302135134870e+00
 -8.669538085828915e+00
 -5.916091922246179e+00
 -4.793635788740017e+00
 -4.850222129505390e+00
 -8.420278967955298e+00
 -1.354610412024345e+01
 -4.192887034336664e+00
 -1.962685095338677e+01
 -1.390017029378931e+00
 -2.506880520247777e+02
 -1.631008705986839e+00
 -1.253639034174544e+02
 -4.278054550790182e+01
 -2.922276099225770e+00
 -6.206111010578705e-01
 3.335244739286524e+00
 -2.518973864492596e+00
 -8.420279641095332e+00
 -4.192887508194828e+00
 -1.354610332087499e+01
 -5.916098158999935e+00
 -4.850225197209112e+00
 -4.793637365799953e+00
 -2.518975393848085e+00
 3.335244577502428e+00
 -2.922276099227662e+00
 -6.206111010582290e-01
 -4.278054550790137e+01
 -1.253639034174556e+02
 -2.506880520247781e+02
 -1.631008705988628e+00
 -1.390017029378731e+00
 -1.962684989501171e+01
 -4.950835230117106e+00
 -6.947083719581441e+00
 -2.751462978802890e+00
 -3.361394425341270e-01
 -4.365435096733764e+01
 -1.369478895129403e+02
 2.933024597788248e-02
 -2.155383771558606e+00
 -6.719110463063694e+01
 -1.370618776223433e+00
 -2.162174659665222e+01
 -2.137131932138989e+01
 4.492943180334599e+00
 -4.221071169347994e+00
 -4.221071169347994e+00
 -4.950835614013642e+00
 4.492943180335321e+00
 -2.137131932139032e+01
 -2.162174659665466e+01
 -6.719110463063907e+01
 -1.370618776223991e+00
 -2.155383771559190e+00
 -2.751462940114255e+00
 -3.361394745285267e-01
 -1.369478895129411e+02
 -6.947084202801364e+00
 -4.905250961017865e+00
 -6.785891548047862e+00
 -4.097873197236356e+01
 -1.856843056914865e+00
 -6.867073767338094e+01
 -6.284248813654442e+01
 2.763560597047884e-01
 -7.868258545501515e-01
 -4.572140863809210e+01
 -1.176421911447626e+00
 -1.815322360434932e-01
 -2.275573572368612e+01
 -2.595986705458372e+01
 -2.450298402681489e+01
 5.602973360429734e+00
 -4.905251227900620e+00
 5.602973360428654e+00
 -2.450298402681455e+01
 -2.595986705458321e+01
 -2.275573572368944e+01
 -4.572140863809376e+01
 -1.176421911447917e+00
 -1.815322360434961e-01
 -6.284248813654526e+01
 2.763560597047696e-01
 -7.868258545504054e-01
 -6.867073767338137e+01
 -4.097873199225990e+01
 -1.856843242773678e+00
 -6.785891331987171e+00
 2.977311365134247e+01
 -3.603853998078456e+00
 -1.927907298759681e+00
 -3.178686428345637e-01
 -6.163552337158117e-01
 1.239296532472348e+01
 -6.737875769421836e+01
 1.940225510288713e-01
 -6.935855672680876e+01
 -2.164365209446736e+00
 -4.860836726238927e-01
 -5.678998880389332e+01
 -1.037673103737829e+00
 8.751266068746105e-02
 -2.675466618087197e+00
 1.279715614004560e-01
 -9.306933294971357e+00
 -1.507469625889536e+01
 -9.465406649092442e-01
 -1.174338617288284e+00
 -3.269460136167541e+01
 -1.773530747200428e+01
 -2.297528856004936e+00
 2.578627154879980e-01
 -1.222699192846694e-01
 -2.460689902728995e+01
 5.309670372090451e-01
 5.309670372090451e-01
 1.921149844684618e+00
 1.991656770668512e+00
 1.091199518854141e+00
 2.774383064054914e+00
 -1.197546526714030e+01
 -1.197546526714030e+01
 2.977311328533624e+01
 -3.603854369265742e+00
 -2.460689902728844e+01
 2.578627152575976e-01
 1.091199518853982e+00
 2.774383064050059e+00
 1.921149844690527e+00
 1.991656770668572e+00
 -9.306933294972330e+00
 -1.222699192846833e-01
 -1.773530747200417e+01
 -3.269460136167790e+01
 1.279715613995663e-01
 -9.465406649164467e-01
 -1.174338617288711e+00
 -1.507469625889715e+01
 -2.675466618087637e+00
 -4.860836726240066e-01
 -5.678998880389464e+01
 8.751266068737178e-02
 -1.927907332791909e+00
 -3.178686302209028e-01
 -1.037673103738132e+00
 -6.163552451558421e-01
 1.239296527314395e+01
 -2.164365209448115e+00
 1.940225510288102e-01
 -6.737875769421939e+01
 -3.338647962665819e+01
 -3.326765000400624e+01
 2.277511246382654e-01
 -9.444164595527687e-01
 -1.995502938838238e+01
 -8.989436860723575e-01
 -9.383730310132188e-01
 -1.634307560028046e-02
 -8.879347808757604e-03
 -3.320743655178794e-01
 2.728360478651453e-01
 -2.958540976024812e+01
 -3.242036437844675e-01
 -1.191617171126702e+00
 2.086756629520115e+01
 5.527871942367942e-01
 -9.557077713069883e-01
 -1.382465076663535e-01
 -1.733160941263100e-01
 -1.901965014861052e+01
 -1.498821761500007e+00
 8.385633103334090e+00
 2.180301597442504e+00
 5.527871942366246e-01
 2.180301597442601e+00
 -1.498821761499828e+00
 8.385633103333648e+00
 2.086756629520183e+01
 -1.901965014861051e+01
 -1.382467902523549e-01
 -1.733160941264980e-01
 -9.557077713073541e-01
 -1.995502938838504e+01
 -1.191617171127062e+00
 -8.989436850066106e-01
 -3.242036437844664e-01
 -8.879347808766527e-03
 -3.320743655237435e-01
 -2.958540976024916e+01
 -3.326765000400697e+01
 2.728360479107174e-01
 2.277511246381371e-01
 -1.634307559830336e-02
 -9.383730310200448e-01
 -9.444164595531342e-01
 -3.338647962665872e+01
 1.712593406704357e+01
 -6.321629004699728e-01
 3.441732787540746e-01
 3.536226376255356e-01
 3.055187628294382e-01
 -3.114715764272747e+01
 -1.378134037631130e+00
 -6.460971068023202e-01
 -8.022474140195579e-01
 -2.619430894120084e+01
 -1.242152414777853e+00
 -1.889675631240268e+00
 -6.449077852676420e-01
 -7.951748601199414e-01
 -9.220966213470917e-01
 -1.166770446636265e+00
 -1.099889489026522e+00
 -1.074697834891839e+00
 -3.995025541667948e-02
 1.354164000273368e-01
 1.204509208446421e-01
 -1.761303609773620e-01
 5.429236615980562e-01
 4.068108480145256e-01
 1.948782176908469e-01
 -2.176295521874721e+00
 -2.585651680138440e+00
 -3.318346448483192e-01
 -4.845918179400001e-01
 -4.894831444677231e-01
 -1.540239600755884e-01
 -1.191146891775744e+00
 -1.082250422070167e+00
 -1.153676879452460e+00
 -3.434744356033899e+00
 2.241188892035962e-01
 -1.195203598089347e+00
 1.757240168453467e+01
 -8.501516326340386e-01
 -1.411456663491670e+00
 -6.853044997323184e-01
 -2.461932176890921e-01
 7.319113982448190e-01
 8.348424315257067e-01
 1.793058166436581e-01
 3.893868241818955e-01
 -4.936954345557285e-01
 1.318977862366917e-01
 5.164581549651459e+01
 3.070081115963990e+00
 1.539205667132644e+00
 1.745778482135761e+00
 1.885871818605608e+00
 1.380763039660513e+00
 2.470141312540897e+01
 -8.105725508355454e+01
 1.712593379735571e+01
 -2.297529842056062e+00
 -8.105725508356245e+01
 1.539205667132528e+00
 1.380763039660474e+00
 5.164581549651236e+01
 2.470141312541354e+01
 3.070081115964319e+00
 1.745778482135814e+00
 1.885871818605793e+00
 -1.411458163399216e+00
 -6.853047690281973e-01
 3.893865286371080e-01
 1.318977184863312e-01
 1.757240157738081e+01
 -4.936954345274344e-01
 1.793058166435034e-01
 -2.461932471514114e-01
 7.319113982446991e-01
 8.348424315255168e-01
 -8.501516326344428e-01
 -1.166770446636519e+00
 -1.195203598089654e+00
 -1.191146891776094e+00
 -3.434744348568236e+00
 2.241188921419915e-01
 -1.082250422070536e+00
 -1.153676879452843e+00
 -1.540239600755285e-01
 -2.176295521875398e+00
 -2.585651680138775e+00
 -3.318346448483527e-01
 -6.449077852695825e-01
 -4.894831444659698e-01
 -6.460971068025313e-01
 -4.845918179401149e-01
 -2.619430894120281e+01
 1.948782176907703e-01
 1.354163999815257e-01
 1.204509208444948e-01
 5.429236616269343e-01
 4.068108480762229e-01
 -1.761303609690292e-01
 -3.995025541671659e-02
 -9.220966213474036e-01
 -1.242152414834924e+00
 -1.074697834882979e+00
 -1.099889489026832e+00
 -7.951748601139075e-01
 -1.889675630977850e+00
 -1.378134037631584e+00
 -8.022474140198451e-01
 -6.321629004700203e-01
 -3.114715764272796e+01
 3.536226376255855e-01
 3.055187628294394e-01
 7.012054614477637e-01
 5.301645807891212e-01
 2.409480910100711e-01
 -6.414633423104341e-01
 -8.066000390906454e-01
 -8.602222512597877e-01
 -1.232213097420524e+00
 -8.561950915169597e-01
 -9.883195034087147e-01
 -9.832039916305543e-01
 -2.576167840074364e-01
 2.463643102278909e-01
 1.464597740869669e-01
 1.478715372431028e-01
 -2.526963814620697e-01
 -5.664936042190496e-01
 -1.177597100036819e+00
 -1.187601273562701e+00
 -1.239750991278994e+00
 6.597419391390285e-01
 4.472658829883061e-01
 7.561201121775440e-01
 -9.328210317302580e-01
 1.484127426312642e-01
 2.595268410652561e+00
 -7.823882953880315e+00
 1.953225535165022e+01
 1.028226284911431e+00
 -6.510666358829844e-01
 2.151802657735941e+01
 2.151802657735801e+01
 -6.510666468887680e-01
 6.597417623897346e-01
 1.028226164670932e+00
 1.484123451288843e-01
 2.595267905532445e+00
 4.472658829881193e-01
 -9.328210317311671e-01
 -7.823883342746864e+00
 1.953225514147904e+01
 7.561200843371106e-01
 -1.187601273563027e+00
 -1.239750991287019e+00
 -1.232213097420692e+00
 -1.177597100037190e+00
 -5.664936042200699e-01
 -2.526963814620718e-01
 -2.576167840074011e-01
 1.478715372429880e-01
 2.463643102279838e-01
 1.464597740868707e-01
 5.301645807883928e-01
 2.409480910100225e-01
 -9.832039916309283e-01
 -8.561950915172432e-01
 -9.883195034090364e-01
 -8.066000390900494e-01
 -8.602222512600785e-01
 -6.414633423099895e-01
 7.012054614476412e-01
 -1.922003687208581e-01
 2.697020661542636e-01
 3.270496199573628e-01
 3.067681587992326e-01
 2.777159570612415e-01
 6.859942627238063e-01
 -1.124829574163966e+00
 -9.268635239267576e-01
 -9.829024280271956e-01
 -1.008203177956128e+00
 -1.090616514084115e+00
 -1.043249493607648e+00
 -1.088069581344508e+00
 -1.039324724786163e+00
 -9.219008254005490e-01
 -1.103408210152544e-01
 -1.059538884040760e-01
 -1.830067260558698e-01
 3.165629589938689e-01
 2.854230233762655e-01
 1.969585334051693e-01
 2.391933359613940e-01
 2.002955092258656e-01
 -2.558664546425934e-01
 -3.106186681155974e-02
 -2.467185315634075e-01
 -1.780348626076753e-01
 -1.187350004113183e+00
 -1.186759675036126e+00
 -1.188109586185862e+00
 -1.258477814952271e+00
 5.179707293186147e-01
 6.418264260303561e-01
 1.902045864212063e+02
 -8.277579618902454e+00
 3.775325954329069e+00
 6.418264260301743e-01
 1.902045862741805e+02
 3.775325953317106e+00
 -8.277579622147709e+00
 5.179707293025507e-01
 -1.258477814948179e+00
 -1.186759675036521e+00
 -1.188109586186181e+00
 -1.187350004113533e+00
 -2.467185315633725e-01
 -3.106186681136557e-02
 -1.059538884040916e-01
 -1.780348626076760e-01
 -2.558664546426007e-01
 2.002955092258887e-01
 2.391933359613455e-01
 1.969585334050911e-01
 3.270496199573840e-01
 3.165629589938174e-01
 2.854230233763225e-01
 -1.103408210152386e-01
 -1.830067260558182e-01
 -9.219008254009061e-01
 -9.829024280275137e-01
 -1.124829574164243e+00
 -1.088069581344835e+00
 -1.039324724786475e+00
 -1.008203177956492e+00
 -1.090616514084395e+00
 -1.043249493607949e+00
 -9.268635239270755e-01
 -1.922003687209249e-01
 2.697020661542054e-01
 6.859942627240611e-01
 3.067681587992404e-01
 2.777159570612238e-01
 2.655568534629448e-01
 2.240780257168562e-01
 2.590608397436032e-01
 -9.549198654731231e-01
 -9.671535494917979e-01
 -1.013190707944004e+00
 -1.025345272669843e+00
 -1.009837039451846e+00
 -9.520050627135300e-01
 -1.093436703539873e-01
 -2.196989082580551e-01
 -4.104192135066198e-01
 -3.336142263862436e-01
 -1.463384927825017e-01
 2.597602047493878e-01
 2.184239271760670e-01
 2.185305790133528e-01
 -4.067635554225533e-01
 -3.291517438250293e-01
 -2.924165902061137e-01
 -2.169255668520967e-01
 -2.948360849745758e-01
 -8.276118519825020e-02
 -1.375676962677176e-01
 -1.436696668236241e-01
 -2.119510228784397e-01
 -1.185098683004371e+00
 -1.152631977295330e+00
 -1.188824489686111e+00
 -1.659861638120511e+00
 -1.295576076338059e+00
 -1.199248313484162e+00
 -1.204328052111240e+00
 -1.215121074734320e+00
 -1.000567784988811e+00
 -9.244885527736148e+00
 -1.000567784969149e+00
 -9.244885529375685e+00
 -1.204328052111930e+00
 -1.152631977293770e+00
 -1.659861637971740e+00
 -1.295576076337558e+00
 -1.215121074736255e+00
 -1.199248313484468e+00
 -1.188824489686447e+00
 -1.185098683004732e+00
 -2.119510228784222e-01
 -2.169255668520989e-01
 -4.067635554226200e-01
 -3.291517438250566e-01
 -8.276118519823220e-02
 -1.093436703540033e-01
 -1.436696668236327e-01
 -1.375676962677189e-01
 -4.104192135067058e-01
 -3.336142263862805e-01
 -2.948360849745932e-01
 -2.196989082580520e-01
 -2.924165902061310e-01
 2.185305790132967e-01
 2.597602047493580e-01
 2.184239271760039e-01
 2.240780257167885e-01
 2.590608397435700e-01
 -1.463384927825068e-01
 -9.520050627138535e-01
 -1.009837039452162e+00
 -1.025345272670169e+00
 -9.671535494921444e-01
 -1.013190707944316e+00
 -9.549198654734411e-01
 2.655568534629130e-01
 2.453247162629761e-01
 -9.582879528157190e-01
 -8.564059144248101e-01
 -8.911776276808212e-01
 -9.236652993914524e-01
 -9.848085585926796e-01
 -1.011124286582925e+00
 -9.531771625992116e-01
 -8.888699835862046e-01
 2.396441219503116e-01
 2.178886719152978e-01
 2.587088056744434e-01
 2.198105817931507e-01
 -2.544770819172563e-01
 -2.184448550893638e-01
 -1.741524382593074e-01
 -1.800231649296048e-01
 -2.144123798616814e-01
 -1.188105489097306e+00
 -1.189898666369622e+00
 -1.190639825128051e+00
 -1.189898666370008e+00
 -1.190639825128387e+00
 -1.188105489097655e+00
 -2.144123798616797e-01
 -1.741524382592968e-01
 -1.800231649296080e-01
 -2.184448550893660e-01
 -2.544770819172633e-01
 2.178886719152348e-01
 2.587088056744103e-01
 2.198105817930869e-01
 2.396441219502631e-01
 -8.564059144250962e-01
 -8.888699835865080e-01
 -1.011124286583238e+00
 -9.531771625995294e-01
 -9.848085585929972e-01
 -9.582879528160427e-01
 -8.911776276811225e-01
 -9.236652993917644e-01
 2.453247162629260e-01
 2.324133192203951e-01
 -9.712108599899678e-01
 -9.385591490566860e-01
 -9.981266193621475e-01
 -9.690492782357499e-01
 2.289312560049972e-01
 2.297515134321254e-01
 2.493022682684425e-01
 -2.363959393816351e-01
 -1.991983698490945e-01
 -2.346665700534894e-01
 -1.975060600059514e-01
 -1.948143127072367e-01
 -1.188042676426770e+00
 -1.189461628393744e+00
 -1.189461628394087e+00
 -1.188042676427125e+00
 -1.948143127072299e-01
 -1.975060600059526e-01
 -1.991983698490967e-01
 -2.346665700534922e-01
 -2.363959393816392e-01
 2.297515134320694e-01
 2.324133192203379e-01
 2.493022682684017e-01
 2.289312560049413e-01
 -9.690492782360678e-01
 -9.712108599902870e-01
 -9.385591490570016e-01
 -9.981266193624632e-01
 -9.700048844673582e-01
 2.292317032157807e-01
 2.393169569570059e-01
 2.306344071250116e-01
 -2.177299091455298e-01
 -2.159368109004172e-01
 -1.984160526311980e-01
 -1.984160526312001e-01
 -2.159368109004184e-01
 -2.177299091455323e-01
 2.306344071249552e-01
 2.393169569569574e-01
 2.292317032157248e-01
 -9.700048844676766e-01
 1.236170423158427e+00
 1.427901807515327e+02
 1.236170423158286e+00
 1.427901807515568e+02
 8.093018466968397e+01
 8.093018460889317e+01
 1.072496659960823e+00
 1.072496659960656e+00
 -1.462590334653648e+00
 -1.462590402498619e+00
 1.070169176313922e+00
 1.070169176313742e+00
 3.506991871093809e+00
 3.506991871094246e+00
 2.602786053699519e-01
 2.500603949744993e-01
 2.401126192496824e-01
 2.602786053699190e-01
 2.500603949744585e-01
 2.401126192496338e-01
 8.291390772876984e-01
 1.072215285969795e+00
 9.239940945808306e-01
 7.839775512693130e-01
 8.291390766981964e-01
 1.072215285942961e+00
 9.239940945806188e-01
 7.839775512691219e-01
 3.057844839603365e-01
 2.935404905104190e-01
 3.057844839603430e-01
 2.935404905104131e-01
 -2.877754974163306e-01
 -2.877754974163259e-01
 -2.936923576387432e-01
 -2.936923576387615e-01
 -2.356273277109449e-01
 -2.356273277109488e-01
 -9.407275724026057e-01
 -9.407275724029232e-01
 -1.130913457694585e+00
 -1.158626326916749e+00
 -1.172463941124268e+00
 -1.179856692418041e+00
 -1.184533617943693e+00
 -1.130913457694962e+00
 -1.158626326917129e+00
 -1.172463941124645e+00
 -1.179856692418411e+00
 -1.184533617944060e+00
 2.524056834030523e-01
 2.524056834030113e-01
 2.495636263242377e-01
 2.495636263241970e-01
 9.024344189383673e-01
 7.089327491167297e-01
 9.024344180482466e-01
 7.089327488150670e-01
 -2.740962150249416e-01
 -2.551988295402255e-01
 -2.740962150249537e-01
 -2.551988295402329e-01
 -6.394601004010098e-01
 -6.394601004012038e-01
 -8.763743811130752e-01
 -9.023151352150459e-01
 -8.763743811133995e-01
 -9.023151352153703e-01
 -8.897973794163836e-01
 -8.897973794166848e-01
 9.688091438112992e-01
 9.688091438111148e-01
 -9.394600091763288e-01
 -9.394600091766447e-01
 -6.302430413189712e-01
 -6.302430413195390e-01
 2.922041412579687e-01
 2.765970147515576e-01
 2.678349427203032e-01
 2.587776799621103e-01
 2.922041412579638e-01
 2.765970147515391e-01
 2.678349427202774e-01
 2.587776799620772e-01
 2.509002352810080e-01
 2.509002352809672e-01
 -2.907760241426828e-01
 -2.727717658197478e-01
 -2.536930370717347e-01
 -2.907760241426950e-01
 -2.727717658197580e-01
 -2.536930370717405e-01
 -4.087689833370096e-01
 -4.087689833370806e-01
 -9.067563274737273e-01
 -9.067563274740340e-01
 8.787005339433437e-01
 8.787005339431516e-01
 2.684802830175694e-01
 2.594866474893588e-01
 -1.180361923219592e+00
 -1.180361923220035e+00
 2.684802830175440e-01
 2.594866474893259e-01
 -9.788015312979471e-01
 -9.568087469879087e-01
 -8.784828859779125e-01
 -9.788015312983103e-01
 -9.568087469890790e-01
 -8.784828859886348e-01
 1.318806760859752e+00
 1.240308199534174e+00
 1.131913521307116e+00
 1.274671133187300e+00
 1.318806760859677e+00
 1.240308199534075e+00
 1.131913521306974e+00
 1.274671133187176e+00
 -2.734377331966099e-01
 -2.734377331966215e-01
 9.096040643893809e-01
 8.333215560305626e-01
 9.096040643796044e-01
 8.333215560303167e-01
 -8.940842338224423e-01
 -9.085378878379053e-01
 -8.940842338227479e-01
 -9.085378878382133e-01
 3.323593077550968e-01
 2.984078877752570e-01
 2.834240180033571e-01
 2.707852052979094e-01
 2.618938175545162e-01
 3.323593077551329e-01
 2.984078877752582e-01
 2.834240180033431e-01
 2.707852052978849e-01
 2.618938175544835e-01
 -1.179016366201549e+00
 -1.179016366201932e+00
 2.680428729594591e-01
 2.680428729594334e-01
 2.920677953041668e-01
 2.920677953041614e-01
 -3.691709226714258e-01
 -3.306676751060112e-01
 -3.121286432767904e-01
 -2.930753742607800e-01
 -3.691709226714757e-01
 -3.306676751060434e-01
 -3.121286432768156e-01
 -2.930753742607981e-01
 -9.075327647393010e-01
 -9.075327647396078e-01
 2.692464185906066e-01
 1.053063919968604e+00
 1.053063919968437e+00
 2.692464185905813e-01
 1.275941846974591e+00
 1.275941846974504e+00
 2.844644540528274e-01
 2.844644540528155e-01
 -3.107046134067240e-01
 -2.917027064667318e-01
 -3.107046134067467e-01
 -2.917027064667476e-01
 -1.158091386828711e+00
 -1.158091386828811e+00
 -7.159341815710741e-01
 -7.895952112293788e-01
 -8.230285792490262e-01
 -8.575905266523671e-01
 -8.738142472254625e-01
 -7.159341815713014e-01
 -7.895952112296375e-01
 -8.230285792492970e-01
 -8.575905266526541e-01
 -8.738142472257568e-01
 -4.044003686630633e-01
 -3.654861000909199e-01
 -4.044003686631147e-01
 -3.654861000909534e-01
 1.177434836421064e+00
 1.056578275273851e+00
 1.010275273167122e+00
 9.459358743988339e-01
 1.177434836420941e+00
 1.056578275273547e+00
 1.010275273166937e+00
 9.459358743986441e-01
 2.932259143241039e-01
 2.850083243530860e-01
 2.769688705700977e-01
 2.932259143241000e-01
 2.850083243530749e-01
 2.769688705700796e-01
 2.871932917647292e-01
 2.794182135798313e-01
 2.871932917647199e-01
 2.794182135798147e-01
 -8.755714042118380e-01
 9.758022806252442e-01
 1.575075377881401e+00
 1.604116033400063e+00
 1.472211761600726e+00
 1.575075377881424e+00
 1.604116033400151e+00
 1.472211761600742e+00
 9.758022806242539e-01
 -8.755714042121335e-01
 -3.114903030615731e-01
 -3.114903030615974e-01
 -2.597534172727674e+00
 -2.597534172728677e+00
 1.204427241895580e+00
 1.158483978434641e+00
 1.204427241895465e+00
 1.158483978434504e+00
 -8.319998466719610e-01
 -8.319998466722488e-01
 1.031245198841555e+00
 1.031245198841381e+00
 -1.151845560331922e+00
 -1.163074306030920e+00
 -1.151845560332297e+00
 -1.163074306031302e+00
 2.846203553969416e-01
 2.846203553969300e-01
 -6.934109980871864e-01
 -6.934109980869074e-01
 9.913334208994528e-01
 9.680355496234402e-01
 9.913334208991762e-01
 9.680355496232428e-01
 2.857210804790726e-01
 2.857210804790619e-01
 1.206504677239267e+00
 1.167417935649685e+00
 1.110636090875379e+00
 1.206504677239151e+00
 1.167417935649555e+00
 1.110636090875229e+00
 1.071601134497299e+00
 1.071601134497136e+00
 3.696047605021234e-01
 6.858711854428017e-01
 6.858711854429975e-01
 -8.745232601138163e-01
 -8.745232601141109e-01
 -3.678890859604110e-01
 -3.493994011071186e-01
 -3.300215571494501e-01
 -3.678890859604568e-01
 -3.493994011071581e-01
 -3.300215571494808e-01
 1.132057325135784e+00
 1.071886052421079e+00
 1.051328427428187e+00
 1.132057325135614e+00
 1.071886052420902e+00
 1.051328427428015e+00
 1.364732072085840e+00
 1.364732072085799e+00
 3.403847992924363e-01
 3.277388742555384e-01
 3.231425733444803e-01
 3.122135760970978e-01
 3.403847992924525e-01
 3.277388742555585e-01
 3.231425733445025e-01
 3.122135760971119e-01
 -1.169981352177746e+00
 -1.205370237036465e+00
 1.440817556963906e-01
 1.705127887249591e-01
 -6.893805382106274e-01
 1.185493118309355e+00
 1.168325885522752e+00
 1.185493118309234e+00
 1.168325885522623e+00
 -6.893805382107554e-01
 1.440817556962958e-01
 1.705127887248725e-01
 -1.169981352177959e+00
 -1.205370237034594e+00
 3.017231351227679e-01
 2.948220034480048e-01
 3.017231351227717e-01
 2.948220034480025e-01
 1.061414420078119e+00
 1.061414420077953e+00
 1.148579755624928e+00
 1.148579755624792e+00
 -1.189200649707579e+00
 -1.189200649707848e+00
 2.692668485402629e-02
 -4.006971961216884e-02
 2.692668485388991e-02
 -4.006971961221489e-02
 -1.451419802727046e-01
 -1.451419802727129e-01
 -8.253191607932061e-01
 -8.253191607934808e-01
 -7.260754535784493e-01
 1.709493676633592e-01
 1.954975148116920e-01
 2.068099438857533e-01
 2.180607637447815e-01
 1.709493676632713e-01
 1.954975148116151e-01
 2.068099438856831e-01
 2.180607637447185e-01
 -7.260754535787000e-01
 -1.085328571508860e+00
 -1.061329147474253e+00
 -1.085328571509143e+00
 -1.061329147474546e+00
 8.983957649308068e-02
 1.149456444582395e+00
 1.129828395165856e+00
 1.100861622573907e+00
 1.149456444582255e+00
 1.129828395165712e+00
 1.100861622573753e+00
 8.983957649293348e-02
 3.174172723735926e-01
 3.058268084394682e-01
 2.995872685990558e-01
 2.925280850829685e-01
 -1.132203844826220e+00
 -1.017149604161712e+00
 -1.000657671256025e+00
 -1.017149604162025e+00
 -1.000657671256340e+00
 -1.132203844826714e+00
 3.174172723736079e-01
 3.058268084394748e-01
 2.995872685990574e-01
 2.925280850829639e-01
 -7.523385791518833e-02
 -5.628517655868810e-01
 -4.848629734568989e-01
 -4.448758979247266e-01
 -1.625502873041637e-01
 -1.808110931753917e-01
 -1.625502873041691e-01
 -1.808110931753951e-01
 -5.628517655870390e-01
 -4.848629734570109e-01
 -4.448758979248125e-01
 -7.523385791521194e-02
 3.643865878642318e-01
 3.643865878642646e-01
 1.453013250577147e+00
 1.348430435930077e+00
 1.310920588442924e+00
 1.257901085447631e+00
 1.158343376544604e+00
 1.158343376544472e+00
 1.453013250577132e+00
 1.348430435930021e+00
 1.310920588442854e+00
 1.257901085447539e+00
 -5.662390313179307e-01
 1.702469881567231e-01
 1.702469881566349e-01
 -5.662390313180994e-01
 -7.584490989676834e-01
 1.163860066496015e-01
 -1.158704142786674e+00
 -1.178119147202533e+00
 -1.183192442523758e+00
 -1.187200229695226e+00
 -1.188632259257008e+00
 -1.158704142786959e+00
 -1.178119147202833e+00
 -1.183192442524068e+00
 -1.187200229695549e+00
 -1.188632259257337e+00
 1.163860066494984e-01
 -7.584490989679392e-01
 -1.155347512787022e+00
 -1.169804028190000e+00
 -9.992007004959698e-01
 2.077016556517686e-01
 2.189263770157562e-01
 -1.053340333233228e+00
 -1.053340333233568e+00
 2.077016556516982e-01
 2.189263770156930e-01
 -9.992007004962852e-01
 -1.155347512787304e+00
 -1.169804028190241e+00
 -1.105610014754780e+00
 2.883953161478722e-02
 2.591599379529223e-02
 -7.245580347741441e-03
 -1.963417594018056e-01
 -1.095278871831503e+00
 -1.095278871831867e+00
 -1.963417594018044e-01
 2.883953161472092e-02
 2.591599379522573e-02
 -7.245580347795094e-03
 -1.105610014755066e+00
 -1.141963804212744e+00
 -1.064524763687777e+00
 -1.039764843659885e+00
 -1.025569699227301e+00
 5.688017295549425e-02
 -1.183409461686054e+00
 -1.183409461686359e+00
 5.688017295540863e-02
 -1.064524763688068e+00
 -1.039764843660188e+00
 -1.025569699227608e+00
 -1.141963804213024e+00
 3.002617708363484e-01
 -1.062450556681522e+00
 -8.411536096256529e-01
 2.071491156018594e-01
 2.071491156017893e-01
 -1.062450556681815e+00
 -8.411536096259324e-01
 3.002617708363506e-01
 3.182745381886162e-01
 3.141548920687440e-01
 3.398067590890692e-01
 3.329500164608939e-01
 3.083718088671992e-01
 -3.678012676872202e-02
 -7.291950907390519e-02
 -7.425090505158424e-02
 1.830243580272038e-01
 1.950977854161181e-01
 -1.416683440073725e-01
 -1.609006420914644e-01
 -1.617834749037333e-01
 -1.791516612354791e-01
 1.139138952807133e+00
 1.139138952806993e+00
 -1.416683440073798e-01
 -1.609006420914694e-01
 -1.791516612354816e-01
 -1.617834749037388e-01
 1.830243580271211e-01
 1.950977854160414e-01
 -3.678012676875884e-02
 -7.291950907393083e-02
 -7.425090505160942e-02
 3.398067590890934e-01
 3.182745381886323e-01
 3.141548920687582e-01
 3.083718088672088e-01
 3.329500164609198e-01
 -5.240891244863682e-01
 -1.079401660295844e-01
 -1.264725686497700e-01
 -1.444411564386450e-01
 -1.079401660296008e-01
 -1.264725686497823e-01
 -1.444411564386536e-01
 -5.240891244865048e-01
 -6.401048325745325e-01
 -6.816456575205319e-01
 9.017245953877571e-02
 1.173400532420860e-01
 1.164730300224434e-01
 -1.185505062198712e+00
 1.221722010523741e+00
 1.194520676033465e+00
 1.221722010523635e+00
 1.194520676033346e+00
 -1.185505062199027e+00
 9.017245953868591e-02
 1.173400532419919e-01
 1.164730300223485e-01
 -6.401048325747284e-01
 -6.816456575207518e-01
 3.446044920487174e-01
 3.480989101031236e-01
 -6.036317484271480e-01
 -1.051251035761461e+00
 -1.129407965486285e+00
 -1.108060407526711e+00
 -1.106159394839680e+00
 -1.167875236020478e+00
 -1.167061418163843e+00
 1.448670121447439e-01
 1.576605449420072e-01
 1.448670121446498e-01
 1.576605449419154e-01
 -1.051251035761758e+00
 -1.167875236020767e+00
 -1.167061418164128e+00
 -1.129407965486560e+00
 -1.108060407526989e+00
 -1.106159394839958e+00
 -6.036317484273327e-01
 3.480989101031347e-01
 -1.142760219544508e+00
 -1.141250445991309e+00
 -1.028129469124752e+00
 -1.026680052320787e+00
 -5.348053916600533e-03
 -6.530331667874577e-03
 -9.105481225712518e-02
 5.832252740963798e-02
 5.729545499232294e-02
 1.705133860322709e-01
 -4.466293646586756e-01
 -4.458262457244443e-01
 -1.005976360055175e+00
 -1.005976360055469e+00
 -4.466293646587663e-01
 -4.458262457245334e-01
 1.705133860321831e-01
 5.832252740955936e-02
 5.729545499224366e-02
 -9.105481225714582e-02
 -5.348053916652217e-03
 -6.530331667926245e-03
 -1.028129469125059e+00
 -1.026680052321095e+00
 -1.142760219544785e+00
 -1.141250445991587e+00
 3.454017093410602e-01
 3.246317455362509e-01
 3.197567234405689e-01
 -7.146210338140526e-01
 -7.142456912654467e-01
 -7.514427103542995e-01
 -7.530864123309440e-01
 -1.087336377132044e+00
 -1.075074530261481e+00
 -1.086829522768432e-01
 1.753431812607717e-01
 1.768429357516073e-01
 1.724750363762735e-01
 1.839886956467855e-01
 1.834025998609526e-01
 1.960361830255321e-01
 1.308072113723744e-01
 -4.078466977265783e-01
 -3.878440346701721e-01
 -1.176760854230091e+00
 -1.180036268240016e+00
 -1.176760854230389e+00
 -1.180036268240318e+00
 -4.078466977266478e-01
 -3.878440346702305e-01
 1.308072113722794e-01
 1.753431812606029e-01
 1.768429357515082e-01
 1.724750363761837e-01
 1.839886956467021e-01
 1.960361830254549e-01
 1.834025998608697e-01
 -1.086829522768595e-01
 -1.087336377132327e+00
 -1.075074530261769e+00
 -7.146210338142612e-01
 -7.142456912656707e-01
 -7.514427103545395e-01
 -7.530864123311873e-01
 3.246317455362711e-01
 3.197567234405869e-01
 3.454017093410799e-01
 3.495717193682556e-01
 3.121575973060175e-01
 3.127818508920449e-01
 -1.172165112753328e+00
 -3.869248553595120e-02
 -5.638665915834994e-02
 -1.248607117052801e-01
 -1.257307995794639e-01
 2.015349186614674e-01
 2.103725209732977e-01
 2.086191418403841e-01
 -3.686043414180852e-01
 -3.686043414181338e-01
 2.015349186613820e-01
 2.103725209732243e-01
 2.086191418403128e-01
 -1.248607117052923e-01
 -1.257307995794762e-01
 -3.869248553598874e-02
 -5.638665915838103e-02
 -1.172165112753620e+00
 3.121575973060292e-01
 3.127818508920574e-01
 4.058048359295849e-01
 3.519475087591432e-01
 3.398801989419838e-01
 3.343663147265720e-01
 3.351060853541470e-01
 3.329865182979139e-01
 -7.876087257820594e-01
 -8.062326304164024e-01
 -1.096898148377376e+00
 -1.126573909252599e+00
 -1.116591308076515e+00
 -1.156537752836038e+00
 -1.161868867702607e+00
 -1.140881813412082e+01
 -1.382749821978145e+00
 -1.858527198163079e+00
 -1.138926928043230e+00
 -1.076334879455571e+00
 -1.067931429157508e+00
 -1.053781381499449e+00
 -1.052358541206463e+00
 8.846046669425034e-02
 7.299837363998010e-02
 -2.255510068737029e-02
 -7.363062149927320e-02
 1.443948540245311e-01
 1.025554139540915e-01
 -3.711932467133298e-01
 -3.702178099777756e-01
 -3.504659187854074e-01
 -3.499248593914062e-01
 -1.428099736600436e-01
 -1.428099736600519e-01
 -3.711932467133829e-01
 -3.702178099778269e-01
 -3.504659187854490e-01
 -3.499248593914469e-01
 8.846046669416191e-02
 1.025554139539995e-01
 1.443948540244370e-01
 -7.363062149929876e-02
 -2.255510068741462e-02
 7.299837363989600e-02
 -1.140881813412444e+01
 -1.382749821978730e+00
 -1.858527198163263e+00
 -1.138926928043464e+00
 -1.076334879455854e+00
 -1.067931429157797e+00
 -1.053781381499745e+00
 -1.052358541206760e+00
 -1.156537752836321e+00
 -1.161868867702893e+00
 -1.126573909252875e+00
 -1.116591308076792e+00
 -1.096898148377656e+00
 -7.876087257823143e-01
 -8.062326304166662e-01
 3.519475087593128e-01
 3.398801989420010e-01
 3.343663147265918e-01
 3.351060853541669e-01
 3.329865182979356e-01
 3.392996504109378e-01
 3.292456103227483e-01
 3.061088203961053e-01
 -6.772799095195438e-01
 -6.782392743672884e-01
 -5.642968698507000e-01
 -5.631864828496974e-01
 -5.242083714485771e-01
 -5.239249933019724e-01
 -1.134042229808223e+00
 -1.149156094765581e+00
 2.702147102776210e-02
 4.223108672724033e-02
 1.034838482672024e-02
 -3.937116215448139e-02
 -6.670059563114820e-02
 -7.096882656176796e-02
 -8.949829371427159e-02
 -9.034537362258946e-02
 1.168321743099218e-01
 1.586949883936116e-01
 1.580774060266243e-01
 -4.269030015805971e-01
 -1.580819069294381e-01
 -1.597729474674739e-01
 1.278762743555601e+00
 1.223430859165836e+00
 1.204188489510121e+00
 1.176402053104877e+00
 1.278762743555517e+00
 1.223430859165729e+00
 1.204188489510008e+00
 1.176402053104752e+00
 -1.580819069294381e-01
 -1.597729474674774e-01
 -4.269030015806765e-01
 1.586949883935193e-01
 1.580774060265326e-01
 1.168321743098277e-01
 -6.670059563116769e-02
 -7.096882656179264e-02
 -8.949829371429219e-02
 -9.034537362261022e-02
 -3.937116215451882e-02
 2.702147102769609e-02
 1.034838482666121e-02
 4.223108672716758e-02
 -1.149156094765861e+00
 -1.134042229808499e+00
 -5.642968698508772e-01
 -5.631864828498557e-01
 -5.242083714487127e-01
 -5.239249933021075e-01
 -6.772799095197535e-01
 -6.782392743675001e-01
 3.061088203961123e-01
 3.292456103227699e-01
 3.392996504109572e-01
 3.428678164047592e-01
 3.435422553608909e-01
 3.434791523984593e-01
 3.269400746583447e-01
 3.226851131834381e-01
 3.232768063948194e-01
 -6.013043396740784e-01
 -6.016318610234453e-01
 -1.077557523725353e+00
 -1.076161315663481e+00
 8.791740084576008e-02
 -5.993633711631283e-03
 1.715226510675705e-01
 1.234935029715619e-01
 1.189938879597585e-01
 1.319131549621161e-01
 1.312628813685635e-01
 -1.124668893070430e+00
 -1.124668893070775e+00
 8.791740084567154e-02
 1.234935029714556e-01
 1.189938879596624e-01
 1.319131549620207e-01
 1.312628813684687e-01
 1.715226510674821e-01
 -5.993633711682947e-03
 -1.077557523725638e+00
 -1.076161315663768e+00
 -6.013043396742555e-01
 -6.016318610236236e-01
 3.269400746583645e-01
 3.226851131834563e-01
 3.232768063948380e-01
 3.428678164047683e-01
 3.435422553609002e-01
 3.434791523984731e-01
 3.455838539306479e-01
 2.991320599581995e-01
 2.992412745394978e-01
 3.365127335487758e-01
 -7.700844621259989e-01
 -7.868564832457323e-01
 -8.214154756481942e-01
 -8.220444081282079e-01
 -8.398193108751686e-01
 -8.403935967917400e-01
 -5.488848037070856e-02
 -5.571100315523501e-02
 -1.070977298048129e-01
 2.640957347012335e-02
 5.774488806306714e-02
 1.868200440931182e-01
 1.849523622054300e-01
 1.037293854405622e-01
 1.030490468109942e-01
 -4.073647325927387e-01
 -4.073647325928072e-01
 1.037293854404698e-01
 1.030490468109023e-01
 1.868200440930305e-01
 1.849523622053454e-01
 2.640957347005724e-02
 5.774488806298841e-02
 -1.070977298048292e-01
 -5.488848037073964e-02
 -5.571100315526628e-02
 -7.868564832459525e-01
 -8.214154756484617e-01
 -8.220444081284778e-01
 -8.398193108754469e-01
 -8.403935967920189e-01
 -7.700844621262471e-01
 3.365127335487969e-01
 2.991320599582005e-01
 2.992412745394989e-01
 3.455838539306528e-01
 3.418236013936464e-01
 3.311332937105270e-01
 3.316898568261571e-01
 -7.146329770286568e-01
 -7.336722900709721e-01
 2.799948593021364e-01
 5.584051565213029e-02
 6.452060607109783e-02
 6.008629093636037e-02
 7.424040572589018e-02
 7.352970228626747e-02
 9.779746093886426e-04
 -3.480807160163845e-03
 1.172184667451208e-02
 1.095330540397317e-02
 4.353829506189364e-02
 4.279926380250656e-02
 -2.111914300586408e-02
 -2.191458859695345e-02
 1.454749780920630e-01
 -4.854394670495712e-01
 -4.655689427311177e-01
 -1.016215712883968e-01
 -1.217996933291536e-01
 -1.236967961671557e-01
 -1.016215712884075e-01
 -1.217996933291630e-01
 -1.236967961671671e-01
 -4.854394670496843e-01
 -4.655689427312187e-01
 1.454749780919684e-01
 2.799948593018239e-01
 5.584051565205379e-02
 9.779746093383579e-04
 -3.480807160215395e-03
 -2.111914300590846e-02
 -2.191458859699790e-02
 6.452060607101352e-02
 6.008629093628090e-02
 4.353829506182091e-02
 4.279926380243398e-02
 1.172184667445311e-02
 1.095330540391422e-02
 7.424040572580595e-02
 7.352970228618355e-02
 -7.146329770288814e-01
 -7.336722900712054e-01
 3.311332937105472e-01
 3.316898568261776e-01
 3.418236013936637e-01
 3.460184875064077e-01
 3.448979574051514e-01
 3.176603028597231e-01
 -5.046985845939562e-01
 -6.962326690292278e-01
 -7.210112178415831e-02
 1.179814591700634e-01
 -3.312683352036422e-01
 1.328210166124027e+00
 1.328210166123965e+00
 -3.312683352036752e-01
 1.179814591699688e-01
 -7.210112178418382e-02
 -6.962326690294451e-01
 -5.046985845940801e-01
 3.176603028597385e-01
 3.448979574051611e-01
 3.396783176357762e-01
 3.417182549118134e-01
 3.422331170437074e-01
 3.374829799309844e-01
 3.380178585670288e-01
 -5.628543096203156e-01
 -5.432904133953541e-01
 -6.394730321347192e-01
 -6.587396223341394e-01
 -6.203961132639115e-01
 -5.821872135244839e-01
 8.913411732865122e-02
 -8.655914996912380e-02
 -8.835313231598992e-02
 -3.790013782325560e-02
 -4.583559936609685e-03
 1.511103018117642e-01
 1.614803778539810e-01
 1.596785661738359e-01
 -3.889875961677431e-01
 -3.884742248680388e-01
 -4.462424478967191e-01
 1.340404358832274e+00
 -1.106282515606710e+00
 -1.093130192395007e+00
 1.186824476507971e+00
 1.158415792643801e+00
 1.186824476507848e+00
 1.158415792643667e+00
 1.340404360331249e+00
 -1.106282515605541e+00
 -1.093130192395062e+00
 -4.462424478968092e-01
 -3.889875961678033e-01
 -3.884742248680982e-01
 8.913411732856250e-02
 1.511103018116565e-01
 1.614803778538830e-01
 1.596785661737420e-01
 -4.583559936661333e-03
 -3.790013782329304e-02
 -8.655914996914173e-02
 -8.835313231600976e-02
 -5.628543096204730e-01
 -5.821872135246516e-01
 -6.394730321349132e-01
 -6.203961132640976e-01
 -6.587396223343417e-01
 -5.432904133955004e-01
 3.396783176357923e-01
 3.374829799310026e-01
 3.380178585670471e-01
 3.417182549118263e-01
 3.422331170437206e-01
 3.439329066588461e-01
 3.438380480525813e-01
 3.443444379216349e-01
 3.271522993555829e-01
 3.390703100177681e-01
 3.192803633568241e-01
 3.174578663089953e-01
 3.117847848767782e-01
 3.118518842870788e-01
 -8.049305391872144e-01
 -8.054330938350073e-01
 5.902696753597899e-02
 2.775657146075973e-02
 1.348737911754330e-01
 1.329416833584102e-01
 -4.851476971623381e-01
 -1.059750637603649e+00
 -1.139192839216299e+00
 -1.139192839216653e+00
 -1.059750637603450e+00
 -4.851476971624505e-01
 1.348737911753314e-01
 1.329416833583131e-01
 2.775657146069370e-02
 5.902696753590022e-02
 -8.049305391874765e-01
 -8.054330938352701e-01
 3.271522993556026e-01
 3.390703100178861e-01
 3.192803633568460e-01
 3.174578663090115e-01
 3.117847848767897e-01
 3.118518842870902e-01
 3.438380480525862e-01
 3.443444379216397e-01
 3.345519407982761e-01
 -5.240235773950893e-01
 -7.150447811956031e-01
 -3.221703631759038e-02
 -5.179221608998083e-02
 -5.373659450365097e-02
 -1.814429177981184e-02
 -1.999382669645556e-02
 9.486760638188885e-02
 1.066204955898297e-01
 1.047720569009848e-01
 -4.875020190782125e-01
 -4.481888366986392e-01
 -4.474153314831854e-01
 -4.276676648604292e-01
 -4.272596119974672e-01
 -4.875020190783285e-01
 -4.481888366987330e-01
 -4.474153314832774e-01
 -4.276676648605100e-01
 -4.272596119975473e-01
 9.486760638179098e-02
 1.066204955897326e-01
 1.047720569008911e-01
 -3.221703631762258e-02
 -1.814429177985463e-02
 -1.999382669649952e-02
 -5.179221609000909e-02
 -5.373659450368123e-02
 -7.150447811958285e-01
 -5.240235773952245e-01
 3.345519407982956e-01
 3.430226997374216e-01
 3.223807656375950e-01
 3.224122425669064e-01
 3.398462576511109e-01
 -7.505440313621126e-01
 -7.508592481991044e-01
 -7.692204630418903e-01
 -7.695856049972239e-01
 -6.775687230542038e-01
 -6.396323998113967e-01
 -5.627770306757790e-01
 -6.013479278486962e-01
 7.727146367937529e-02
 7.531897375430581e-02
 3.346232487704906e-02
 4.646644639984428e-02
 4.462402393623513e-02
 1.481355862845200e-02
 1.284444593865347e-02
 3.346232487698083e-02
 1.481355862839270e-02
 1.284444593859442e-02
 4.646644639976976e-02
 4.462402393616195e-02
 7.727146367928774e-02
 7.531897375422072e-02
 -6.013479278488734e-01
 -6.396323998115913e-01
 -5.627770306759363e-01
 -6.775687230544140e-01
 -7.505440313623485e-01
 -7.508592481993430e-01
 -7.692204630421366e-01
 -7.695856049974711e-01
 3.398462576511268e-01
 3.223807656376135e-01
 3.224122425669245e-01
 3.430226997374307e-01
 3.440842224430816e-01
 -7.328350981203950e-01
 -7.331303010307730e-01
 -4.663878725864923e-01
 -4.660170231389311e-01
 -4.663878725865946e-01
 -4.660170231390329e-01
 -7.328350981206269e-01
 -7.331303010310053e-01
 3.366004788681021e-01
 3.345317814473333e-01
 3.308871082525871e-01
 3.308890200159046e-01
 -5.252403777993093e-01
 -5.246994618085331e-01
 -5.051190239473167e-01
 -5.048618622801355e-01
 -6.402142090844495e-01
 -6.770741150180991e-01
 -6.770823589108470e-01
 -6.583529438096501e-01
 -6.584493576623800e-01
 -6.958343483488101e-01
 -6.959948188606689e-01
 -5.437420328162617e-01
 -5.435316130732876e-01
 -3.697066183518531e-01
 1.212845707428746e+00
 1.212845707428635e+00
 -3.697066183519038e-01
 -5.252403777994472e-01
 -5.246994618086694e-01
 -5.437420328164085e-01
 -5.435316130734341e-01
 -6.402142090846609e-01
 -6.770741150183092e-01
 -6.770823589110564e-01
 -6.958343483490270e-01
 -6.959948188608860e-01
 -6.583529438098520e-01
 -6.584493576625819e-01
 -5.051190239474413e-01
 -5.048618622802599e-01
 3.366004788681373e-01
 3.345317814473547e-01
 3.308871082526079e-01
 3.308890200159249e-01
 3.556464544911154e-01
 3.453474575955237e-01
 3.430936034404066e-01
 3.436819373720374e-01
 3.436384373417103e-01
 3.372800338326931e-01
 3.372597811870767e-01
 3.415446639029633e-01
 3.415103708208291e-01
 -6.017461013947040e-01
 -6.014669808676927e-01
 -5.822228589816620e-01
 -5.821340952528650e-01
 -6.204400622641683e-01
 -6.204072923802142e-01
 -1.108216455635816e+00
 1.293504031785803e+00
 1.293504031785725e+00
 -1.108216455636030e+00
 -6.017461013948848e-01
 -6.014669808678708e-01
 -6.204400622643546e-01
 -6.204072923804003e-01
 -5.822228589818300e-01
 -5.821340952530326e-01
 3.453474575955375e-01
 3.430936034404161e-01
 3.415446639029764e-01
 3.415103708208420e-01
 3.372800338327119e-01
 3.372597811870950e-01
 3.436819373720423e-01
 3.436384373417152e-01
 -7.871608890408586e-01
 -7.871608890411129e-01
 -4.083156631180941e-01
 -4.083156631181645e-01
 -7.511015318058571e-01
 -4.470246211221778e-01
 1.195497158395286e+00
 1.195497158395168e+00
 -4.470246211222693e-01
 -7.511015318060966e-01
 -7.143972437536835e-01
 -4.857586961710543e-01
 -4.857586961711677e-01
 -7.143972437539078e-01
 -6.394384817914431e-01
 -6.771458474940515e-01
 -5.630055149088683e-01
 -6.013640146927143e-01
 -5.244448442687329e-01
 -6.394384817916372e-01
 -5.630055149090260e-01
 -5.244448442688687e-01
 -6.013640146928919e-01
 -6.771458474942610e-01
 1.294699632827432e+00
 1.275815466489679e+00
 1.248752434598049e+00
 1.294699632827355e+00
 1.275815466489595e+00
 1.248752434597954e+00
 1.480273040286459e+00
 1.456781915379059e+00
 1.480273040286456e+00
 1.456781915379060e+00
 1.259369220876732e+00
 1.231855808867430e+00
 1.259369220876640e+00
 1.231855808867327e+00
 -1.171974784651227e+00
 -1.171974784651624e+00
 -1.244541630628814e+00
 -1.168759909774330e+00
 -1.163378559308038e+00
 -1.244541630627807e+00
 -1.168759909774589e+00
 -1.163378559308413e+00
 1.284217266367428e+00
 1.284217266367347e+00
 1.267544680288767e+00
 1.267544680288679e+00
 1.415424124431493e+00
 1.363570808869539e+00
 1.345225850555478e+00
 1.415424124431464e+00
 1.363570808869490e+00
 1.345225850555422e+00
 1.329464877600711e+00
 1.302635948177509e+00
 1.329464877600648e+00
 1.302635948177435e+00
 1.706801845287510e+00
 1.662440784941744e+00
 1.706801845287576e+00
 1.662440784941809e+00
 1.337269670657132e+00
 1.431621961749851e+00
 1.431621961749831e+00
 1.337269670657072e+00
 -1.182136319155696e+00
 4.768365750940638e-02
 1.960182625088267e-01
 4.768365752849799e-02
 1.960182352728319e-01
 -1.182136319156071e+00
 -1.186666200027538e+00
 -1.186666200027902e+00
 1.397312071115523e+00
 1.371217263060473e+00
 1.397312071115488e+00
 1.371217263060427e+00
 -1.189068709655767e+00
 -1.189068709656116e+00
 -1.189340329144677e+00
 -1.189340329145013e+00
 -1.187355045506701e+00
 1.544912674765054e+00
 1.501199778696263e+00
 1.544912674765077e+00
 1.501199778696278e+00
 -1.187355045507023e+00
 3.328758860249749e+00
 3.328758860250299e+00
 -1.183055860675949e+00
 -1.183055860676258e+00
 -1.204246867543168e+00
 -1.204246867543515e+00
 -1.176383317263408e+00
 -1.176383317263704e+00
 -1.195378125264597e+00
 -1.191301461700295e+00
 -1.195378125264938e+00
 -1.191301461700637e+00
 -1.167292284131655e+00
 -1.167292284131943e+00
 1.466246614501474e+00
 1.466246614501471e+00
 -1.194615923988330e+00
 -1.192546047114037e+00
 -1.189761902481290e+00
 -1.194615923988655e+00
 -1.192546047114359e+00
 -1.189761902481616e+00
 -1.155784124545363e+00
 -2.888258631271727e-01
 -2.888258639083483e-01
 -1.155784124545645e+00
 5.883214715857039e-01
 6.216157730538739e-01
 6.337382488253311e-01
 6.337382488245852e-01
 5.883214715854884e-01
 6.216157730480634e-01
 -1.141862906957497e+00
 -1.141862906957774e+00
 -1.187932857092122e+00
 -1.186097159950378e+00
 -1.187932857092428e+00
 -1.186097159950690e+00
 7.881206809362779e+00
 7.881206809362779e+00
 -1.125571134023093e+00
 -1.125571134023369e+00
 -1.181284418425875e+00
 -1.181352733393577e+00
 -1.180234360232927e+00
 -1.181284418425986e+00
 -1.181352733393858e+00
 -1.180234360233224e+00
 -1.106988268792421e+00
 -1.106988268792700e+00
 -1.172696209999456e+00
 -1.172054155477713e+00
 -1.172696209999727e+00
 -1.172054155478000e+00
 -1.086217750896006e+00
 -1.086217750896290e+00
 -1.157271726894040e+00
 -1.161707379076859e+00
 -1.161497285579909e+00
 -1.063379691203619e+00
 -1.063379691203911e+00
 -1.157271726894312e+00
 -1.161707379077136e+00
 -1.161497285580192e+00
 2.530071509705268e-01
 3.801559738972627e-01
 2.530071509701783e-01
 3.801559738925618e-01
 -1.148523608388358e+00
 -1.148588025537325e+00
 -1.148523608388636e+00
 -1.148588025537604e+00
 -1.038614327611766e+00
 -1.038614327612069e+00
 1.508728012698965e-01
 1.508728011394698e-01
 -1.012046505486237e+00
 -1.012046505486549e+00
 8.543486722017837e-01
 8.543486722015845e-01
 -1.124756863485087e+00
 -1.132992395091173e+00
 -1.133310944197196e+00
 -1.124756863485369e+00
 -1.132992395091450e+00
 -1.133310944197472e+00
 -1.185075275743654e+00
 -1.185075275743947e+00
 9.893870469905816e-01
 1.020672730703098e+00
 -3.713626554881114e-01
 -3.236544919574014e-01
 -4.060879765884173e-01
 -3.580802693699612e-01
 -3.713626554900891e-01
 -3.236544919576202e-01
 -4.060879765886924e-01
 -3.580802693745476e-01
 9.893870469903987e-01
 1.020672730702920e+00
 -9.837606094721174e-01
 -9.837606094724348e-01
 -1.115257031931944e+00
 -1.115749896810736e+00
 -1.115257031932223e+00
 -1.115749896811014e+00
 -9.539599594982621e-01
 1.085892705446633e+00
 1.093101946876783e+00
 1.120742947961099e+00
 1.085892705446473e+00
 1.093101946876628e+00
 1.120742947960953e+00
 -9.539599594985795e-01
 -1.177550729101992e+00
 -1.177550729102252e+00
 -1.084437668776226e+00
 -1.095369522937951e+00
 -1.095983358554683e+00
 -9.227979929754366e-01
 -9.227979929757483e-01
 -1.084437668776513e+00
 -1.095369522938232e+00
 -1.095983358554963e+00
 -1.167593780053904e+00
 -8.904106369146901e-01
 -8.904106369149911e-01
 -1.167593780054178e+00
 6.865722417549247e-01
 7.590701724646072e-01
 6.865722417547347e-01
 7.590701724644251e-01
 -1.073411565469561e+00
 -1.074112000229965e+00
 9.785647747680795e-01
 9.785647747678913e-01
 -1.073411565469850e+00
 -1.074112000230253e+00
 -8.569279657703451e-01
 -8.569279657706317e-01
 -1.155536976906053e+00
 -1.155536976906331e+00
 -8.224729192408066e-01
 -8.224729192410768e-01
 -1.036426364510420e+00
 -1.049490386793037e+00
 -1.050261803588337e+00
 -1.036426364510726e+00
 -1.049490386793336e+00
 -1.050261803588635e+00
 9.009055058137486e-01
 9.349452522502760e-01
 6.613011264165385e-01
 6.613011264161480e-01
 9.009055058135534e-01
 9.349452522500799e-01
 1.081979567233337e+00
 1.081979567233178e+00
 -1.023819256134349e+00
 -1.024590291148528e+00
 -1.023819256134659e+00
 -1.024590291148836e+00
 -1.141088763161699e+00
 -1.141088763161976e+00
 4.834525778098679e-01
 4.834525778087984e-01
 -1.297189449938576e+00
 -6.253660584547923e+00
 -2.512682268863433e+00
 2.514422956906787e+01
 -1.904040793241476e+00
 -1.297189607323484e+00
 -6.253660811349809e+00
 -2.512682322028606e+00
 2.514422955570447e+01
 -1.904040793211148e+00
 -1.124422573651550e+00
 -1.124422573651828e+00
 -9.816419071716055e-01
 -9.964484220881378e-01
 -9.971916221579967e-01
 -9.816419071719287e-01
 -9.964484220884554e-01
 -9.971916221583130e-01
 -1.443217325648588e+01
 1.433073849772344e-01
 -4.093070937726035e+00
 7.321166201447743e-01
 8.969988694340238e-01
 9.334989665744541e-01
 9.943644389657741e-01
 1.011645004227011e+00
 1.041898721018046e+00
 -2.530871878908367e-01
 -2.530871879070890e-01
 -1.443217325648649e+01
 1.433073849764345e-01
 -4.093070937727264e+00
 7.321166201445777e-01
 8.969988694338259e-01
 9.334989665742667e-01
 9.943644389655942e-01
 1.011645004226833e+00
 1.041898721017876e+00
 -5.603975016823495e-01
 -6.341674482492409e-01
 -5.603975016826949e-01
 -6.341674482531635e-01
 8.072862119908507e-01
 8.072862119906515e-01
 -9.675009419690220e-01
 -9.681956707450544e-01
 -9.675009419693422e-01
 -9.681956707453730e-01
 -1.105590104487370e+00
 -1.105590104487649e+00
 1.000341152876695e+00
 1.000341152876515e+00
 -9.210323182374829e-01
 -9.371552486232673e-01
 -9.377821722871553e-01
 -9.210323182377985e-01
 -9.371552486235838e-01
 -9.377821722874707e-01
 -1.244422952033444e+00
 -1.153974783559679e+00
 -1.244422952040634e+00
 -1.153974783560146e+00
 -1.084644835826222e+00
 -1.084644835826506e+00
 1.134937885748974e+00
 1.134937885748827e+00
 -9.055153261081289e-01
 -9.060733187734312e-01
 9.033411328626736e-01
 9.244844950840163e-01
 9.572457390900332e-01
 9.033411328624843e-01
 9.244844950838272e-01
 9.572457390898463e-01
 -9.055153261084369e-01
 -9.060733187737383e-01
 2.304372051896178e+00
 2.304372051896178e+00
 1.988788161437325e+00
 2.061259395863439e+00
 3.309070678993277e+00
 1.988788161437345e+00
 2.061259395863477e+00
 3.309070678993830e+00
 -1.137023623568471e+00
 -1.133802850163740e+00
 -1.137023623568798e+00
 -1.133802850164023e+00
 -1.061685522783468e+00
 -1.061685522783760e+00
 9.126238641268892e-01
 -7.478953122722080e-02
 2.791459256166958e-04
 -5.838022259021570e-02
 -7.478953122738835e-02
 2.791459254583529e-04
 -5.838022259088920e-02
 9.126238641266977e-01
 -8.556203349025456e-01
 -8.727446114867758e-01
 -8.732192175484115e-01
 -8.556203349028306e-01
 -8.727446114870699e-01
 -8.732192175487057e-01
 1.108411103315638e+00
 1.108411103315486e+00
 6.945612560849593e-01
 7.388638478715376e-01
 8.093147068373642e-01
 8.316886026957703e-01
 8.665860855697278e-01
 6.945612560847755e-01
 7.388638478713497e-01
 8.093147068371734e-01
 8.316886026955780e-01
 8.665860855695336e-01
 -1.036871036263515e+00
 -8.389274570531720e-01
 -8.393247868774679e-01
 -8.389274570534495e-01
 -8.393247868777459e-01
 -1.036871036263819e+00
 1.869116971923534e-01
 -1.156811427559403e+00
 -1.149408120284809e+00
 -1.110738619962879e+00
 -1.117518152392678e+00
 -1.115577686848711e+00
 1.869116941580619e-01
 -1.156811427589367e+00
 -1.149408120291983e+00
 -1.110738619963422e+00
 -1.117518152393033e+00
 -1.115577686849001e+00
 8.193498258479623e-01
 8.193498258477679e-01
 1.040119416584931e+00
 1.066503933076117e+00
 1.040119416584759e+00
 1.066503933075953e+00
 7.129246196924955e-01
 7.358677578295290e-01
 7.718770910545721e-01
 7.129246196923082e-01
 7.358677578293400e-01
 7.718770910543808e-01
 1.263022275169373e-01
 1.517388958024476e-01
 1.263022275168092e-01
 1.517388958011133e-01
 -1.010330732117177e+00
 -1.010330732117491e+00
 -7.863511403172635e-01
 -8.042195882906693e-01
 -8.045275599773811e-01
 -7.863511403175152e-01
 -8.042195882909305e-01
 -8.045275599776430e-01
 -1.096780862241518e+00
 -1.095394318043590e+00
 2.564546228119146e-01
 3.642957435831214e-01
 5.013641082840408e-01
 5.443021261856203e-01
 6.147925580526763e-01
 6.370623949702032e-01
 2.564546228117858e-01
 3.642957435829599e-01
 5.013641082838695e-01
 5.443021261854423e-01
 6.147925580524932e-01
 6.370623949699930e-01
 -1.096780862241843e+00
 -1.095394318043879e+00
 1.024094921433086e+00
 1.024094921432912e+00
 -1.201835057096468e+00
 -7.988016153835418e-01
 -7.436289316567014e-01
 -7.846417945374146e-01
 -1.102079946725347e+00
 -1.201835057097380e+00
 -7.988016153839307e-01
 -7.436289316570867e-01
 -7.846417945378865e-01
 -1.102079946739910e+00
 -7.686881725131416e-01
 -7.689179765391539e-01
 -7.686881725133868e-01
 -7.689179765393998e-01
 5.160211195572558e-01
 3.115783255566794e-01
 3.516024235259325e-01
 3.115783255565164e-01
 3.516024235256906e-01
 5.160211195570369e-01
 4.190135685387670e-01
 4.190135685382885e-01
 -9.821485082442193e-01
 -9.821485082445388e-01
 9.492034542065860e-01
 9.808220075824680e-01
 9.492034542063997e-01
 9.808220075822857e-01
 -1.085741638811360e+00
 -1.064045870340869e+00
 -1.074007750716912e+00
 -1.073205008774156e+00
 -1.085741638812069e+00
 -1.064045870341180e+00
 -1.074007750717208e+00
 -1.073205008774445e+00
 6.165620303745618e+00
 6.165620303745754e+00
 9.364830984824485e-01
 9.364830984822609e-01
 -7.140843635249333e-01
 -7.324813401566758e-01
 -7.326221141875268e-01
 -7.140843635251559e-01
 -7.324813401569062e-01
 -7.326221141877578e-01
 -4.588811651619229e-01
 -4.588811651623548e-01
 -9.524842485317535e-01
 -9.524842485320729e-01
 -1.627403869510776e-01
 -1.627403869621658e-01
 -6.956516693601067e-01
 -6.957176442446813e-01
 8.566698119299926e-01
 8.908640920598523e-01
 8.566698119298016e-01
 8.908640920596618e-01
 -6.956516693603236e-01
 -6.957176442448980e-01
 -1.049782112171703e+00
 -1.049115587777111e+00
 -1.049782112172005e+00
 -1.049115587777410e+00
 8.441437514008906e-01
 8.441437514006990e-01
 7.613666843027871e-01
 7.966415674323669e-01
 -8.468039515915341e-01
 -8.468039515916467e-01
 7.613666843025981e-01
 7.966415674321761e-01
 -9.214737823161488e-01
 -9.214737823164618e-01
 1.886514810786758e+00
 1.834994622558078e+00
 1.881447365482344e+00
 1.886514810786795e+00
 1.834994622558130e+00
 1.881447365482424e+00
 7.486212153323463e-01
 7.486212153321573e-01
 -6.395980343061274e-01
 -6.583392239021875e-01
 -6.583202785206487e-01
 -6.395980343063232e-01
 -6.583392239023899e-01
 -6.583202785208506e-01
 -1.743875555783381e+00
 -5.367962215046361e-01
 -2.393780944901125e-01
 -1.007995738656507e+00
 -1.024930876116709e+00
 -1.012080686223976e+00
 -1.023515732008923e+00
 -1.023359779370952e+00
 6.640660683356384e-01
 7.000723570660053e-01
 6.640660683354536e-01
 7.000723570658178e-01
 -1.743875690843393e+00
 -5.367962320388721e-01
 -2.393780961617313e-01
 -1.007995738661644e+00
 -1.024930876116762e+00
 -1.012080686224283e+00
 -1.023515732009236e+00
 -1.023359779371263e+00
 6.507249384992856e-01
 6.507249384990970e-01
 -6.205852262819709e-01
 -6.204973122533504e-01
 -6.205852262821580e-01
 -6.204973122535369e-01
 5.658338896804549e-01
 5.658338896802682e-01
 4.666074129397402e-01
 4.666074129393946e-01
 -8.892541057623632e-01
 -8.892541057626651e-01
 3.599612257036398e-02
 3.599612257040702e-02
 -9.960691078452085e-01
 -9.959688370807945e-01
 -9.960691078455369e-01
 -9.959688370811153e-01
 -5.636003905978021e-01
 -5.825234714231474e-01
 -5.823568749220357e-01
 -5.636003905979629e-01
 -5.825234714233171e-01
 -5.823568749222043e-01
 -8.559452836250699e-01
 -8.559452836253557e-01
 1.670813560462429e+00
 1.670813560462411e+00
 -5.441874423618228e-01
 -5.439585641185819e-01
 -5.441874423619709e-01
 -5.439585641187293e-01
 9.541563482362668e-02
 9.541563482414671e-02
 1.765803118572210e+00
 1.865162798216159e+00
 1.765803118572275e+00
 1.865162798216307e+00
 -5.532697520740603e-01
 -5.532697520747036e-01
 -8.946854177647194e-01
 -9.169476518478973e-01
 -9.007529756860866e-01
 -8.946854177650968e-01
 -9.169476518482760e-01
 -9.007529756866587e-01
 -9.614146939791181e-01
 -9.531938995593029e-01
 -9.668704736254121e-01
 -9.669966752902387e-01
 -9.614146939806181e-01
 -9.531938995597438e-01
 -9.668704736257510e-01
 -9.669966752905637e-01
 -8.216704304409440e-01
 -8.216704304412134e-01
 1.032588338599846e+00
 9.890619757687261e-01
 1.017299494543944e+00
 2.182525521731580e-01
 1.906701788676890e-01
 2.182525521729987e-01
 1.906701788674755e-01
 1.032588338599676e+00
 9.890619757685449e-01
 1.017299494543768e+00
 -2.442290368756364e-01
 -2.914973634307818e-01
 -2.648696751257292e-01
 -2.442290368758476e-01
 -2.914973634310223e-01
 -2.648696751267043e-01
 9.647748484886809e-01
 9.647748484884967e-01
 -4.867458552111575e-01
 -5.057044970018405e-01
 -5.054042350912393e-01
 -4.867458552112728e-01
 -5.057044970019662e-01
 -5.054042350913646e-01
 7.906015118119619e-01
 8.633676162685529e-01
 8.830692738744591e-01
 9.168440689839461e-01
 7.906015118117716e-01
 8.633676162683620e-01
 8.830692738742699e-01
 9.168440689837579e-01
 2.839329985757109e-01
 2.839329985755389e-01
 -9.366783046495061e-01
 -9.367054915855529e-01
 -9.366783046498386e-01
 -9.367054915858736e-01
 -4.671035330250551e-01
 -4.667480929259814e-01
 -4.671035330251586e-01
 -4.667480929260843e-01
 -7.865380077139974e-01
 -7.865380077142506e-01
 8.694085458758763e-01
 8.694085458756866e-01
 4.059265223992949e-01
 3.790643740798160e-01
 3.995060235824871e-01
 4.059265223991283e-01
 3.790643740796451e-01
 3.995060235822739e-01
 7.648139857528459e-01
 7.869655442222045e-01
 8.219791113733224e-01
 7.648139857526576e-01
 7.869655442220149e-01
 8.219791113731317e-01
 7.741508186557873e-01
 7.741508186555979e-01
 5.977483721180290e-01
 6.681671763059008e-01
 6.904720930797225e-01
 7.259082222867642e-01
 4.746946893913753e-01
 4.958366960325207e-01
 4.819048852879216e-01
 5.308880234390206e-01
 4.746946893912034e-01
 4.958366960323409e-01
 5.308880234388347e-01
 4.819048852877088e-01
 5.977483721178515e-01
 6.681671763057178e-01
 6.904720930795374e-01
 7.259082222865767e-01
 6.773418724993918e-01
 5.712246406283877e-01
 5.930028929721290e-01
 5.795034229066068e-01
 5.712246406282111e-01
 5.930028929719500e-01
 5.795034229064261e-01
 6.773418724992069e-01
 6.285268132896498e-01
 6.285268132894678e-01
 -5.065116155181136e-01
 -8.678564284350220e-01
 -8.953752617459726e-01
 -8.895998524138619e-01
 -9.048925924299699e-01
 -9.050811246311886e-01
 -5.065116164408199e-01
 -8.678564284384511e-01
 -8.953752617470441e-01
 -8.895998524142322e-01
 -9.048925924302883e-01
 -9.050811246314990e-01
 -7.506579442686614e-01
 -7.506579442688990e-01
 -9.608423444045833e-01
 -1.363527460075248e+00
 9.615334833268453e-01
 1.762651056763558e+00
 1.646138399937598e+00
 1.663871105613910e+00
 1.633555269167927e+00
 -1.363527526493687e+00
 9.615334813817569e-01
 1.762651056762172e+00
 1.646138399937638e+00
 1.663871105613951e+00
 1.633555269167965e+00
 -9.608423444049468e-01
 -4.096493529268644e-01
 -4.285073074742188e-01
 -4.280882864003759e-01
 -4.096493529269370e-01
 -4.285073074743010e-01
 -4.280882864004574e-01
 -3.899431780315425e-01
 -3.894758727522551e-01
 -3.899431780316039e-01
 -3.894758727523159e-01
 -1.037033669235967e+00
 -1.037033669236275e+00
 -7.141285779185391e-01
 -8.723740675408486e-01
 -8.723969695348356e-01
 -8.723740675411470e-01
 -8.723969695351305e-01
 -7.141285779187627e-01
 -6.606408630695420e-01
 -6.433787574832047e-01
 -6.606408630699125e-01
 -6.433787574837362e-01
 -1.233763837895961e-01
 -8.726795577628076e-02
 -1.145403424981727e-01
 -1.233763837897744e-01
 -8.726795577645956e-02
 -1.145403424988556e-01
 1.593661326416569e+00
 1.593661326416602e+00
 2.363525818769115e-01
 2.363525818767256e-01
 -6.770476418129098e-01
 -1.010140170816135e+00
 -1.010140170816453e+00
 -6.770476418131194e-01
 -8.259011652468065e-01
 -8.219573190288300e-01
 -8.384528636645325e-01
 -8.386118350045992e-01
 -8.259011652465884e-01
 -8.219573190290579e-01
 -8.384528636648046e-01
 -8.386118350048751e-01
 -3.329012770893589e-01
 -3.515293169550611e-01
 -3.510064589433480e-01
 -3.329012770893926e-01
 -3.515293169551036e-01
 -3.510064589433902e-01
 3.317260085237463e-01
 -3.735234818308457e-01
 1.949999391151811e+00
 2.027901260352323e+00
 1.949999391151842e+00
 2.027901260352389e+00
 -3.735234818311884e-01
 3.317260085235738e-01
 -7.291735028973867e-01
 -1.125761873811157e+00
 -1.020915056382403e+00
 -1.034213695756803e+00
 -1.016470014583433e+00
 -1.028805435404140e+00
 -7.291735028985562e-01
 -1.125761873811545e+00
 -1.020915056382763e+00
 -1.034213695757164e+00
 -1.016470014583790e+00
 -1.028805435404449e+00
 -2.627231490165779e-02
 -2.627231490184822e-02
 3.658700265271346e-01
 3.658700265269447e-01
 -3.132944165791863e-01
 -3.127301342484053e-01
 -3.132944165792119e-01
 -3.127301342484308e-01
 4.266904834670246e-01
 4.131896212182006e-01
 4.266904834668540e-01
 4.131896212180207e-01
 -6.395045290757139e-01
 -6.395045290759086e-01
 4.612888006869438e-01
 4.612888006867683e-01
 -8.040500210660078e-01
 -8.040057677264756e-01
 -8.040500210662619e-01
 -8.040057677267350e-01
 -9.817523486977906e-01
 1.830458693469606e+00
 1.830458693469690e+00
 -9.817523486981262e-01
 1.552619050810436e+00
 1.515548400645857e+00
 1.528342455047064e+00
 1.512885098492395e+00
 1.552619050810450e+00
 1.515548400645863e+00
 1.528342455047075e+00
 1.512885098492406e+00
 5.228803457700991e-01
 5.094803071172408e-01
 5.228803457699253e-01
 5.094803071170655e-01
 9.686549047739947e-02
 5.065580320486780e-02
 8.905088566469772e-02
 6.284134220476115e-02
 8.000006027753054e-02
 9.686549047725239e-02
 5.065580320471234e-02
 8.905088566454382e-02
 6.284134220461521e-02
 8.000006027748546e-02
 5.578491476659757e-01
 -8.721465082202065e-01
 -8.721465082210490e-01
 5.578491476657989e-01
 6.196782553901070e-01
 6.064135723237486e-01
 6.196782553899275e-01
 6.064135723235692e-01
 6.550344066131960e-01
 6.550344066130135e-01
 -6.015874131005725e-01
 -3.171956210175850e-01
 -3.171956210181159e-01
 -6.015874131007515e-01
 -2.549018819550365e+00
 -8.632590158363843e-01
 -5.004369884286283e-01
 -5.304889597536226e-01
 -7.209629201335890e-01
 -7.542804026297377e-01
 -7.510775575746987e-01
 -7.684271734655422e-01
 -7.685110530406770e-01
 -2.549018693614551e+00
 -8.632590285591295e-01
 -5.004369904427147e-01
 -5.304889592486881e-01
 -7.209629201310161e-01
 -7.542804026290810e-01
 -7.510775575748643e-01
 -7.684271734657789e-01
 -7.685110530409202e-01
 7.166186242399177e-01
 7.035402196257645e-01
 -7.238667780526297e-01
 -8.095210963646096e-01
 -7.238667780530417e-01
 -8.095210963657510e-01
 7.166186242397318e-01
 7.035402196255791e-01
 -9.520425957208327e-01
 -9.520425957211782e-01
 -2.570813851620465e-01
 -2.753548325274648e-01
 -2.747431967243062e-01
 7.517961819276580e-01
 1.533037743148343e-01
 1.725416674065254e-01
 1.533037743146803e-01
 1.725416674063669e-01
 7.517961819274698e-01
 -2.570813851620505e-01
 -2.753548325274766e-01
 -2.747431967243185e-01
 -1.066060039959696e+00
 -1.075131979135198e+00
 -1.066060039960061e+00
 -1.075131979135546e+00
 8.131017588159628e-01
 7.998192238030867e-01
 8.131017588157731e-01
 7.998192238028973e-01
 8.482090204772592e-01
 8.482090204770693e-01
 -2.377475261812785e-01
 -2.371024688299434e-01
 -2.377475261812814e-01
 -2.371024688299475e-01
 -5.633795676360878e-01
 -5.633795676362470e-01
 2.300704333306731e-01
 2.710791894700668e-01
 2.450018306670128e-01
 2.648698051123620e-01
 2.512698423278974e-01
 2.300704333305194e-01
 2.710791894699088e-01
 2.450018306668548e-01
 2.648698051122007e-01
 2.512698423277309e-01
 -7.325495477697498e-01
 -7.324110898858244e-01
 -7.325495477699727e-01
 -7.324110898860533e-01
 2.031722055918797e+00
 2.031722055918797e+00
 2.022613610176821e+00
 2.106382622397341e+00
 2.022613610176829e+00
 2.106382622397346e+00
 9.267639625865665e-01
 8.999771214455434e-01
 9.267639625863789e-01
 8.999771214453545e-01
 1.466096420581359e+00
 1.447980678665068e+00
 1.455931410442004e+00
 1.466096420581350e+00
 1.447980678665052e+00
 1.455931410441994e+00
 -9.210041482273703e-01
 -9.210041482276965e-01
 -2.082282152005816e-01
 -2.335840793861531e-01
 -2.082282152007817e-01
 -2.335840793863841e-01
 2.982756592134511e-01
 2.982756592132853e-01
 -1.092023646657527e+00
 -1.092023646657821e+00
 1.831982123600100e-02
 1.831982123586513e-02
 -6.320424682441266e-01
 -4.769136273056331e-01
 -5.167255247224380e-01
 -4.839801080732760e-01
 -5.083115149283397e-01
 -6.320424682445637e-01
 -4.769136273059356e-01
 -5.167255247227581e-01
 -4.839801080735874e-01
 -5.083115149287026e-01
 3.380595174730141e-01
 3.586110107028696e-01
 3.453447286793770e-01
 3.380595174728521e-01
 3.586110107027049e-01
 3.453447286792102e-01
 -5.249612747982750e-01
 -5.249612747984120e-01
 -1.827863904273045e-01
 -2.006022767063372e-01
 -1.999313837187951e-01
 -9.320068269835347e-01
 -9.320068269839985e-01
 -1.827863904273034e-01
 -2.006022767063378e-01
 -1.999313837187970e-01
 -6.799422048004904e-01
 -6.776454206009330e-01
 -6.956262160237509e-01
 -6.956166851216400e-01
 -6.799422048006794e-01
 -6.776454206011434e-01
 -6.956262160239660e-01
 -6.956166851218565e-01
 3.926004455810452e-01
 3.926004455808775e-01
 1.896656893740528e+00
 1.883212858769152e+00
 1.896656893740564e+00
 1.883212858769199e+00
 -8.888397147767302e-01
 -8.888397147770447e-01
 4.417859705832020e-01
 4.122020996466624e-01
 4.583813490946629e-01
 4.323636681748231e-01
 4.535133594483364e-01
 4.401866174061078e-01
 4.417859705832297e-01
 4.122020996465116e-01
 4.583813490944973e-01
 4.323636681746569e-01
 4.535133594481677e-01
 4.401866174059386e-01
 -1.127393778250841e+00
 -1.122211630431825e+00
 -1.108208399712252e+00
 -1.114012117065277e+00
 -1.109526155416953e+00
 -1.127393778251232e+00
 -1.122211630432203e+00
 -1.108208399712626e+00
 -1.114012117065649e+00
 -1.109526155417303e+00
 -1.639666333150228e-01
 -1.632828637985930e-01
 -1.639666333150271e-01
 -1.632828637985982e-01
 1.422805694239891e+00
 1.422805694239866e+00
 1.080646028175196e-01
 9.459961222886015e-02
 1.080646028173692e-01
 9.459961222873055e-02
 -4.864109330887922e-01
 -1.482068659156626e-01
 -1.310037122386130e-01
 -1.482068659158460e-01
 -1.310037122388331e-01
 -4.864109330889067e-01
 -7.158868161560523e-01
 1.715138356316617e+00
 1.733637616661901e+00
 1.715138356316669e+00
 1.733637616661967e+00
 -7.158868161564600e-01
 4.880821266974157e-01
 4.880821266972444e-01
 -6.586505937007698e-01
 -6.584102663622516e-01
 -8.224054988848716e-01
 -7.981405798337263e-01
 -8.164697928486782e-01
 -8.224054988852567e-01
 -7.981405798341147e-01
 -8.164697928490450e-01
 -6.586505937009753e-01
 -6.584102663624549e-01
 1.404549049117440e-01
 1.404549049115940e-01
 5.277156897362544e-01
 5.494610267716720e-01
 5.362192821815862e-01
 5.277156897360830e-01
 5.494610267714978e-01
 5.362192821814123e-01
 -2.762688427176770e-01
 -2.762688427180400e-01
 -1.126260061384882e+00
 -1.126260061385253e+00
 -8.555803731564144e-01
 -8.555803731566991e-01
 -4.296078848261939e-01
 -4.296078848264901e-01
 1.989217730828138e-01
 1.857843147571604e-01
 1.989217730826577e-01
 1.857843147570040e-01
 -4.478036199997650e-01
 -4.478036199998577e-01
 5.845181461773041e-01
 5.845181461771272e-01
 -3.709243789351787e-02
 -6.183445537173370e-02
 -4.330658973856371e-02
 -3.709243789368195e-02
 -6.183445537190117e-02
 -4.330658973872886e-02
 -4.848664921899995e-01
 -5.676553311746617e-01
 -6.044440712629541e-01
 -6.024039942351208e-01
 -6.207925419370827e-01
 -6.206864669178296e-01
 -1.104432208470228e-01
 -1.277908843083125e-01
 -1.271705825630893e-01
 -1.104432208470365e-01
 -1.277908843083237e-01
 -1.271705825631013e-01
 -4.848664925697775e-01
 -5.676553311757785e-01
 -6.044440712634388e-01
 -6.024039942353333e-01
 -6.207925419372762e-01
 -6.206864669180183e-01
 2.318793102867626e-01
 1.559127109241542e+00
 1.559127109241564e+00
 2.318793102866041e-01
 5.968841503073854e-01
 6.495571155275227e-01
 6.246099866962854e-01
 6.460718440726975e-01
 6.328708042593874e-01
 1.937638348677597e+00
 -5.810825739639944e+00
 1.440069292653032e+00
 1.430421651245623e+00
 1.387284067148380e+00
 1.401267058009635e+00
 1.382244642565507e+00
 1.389543581342219e+00
 -5.810825741572938e+00
 1.440069292649731e+00
 1.430421651245584e+00
 1.387284067148340e+00
 1.401267058009600e+00
 1.382244642565464e+00
 1.389543581342179e+00
 1.937638348677634e+00
 5.968841503072523e-01
 6.495571155273493e-01
 6.246099866961075e-01
 6.460718440725168e-01
 6.328708042592072e-01
 -8.214062384361311e-01
 -1.142068821582240e+00
 -1.145822228602541e+00
 -1.141321374434958e+00
 -1.142068821582620e+00
 -1.145822228602920e+00
 -1.141321374435334e+00
 -8.214062384363907e-01
 -9.895110286400451e-01
 -9.895110286403992e-01
 -9.228419660822972e-02
 -9.171466107427705e-02
 -9.228419660824945e-02
 -9.171466107429738e-02
 -4.092153606645495e-01
 -1.231791370119572e-02
 -1.231791370135506e-02
 -4.092153606646213e-01
 2.913777905260957e-01
 2.782201179729166e-01
 2.913777905259357e-01
 2.782201179727561e-01
 -1.906821425175987e-01
 -1.906821425177918e-01
 -5.830635515371778e-01
 -5.827261468979428e-01
 -5.830635515373538e-01
 -5.827261468981142e-01
 1.675586400733011e+00
 1.675586400733056e+00
 -5.893469287493217e-01
 -6.115362964407597e-01
 -5.893469287496705e-01
 -6.115362964411231e-01
 6.812168618318788e-01
 6.812168618316953e-01
 2.560789360743421e-02
 4.441653523706256e-02
 3.156439217751606e-02
 2.560789360727667e-02
 4.441653523690751e-02
 3.156439217736488e-02
 -3.618929362409063e-01
 -3.261734685484970e-01
 -3.491240803180719e-01
 -3.323235446085875e-01
 -3.618929362411603e-01
 -3.261734685487386e-01
 -3.491240803183274e-01
 -3.323235446088771e-01
 -1.154606967044942e+00
 -1.157836676992467e+00
 3.248762357177930e-01
 3.248762357176308e-01
 -1.154606967045322e+00
 -1.157836676992846e+00
 -4.698814514282814e-01
 -4.698814514286188e-01
 -7.863640994982022e-01
 -7.863640994984470e-01
 -3.707175076835830e-01
 -1.009740684998936e+00
 -1.009740684999274e+00
 -3.707175076836349e-01
 -8.711851247874258e-01
 -8.840979072825059e-01
 -8.763634469429518e-01
 1.992916639886842e+00
 1.983526330802960e+00
 1.992916639886863e+00
 1.983526330802991e+00
 -8.711851247878082e-01
 -8.840979072828976e-01
 -8.763634469434299e-01
 7.189368271013359e-01
 7.423155235581983e-01
 7.295711685137612e-01
 7.189368271011506e-01
 7.423155235580114e-01
 7.295711685135750e-01
 -7.601326553624029e-01
 -7.584694035055701e-01
 7.626450887816714e-02
 7.626450887801486e-02
 -7.601326553627979e-01
 -7.584694035060667e-01
 3.850533366390135e-01
 3.718792918704436e-01
 3.850533366388496e-01
 3.718792918702795e-01
 -5.272537547504094e-01
 -5.259481632339489e-01
 -5.446101623554840e-01
 -5.444139816521595e-01
 -5.272537547504137e-01
 -5.259481632340819e-01
 -5.446101623556358e-01
 -5.444139816523089e-01
 -1.050863390596552e-01
 -1.177082618719521e-01
 -1.050863390598301e-01
 -1.177082618721349e-01
 -3.921434563750127e+00
 -3.187138313954339e-01
 -1.234761979937482e+00
 -1.176718772152805e+00
 -1.167129063302289e+00
 -1.169238285683184e+00
 -1.165796637130569e+00
 -1.168091245185894e+00
 -3.921434563753693e+00
 -3.187138313952762e-01
 -1.234761979937957e+00
 -1.176718772153183e+00
 -1.167129063302668e+00
 -1.169238285683561e+00
 -1.165796637130948e+00
 -1.168091245186276e+00
 1.398296687201326e-01
 1.145418178930881e-01
 1.340072419231794e-01
 1.211618339460872e-01
 1.398296687199799e-01
 1.145418178929345e-01
 1.340072419230256e-01
 1.211618339459339e-01
 -4.080712370109484e-02
 -5.752988525650529e-02
 -5.700857340078276e-02
 -4.080712370113160e-02
 -5.752988525653555e-02
 -5.700857340081356e-02
 1.812773115564042e+00
 1.820257601202230e+00
 1.790719614422813e+00
 1.801619776131570e+00
 1.812773115564104e+00
 1.820257601202280e+00
 1.790719614422868e+00
 1.801619776131632e+00
 -7.506028347367605e-01
 4.191970022339871e-01
 4.191970022338209e-01
 -7.506028347369845e-01
 2.019257650687749e+00
 1.912790201309507e+00
 1.912790201309548e+00
 2.019257650687762e+00
 -3.323849073191233e-01
 -6.538833263410022e-01
 -6.538833263413930e-01
 -3.323849073191569e-01
 1.355921095188928e+00
 1.355921095188875e+00
 1.497443286271453e+00
 1.504379548238556e+00
 1.497443286271454e+00
 1.504379548238561e+00
 7.773846416107223e-01
 -2.675628251241777e-01
 -2.499216012584854e-01
 -2.623296645644501e-01
 -2.675628251243979e-01
 -2.499216012587021e-01
 -2.623296645646954e-01
 7.773846416105333e-01
 -7.412738692184741e-02
 -7.412738692201781e-02
 -5.064484659200917e-01
 -5.060256555305611e-01
 -1.042098498210980e+00
 -1.034438733520123e+00
 -1.042098498211341e+00
 -1.034438733520474e+00
 -5.064484659202190e-01
 -5.060256555306878e-01
 -1.174857293447790e+00
 -1.176455662657468e+00
 -9.077986038775433e-01
 -9.077986038779572e-01
 -1.174857293448164e+00
 -1.176455662657843e+00
 1.663789373709067e-01
 -5.373948094434055e-01
 -5.218116593451481e-01
 -3.892123259429652e-01
 2.037799372978426e+00
 2.037799372978426e+00
 2.046651797312202e+00
 1.704978174041398e+00
 1.704978174041454e+00
 2.046651797312205e+00
 -3.892123259432403e-01
 -5.373948094437352e-01
 -5.218116593454799e-01
 1.663789373707521e-01
 -7.883366327213195e-01
 4.799834638853342e-01
 4.667842237209557e-01
 4.799834638851657e-01
 4.667842237207870e-01
 -7.883366327217177e-01
 -2.360344134920669e-02
 -2.313719923813054e-02
 1.609999326239053e+00
 1.620231850229720e+00
 1.603946026506675e+00
 1.609999326239082e+00
 1.620231850229752e+00
 1.603946026506705e+00
 -2.360344134925070e-02
 -2.313719923817474e-02
 -1.829350747879165e-02
 -3.069286320159979e-02
 -1.829350747895350e-02
 -3.069286320176291e-02
 -2.202246347940919e-01
 -2.202246347942989e-01
 -7.141779083432317e-01
 2.049714741389959e-01
 2.249841746898852e-01
 2.120191973454259e-01
 2.049714741388413e-01
 2.249841746897290e-01
 2.120191973452698e-01
 -7.141779083434506e-01
 -2.942880847680691e-01
 -2.942880847680873e-01
 -1.058547947006763e+00
 -1.118148409512878e+00
 -1.118148409513241e+00
 -1.058547947007122e+00
 -1.183033516444330e+00
 -1.183646489037506e+00
 -1.181679308851800e+00
 -1.182749068591016e+00
 -1.183033516444694e+00
 -1.183646489037868e+00
 -1.181679308852167e+00
 -1.182749068591382e+00
 5.145756380566047e-01
 -3.606012460326865e-01
 -3.606012460329656e-01
 5.145756380564332e-01
 -1.328842780051369e+00
 -3.471649560585979e-01
 -4.310561239696694e-01
 -4.108234898173268e-01
 -4.499794603317336e-01
 -4.489408812792189e-01
 -4.677148252246797e-01
 -4.674411922492964e-01
 -1.328842661223070e+00
 -3.471649457677465e-01
 -4.310561234349204e-01
 -4.108234898204023e-01
 -4.499794603320051e-01
 -4.489408812793237e-01
 -4.677148252247854e-01
 -4.674411922494008e-01
 1.962263992275912e+00
 1.962263992275947e+00
 -7.002124908313572e-01
 -7.140492892215954e-01
 -6.850042222931516e-01
 -7.019435913379687e-01
 -6.932622340644224e-01
 -7.002124908317608e-01
 -7.140492892219762e-01
 -6.850042222935269e-01
 -7.019435913383483e-01
 -6.932622340648068e-01
 -9.607347988687606e-01
 -9.383485009572883e-01
 -9.485807831957612e-01
 -9.388323516148730e-01
 -9.607347988691266e-01
 -9.383485009576578e-01
 -9.485807831961298e-01
 -9.388323516152508e-01
 1.303641257210374e-02
 -1.030989123575071e+01
 6.111811897439004e-02
 -1.721251693158896e-01
 -1.991506375756197e-01
 -1.603305605235560e-01
 -1.841823137124058e-01
 -1.660413709748787e-01
 -1.782367079872634e-01
 -1.030989123575015e+01
 6.111811897184748e-02
 -1.721251693160133e-01
 -1.991506375758087e-01
 -1.603305605237421e-01
 -1.841823137125989e-01
 -1.660413709750666e-01
 -1.782367079874541e-01
 1.303641257194543e-02
 1.472784975532756e+00
 1.472784975532749e+00
 2.580807924357837e-01
 2.580807924356258e-01
 -1.186219754169348e+00
 -1.186868202924533e+00
 1.333441710470564e+00
 1.313947513547210e+00
 1.321668960848867e+00
 1.333441710470502e+00
 1.313947513547140e+00
 1.321668960848801e+00
 -1.186219754169703e+00
 -1.186868202924887e+00
 -8.353215523598789e-01
 -8.241359703723842e-01
 -8.353215523602652e-01
 -8.241359703727725e-01
 -6.772158937694097e-01
 -5.742160865552082e-01
 1.581995138434993e+00
 1.581995138435019e+00
 -5.742160865555531e-01
 -6.772158937696199e-01
 -3.086148017222937e-01
 -3.202949203967199e-01
 1.753722018125652e+00
 1.740894963384404e+00
 1.753722018125707e+00
 1.740894963384462e+00
 -3.086148017225305e-01
 -3.202949203969702e-01
 1.859284964240919e+00
 1.867042349882952e+00
 1.859284964240962e+00
 1.867042349882995e+00
 -4.407742698186305e-01
 -4.620278803328794e-01
 -4.452135666993200e-01
 -4.567220736281664e-01
 -4.407742698189182e-01
 -4.620278803331766e-01
 -4.452135666996124e-01
 -4.567220736284714e-01
 -2.565048451275557e-01
 -2.565048451275623e-01
 6.988762519292717e-02
 5.722501346513684e-02
 6.988762519277225e-02
 5.722501346498146e-02
 -1.134124775380375e+00
 -1.134124775380747e+00
 5.757304572936672e-01
 5.625460592808328e-01
 5.757304572934927e-01
 5.625460592806582e-01
 -4.294220511314136e-01
 -4.289311265113703e-01
 -4.294220511314988e-01
 -4.289311265114534e-01
 2.003345762198705e+00
 2.003345762198729e+00
 -1.088122380133250e+00
 -1.080894001050695e+00
 -1.085422790800243e+00
 -1.088122380133621e+00
 -1.080894001051061e+00
 -1.085422790800596e+00
 -1.355665092335898e-01
 3.197044970854129e-01
 2.970968939861474e-01
 3.175926512658357e-01
 3.045082540909361e-01
 3.197044970852578e-01
 2.970968939859898e-01
 3.175926512656760e-01
 3.045082540907762e-01
 -1.355665092337706e-01
 2.534367423166686e-02
 9.393781324232468e-03
 9.806386487471449e-03
 2.534367423159533e-02
 9.393781324172483e-03
 9.806386487412196e-03
 1.647637368549024e+00
 1.647637368549062e+00
 -1.288504729561314e+00
 -1.196401249933975e+00
 -1.189571409749916e+00
 -1.188677729790384e+00
 -1.188434205210475e+00
 -1.188735035204298e+00
 -9.691161437544985e-01
 -9.691161437548623e-01
 -1.288504729561699e+00
 -1.196401249934310e+00
 -1.189571409750257e+00
 -1.188677729790723e+00
 -1.188434205210819e+00
 -1.188735035204641e+00
 -7.312770062870735e-01
 -7.419030417637948e-01
 -2.792322425933843e-01
 -2.792322425936113e-01
 -7.312770062874608e-01
 -7.419030417642053e-01
 2.032874506016926e+00
 2.032874506016932e+00
 -5.479790549794444e-01
 1.434046281271200e+00
 1.440857265997695e+00
 1.434046281271178e+00
 1.440857265997676e+00
 -5.479790549797811e-01
 1.018367400267137e-01
 1.018367400265597e-01
 -9.908619667548313e-02
 -8.039742438261797e-02
 -9.265771108551576e-02
 1.563572128724477e+00
 1.545688729757163e+00
 1.551937121192234e+00
 1.563572128724495e+00
 1.545688729757177e+00
 1.551937121192251e+00
 -9.908619667565652e-02
 -8.039742438278849e-02
 -9.265771108568843e-02
 -4.172730775269876e-01
 -4.172730775272706e-01
 -6.397808845180103e-01
 -1.148239276276184e+00
 -1.148239276276563e+00
 -6.397808845182104e-01
 -8.599324970195318e-01
 -8.672848589949077e-01
 2.088144505205182e+00
 2.088144505205182e+00
 -8.599324970199191e-01
 -8.672848589953130e-01
 4.137727459626377e-02
 4.173082455475716e-02
 4.137727459618908e-02
 4.173082455468390e-02
 1.777212617525897e+00
 1.777212617525955e+00
 -8.062053727109271e-01
 -8.062053727113145e-01
 -9.234449426152598e-01
 -1.101403991727656e+00
 -1.104905456208071e+00
 -1.101403991728027e+00
 -1.104905456208438e+00
 -9.234449426156578e-01
 -2.191153380585094e-01
 -1.188282420639196e+00
 -1.188281882190830e+00
 -1.188282420639527e+00
 -1.188281882191160e+00
 -2.191153380585103e-01
 3.512187636138506e-01
 3.512187636136888e-01
 -3.720019063095862e-01
 -3.719059692519918e-01
 -3.907093358642533e-01
 -3.903759764418958e-01
 6.107932662358304e-01
 -6.388142754244802e-01
 -6.247942751959548e-01
 -6.370334443326994e-01
 -6.388142754248446e-01
 -6.247942751963158e-01
 -6.370334443330677e-01
 6.107932662356528e-01
 -3.720019063105167e-01
 -3.719059692521104e-01
 -3.907093358643209e-01
 -3.903759764419587e-01
 -1.046690162779412e+00
 -1.046690162779768e+00
 -2.260897864715778e-01
 -2.378928488103388e-01
 -2.260897864717835e-01
 -2.378928488105491e-01
 1.153022329548078e-01
 2.143102497032031e+00
 1.946738293860417e+00
 1.943347420463532e+00
 1.919345072242051e+00
 1.924492320054654e+00
 1.916995901863330e+00
 1.153022300833238e-01
 2.143102497044886e+00
 1.946738293860437e+00
 1.943347420463562e+00
 1.919345072242082e+00
 1.924492320054688e+00
 1.916995901863367e+00
 1.595672404128790e-01
 1.468309207661034e-01
 1.595672404127254e-01
 1.468309207659496e-01
 -5.000985693409503e-01
 -5.107609687200338e-01
 -5.000985693412643e-01
 -5.107609687203549e-01
 -3.839436090137330e-01
 -3.663947746757728e-01
 -3.775977259470830e-01
 -3.839436090139973e-01
 -3.663947746760310e-01
 -3.775977259473481e-01
 -9.990820587938271e-01
 -1.007370747091975e+00
 -9.979173968801180e-01
 -1.003109749528258e+00
 -9.990820587941883e-01
 -1.007370747092336e+00
 -9.979173968804776e-01
 -1.003109749528613e+00
 -4.943142931512826e-02
 -4.943142931529419e-02
 1.625939737588735e+00
 1.625939737588769e+00
 -7.113672356848919e-01
 -7.113672356852796e-01
 -1.186690209462145e+00
 -1.184092099396228e+00
 -1.185729162027421e+00
 -1.185465366580061e+00
 -1.186690209462459e+00
 -1.184092099396540e+00
 -1.185729162027739e+00
 -1.185465366580378e+00
 -1.160456806979782e+00
 -1.160456806980163e+00
 1.942921676902836e+00
 1.942921676902870e+00
 -6.019749644522321e-01
 -6.019749644524197e-01
 -7.701407359540562e-01
 -7.838447182171169e-01
 -7.713438739476217e-01
 -7.792325414907574e-01
 -7.701407359544418e-01
 -7.838447182175036e-01
 -7.713438739480095e-01
 -7.792325414911488e-01
 1.732730327516860e+00
 1.697664473722601e+00
 1.705708953760985e+00
 1.689687722631981e+00
 1.695582633290853e+00
 1.732730327516915e+00
 1.697664473722647e+00
 1.705708953761032e+00
 1.689687722632027e+00
 1.695582633290902e+00
 3.897224459749602e-01
 4.111220207729583e-01
 3.981401936622883e-01
 1.286728284770442e+00
 1.825955727760839e+00
 1.812268303640178e+00
 1.825955727760889e+00
 1.812268303640233e+00
 1.286728284770361e+00
 3.897224459748000e-01
 4.111220207727948e-01
 3.981401936621244e-01
 -1.822164125775693e-01
 -1.822164125775713e-01
 -1.126212019405322e+00
 -1.119930621829471e+00
 -1.122688680446761e+00
 -1.126212019405699e+00
 -1.119930621829847e+00
 -1.122688680447136e+00
 -1.961358775133277e-01
 -1.961358775135243e-01
 -9.540965374451298e-01
 -9.055384047525857e-01
 -8.944377597024952e-01
 -9.006784631893359e-01
 -9.055384047529620e-01
 -8.944377597028753e-01
 -9.006784631897229e-01
 -9.540965374454978e-01
 -1.180741925773377e+00
 -1.180248265299299e+00
 -1.180741925773682e+00
 -1.180248265299603e+00
 -3.525749035315855e-01
 -3.520382968422856e-01
 -3.525749035316323e-01
 -3.520382968423289e-01
 -8.421241271081887e-01
 -5.997296008243158e-01
 1.521683554008284e+00
 1.521683554008292e+00
 -5.997296008246698e-01
 -8.421241271085788e-01
 -3.162497623235275e-02
 1.121566469255467e-02
 -1.246372427366593e-02
 6.577439768580170e-03
 -5.832772923928766e-03
 -3.162497623248904e-02
 1.121566469240041e-02
 -1.246372427382604e-02
 6.577439768421153e-03
 -5.832772924089282e-03
 -1.069976587669957e+00
 -1.069976587670319e+00
 1.921886168904705e-01
 1.969347144632770e+00
 1.972918357935648e+00
 1.966483484002690e+00
 1.969347144632795e+00
 1.972918357935674e+00
 1.966483484002720e+00
 1.921886168903157e-01
 1.408277437088970e+00
 1.408277437088938e+00
 -3.375435404456144e-01
 -4.727151048606563e-01
 -4.727151048609594e-01
 -3.375435404458619e-01
 8.725436503311879e-02
 7.224450939443670e-02
 7.254012313307974e-02
 8.725436503302164e-02
 7.224450939435022e-02
 7.254012313299500e-02
 -6.713369464126824e-01
 -6.812798061288835e-01
 -6.713369464130547e-01
 -6.812798061292593e-01
 -1.170579336288467e+00
 -1.170579336288844e+00
 -1.025114183287569e+00
 -1.029471346478021e+00
 -1.025114183287929e+00
 -1.029471346478378e+00
 1.987671381847413e+00
 1.987671381847439e+00
 1.592296629334823e+00
 1.597769779449644e+00
 1.592296629334848e+00
 1.597769779449671e+00
 -1.421638223725605e+00
 -1.183351209422002e+00
 -1.174253138311833e+00
 -1.169644172837720e+00
 -1.173285899903154e+00
 -1.172590835038485e+00
 1.846231395106956e+00
 1.846231395107003e+00
 -1.421638223725959e+00
 -1.183351209422289e+00
 -1.174253138312126e+00
 -1.169644172838012e+00
 -1.173285899903449e+00
 -1.172590835038778e+00
 -1.418462824048340e-01
 -1.538919947163055e-01
 -1.418462824050164e-01
 -1.538919947164908e-01
 -1.136403691920123e+00
 -1.138592514591573e+00
 -1.136403691920502e+00
 -1.138592514591951e+00
 6.724774604331065e-01
 6.591219378802632e-01
 6.724774604329256e-01
 6.591219378800822e-01
 -5.909137444420648e-01
 -5.507050935047005e-01
 -5.697679107096664e-01
 -5.534371420081660e-01
 -5.635247521506140e-01
 1.111205900240129e+00
 1.120494069709515e+00
 2.038439610175762e+00
 2.019852712208763e+00
 2.006951259247579e+00
 2.009597071654750e+00
 2.005743273964956e+00
 2.038439610175885e+00
 2.019852712208772e+00
 2.006951259247593e+00
 2.009597071654764e+00
 2.005743273964974e+00
 1.111205900239972e+00
 1.120494069709365e+00
 -5.909137444424202e-01
 -5.507050935050339e-01
 -5.697679107100072e-01
 -5.534371420085009e-01
 -5.635247521509537e-01
 1.019075567469422e-01
 1.021405776049070e-01
 1.019075567468474e-01
 1.021405776048144e-01
 -5.638678369036443e-01
 -5.638678369038095e-01
 -1.163353231122878e+00
 -1.162478929274177e+00
 -7.513871840895724e-01
 -2.809878980103321e-01
 -3.034834063056288e-01
 -2.854474059771184e-01
 -2.969662430443395e-01
 -2.809878980105528e-01
 -3.034834063058603e-01
 -2.854474059773441e-01
 -2.969662430445702e-01
 -7.513871840899603e-01
 -1.163353231123165e+00
 -1.162478929274464e+00
 -1.458018642536138e-01
 -1.458018642536213e-01
 -4.232992205857330e-01
 -4.341435655010323e-01
 2.020611801051047e+00
 2.020611801051057e+00
 -4.232992205860141e-01
 -4.341435655013186e-01
 -8.100058862553163e-01
 -8.167923969780853e-01
 1.729991802401646e+00
 1.734611507837675e+00
 1.729991802401697e+00
 1.734611507837729e+00
 -8.100058862557028e-01
 -8.167923969784726e-01
 2.763655425165424e-01
 2.763655425165237e-01
 -9.274359389315985e-01
 -9.328566884339540e-01
 -9.274359389319711e-01
 -9.328566884343275e-01
 -1.091350204406201e+00
 3.816265067946298e-02
 2.507868756377778e-01
 2.379122621179819e-01
 1.794955922565019e+00
 1.794955922565077e+00
 2.507868756376219e-01
 2.379122621178257e-01
 3.816265067930635e-02
 -1.091350204406570e+00
 -9.837059712229956e-01
 -9.837059712233562e-01
 1.668938475793997e+00
 1.668938475794039e+00
 -4.188462906011494e-01
 -2.532689315524720e-01
 -2.948636935445573e-01
 -2.954494641174982e-01
 -3.141721089446038e-01
 -3.138036076117639e-01
 4.453142354370727e-01
 2.028750999929646e+00
 2.031822302808323e+00
 2.032217662702020e+00
 2.028750999929649e+00
 2.031822302808326e+00
 2.032217662702025e+00
 4.453142354369068e-01
 -4.188462885256976e-01
 -2.532689315454996e-01
 -2.948636935446104e-01
 -2.954494641175113e-01
 -3.141721089446285e-01
 -3.138036076117893e-01
 2.044823407654439e+00
 1.491995498078534e+00
 1.503522651162843e+00
 1.484680614453711e+00
 1.490964934823718e+00
 1.491995498078533e+00
 1.503522651162845e+00
 1.484680614453707e+00
 1.490964934823717e+00
 2.044823407654440e+00
 -8.772942586395419e-01
 -8.772942586399264e-01
 -1.178526267754753e+00
 -1.178526267755124e+00
 1.890457527248182e+00
 1.877838198833478e+00
 1.890457527248218e+00
 1.877838198833517e+00
 -1.152068697373019e+00
 -1.145286891026654e+00
 -1.150958031439374e+00
 -1.149921522377551e+00
 -1.152068697373297e+00
 -1.145286891026932e+00
 -1.150958031439655e+00
 -1.149921522377831e+00
 -6.487035305032546e-01
 -6.487035305036217e-01
 -1.136120730625423e+00
 -1.134938081487945e+00
 -1.075425541424916e+00
 -1.052887649331907e+00
 -1.059199378609433e+00
 -1.050524497944901e+00
 -1.054264457618968e+00
 -1.075425541425286e+00
 -1.052887649332271e+00
 -1.059199378609797e+00
 -1.050524497945265e+00
 -1.054264457619331e+00
 -1.136120730625699e+00
 -1.134938081488222e+00
 2.920206632022866e-01
 2.920206632022814e-01
 -1.112048351349365e-01
 -1.112048351351124e-01
 -1.118195652259399e+00
 -1.111147765093680e+00
 -1.099288968154069e+00
 -1.097943861198908e+00
 1.367737275724816e+00
 1.374962070599808e+00
 1.367737275724768e+00
 1.374962070599762e+00
 -1.118195652259668e+00
 -1.111147765093956e+00
 -1.099288968154347e+00
 -1.097943861199188e+00
 -1.118846872148970e+00
 -1.117574963078181e+00
 -1.118846872149246e+00
 -1.117574963078458e+00
 1.308413744770101e+00
 1.249512475264067e+00
 1.262687508863758e+00
 1.242872122566154e+00
 1.251133636645111e+00
 1.308413744764661e+00
 1.249512475263937e+00
 1.262687508863665e+00
 1.242872122566054e+00
 1.251133636645015e+00
 -1.155724233587850e+00
 -1.150745523008124e+00
 -1.152469122081878e+00
 -1.155724233588231e+00
 -1.150745523008505e+00
 -1.152469122082258e+00
 -7.286297414035687e-01
 -7.149313301310523e-01
 -7.228759997301756e-01
 -7.286297414039512e-01
 -7.149313301314331e-01
 -7.228759997305585e-01
 -5.269265521280611e-01
 -5.269265521283857e-01
 -1.099528999791230e-01
 1.829523007309478e+00
 1.907495685233066e+00
 1.911003208512925e+00
 1.907495685233099e+00
 1.911003208512959e+00
 1.829523007309529e+00
 -1.099528999791383e-01
 7.553602083839100e-02
 9.514974735755005e-02
 8.253552818125717e-02
 -2.558683197469520e-01
 -2.558683197471676e-01
 7.553602083823832e-02
 9.514974735739663e-02
 8.253552818110287e-02
 -5.255451616983362e-01
 -3.949644457156113e-01
 -3.949644457158811e-01
 -5.255451616984748e-01
 1.569156063792816e+00
 1.569156063792836e+00
 -1.184210947260359e+00
 1.777922394695431e+00
 1.783983099494124e+00
 1.768630877841054e+00
 1.772494842861428e+00
 1.777922394695486e+00
 1.783983099494179e+00
 1.768630877841108e+00
 1.772494842861484e+00
 -1.184210947260721e+00
 -1.110886627696919e+00
 -1.110886627697293e+00
 -2.764768709766086e-01
 -2.759271375600739e-01
 -2.764768709766149e-01
 -2.759271375600841e-01
 1.441637403366748e-01
 1.302647937752169e-01
 1.304361232921384e-01
 1.654723730878359e+00
 1.637332568919701e+00
 1.642223534653871e+00
 1.654723730878397e+00
 1.637332568919736e+00
 1.642223534653907e+00
 1.441637403365741e-01
 1.302647937751192e-01
 1.304361232920427e-01
 -1.011677029570095e+00
 -1.011677029570455e+00
 3.056864167123729e-01
 -7.908038735586478e-01
 -7.908038735590350e-01
 3.056864167123793e-01
 4.364773332224612e-01
 -9.382250064525381e-01
 -8.788978166091260e-01
 -8.478652563562417e-01
 -8.593400868044894e-01
 -8.471936774205407e-01
 -8.533870774207702e-01
 -9.695527753082210e-01
 -9.589527171348782e-01
 -9.638400968999387e-01
 2.840225817219625e-01
 2.840225817218046e-01
 -9.695527753085857e-01
 -9.589527171352447e-01
 -9.638400969003044e-01
 4.364773332217219e-01
 -9.382250064529682e-01
 -8.788978166095101e-01
 -8.478652563566255e-01
 -8.593400868048717e-01
 -8.471936774209244e-01
 -8.533870774211548e-01
 1.710009817673124e+00
 1.710009817673173e+00
 -6.048628197628998e-01
 -6.144483503190487e-01
 -6.048628197632534e-01
 -6.144483503194058e-01
 -5.589910842595498e-02
 -6.813594129284023e-02
 -5.589910842612100e-02
 -6.813594129300861e-02
 -1.162883085585736e+00
 -1.164183022445398e+00
 -1.162883085586116e+00
 -1.164183022445777e+00
 -9.110699891251205e-01
 1.945726005120691e+00
 1.934732638616207e+00
 1.937666332550226e+00
 1.945726005120720e+00
 1.934732638616238e+00
 1.937666332550258e+00
 -9.110699891254969e-01
 -1.074074826154178e+00
 -1.077299118710100e+00
 -1.074074826154545e+00
 -1.077299118710467e+00
 5.073339240342268e-01
 4.810057608389072e-01
 5.049736662031946e-01
 4.927833327404139e-01
 5.073339240340901e-01
 4.810057608387462e-01
 5.049736662030272e-01
 4.927833327402455e-01
 3.173150937991011e-01
 3.173150937991165e-01
 1.862363161607318e+00
 1.862363161607361e+00
 1.572286328684368e-01
 1.573344010932083e-01
 1.572286328683437e-01
 1.573344010931161e-01
 -4.964842208226050e-01
 -4.791668591253960e-01
 -4.895550956441119e-01
 -4.964842208229159e-01
 -4.791668591257000e-01
 -4.895550956444207e-01
 -2.209977947521037e-01
 -2.025171306475074e-01
 -2.142802809465607e-01
 -2.209977947523058e-01
 -2.025171306477053e-01
 -2.142802809467625e-01
 -3.439985520650937e-01
 -3.551691122546476e-01
 -3.439985520653414e-01
 -3.551691122549004e-01
 -1.187589446308366e+00
 -1.187589446308716e+00
 1.959410073791578e+00
 1.961898672247200e+00
 1.959410073791605e+00
 1.961898672247228e+00
 1.459508891684680e+00
 1.459508891684667e+00
 1.805329292980397e+00
 1.808499414459427e+00
 1.805329292980450e+00
 1.808499414459481e+00
 -6.933177844898268e-01
 -6.933177844902038e-01
 3.268696588093888e-01
 -7.481158750002680e-02
 -1.128402375701518e+00
 -1.128402375701895e+00
 -7.481158750005144e-02
 3.268696588094090e-01
 3.343216918240194e-01
 3.343216918240399e-01
 1.272205303313489e-01
 1.272205303311955e-01
 -7.567507393704271e-01
 -7.639253898186316e-01
 -7.567507393708128e-01
 -7.639253898190180e-01
 1.533989894271564e+00
 1.539748731381873e+00
 1.533989894271574e+00
 1.539748731381885e+00
 1.989884874352573e+00
 1.981236676320204e+00
 1.983408340967329e+00
 1.989884874352594e+00
 1.981236676320228e+00
 1.983408340967353e+00
 -1.038012234250191e+00
 1.892964898382376e+00
 1.892964898382412e+00
 -1.038012234250552e+00
 3.428525814798972e-01
 3.428525814799065e-01
 -9.888628824993747e-01
 -9.932667140061083e-01
 -9.888628824997371e-01
 -9.932667140064697e-01
 3.396513090220318e-01
 -2.177935111602372e-01
 -2.199865476265562e-01
 -2.386572887433626e-01
 -2.383032086587383e-01
 -2.177935111588592e-01
 -2.199865476264302e-01
 -2.386572887433502e-01
 -2.383032086587375e-01
 3.396513090220482e-01
 -1.176241113182249e+00
 -1.172757774215418e+00
 -1.173674882997978e+00
 1.680644948415243e+00
 1.684983813756988e+00
 1.680644948415285e+00
 1.684983813757032e+00
 -1.176241113182622e+00
 -1.172757774215793e+00
 -1.173674882998352e+00
 -4.870858337584650e-01
 -5.794217271065603e-01
 -5.794217271069050e-01
 -4.870858337585809e-01
 3.439228892070157e-01
 1.749494052364264e+00
 1.999854782936715e+00
 2.001785521183556e+00
 1.999854782936733e+00
 2.001785521183574e+00
 1.749494052364317e+00
 -1.188622875441175e+00
 -1.188622875441512e+00
 -8.828458526026473e-01
 -8.885347025934620e-01
 -8.828458526030272e-01
 -8.885347025938416e-01
 -1.099448960659815e+00
 -1.103285379952383e+00
 -1.095663579785398e+00
 -1.098397137623602e+00
 -1.099448960660189e+00
 -1.103285379952756e+00
 -1.095663579785769e+00
 -1.098397137623974e+00
 -8.287677309560095e-01
 -2.474496484889139e-02
 1.615003004005793e+00
 1.615003004005824e+00
 -2.474496484905363e-02
 -8.287677309563950e-01
 1.340917458800074e+00
 1.340917458800015e+00
 1.884893771410095e+00
 1.850487434328187e+00
 1.854489213545339e+00
 1.840141144604935e+00
 1.842859328779213e+00
 1.884893771410085e+00
 1.850487434328233e+00
 1.854489213545383e+00
 1.840141144604983e+00
 1.842859328779259e+00
 -9.433631103769359e-01
 -9.433631103773050e-01
 3.430046417722151e-01
 3.305064773687168e-01
 2.020090332123218e+00
 2.014862510768270e+00
 2.016682291549984e+00
 2.020090332123226e+00
 2.014862510768281e+00
 2.016682291549994e+00
 3.430046417720561e-01
 3.305064773685573e-01
 -4.513673053317722e-01
 -4.513673053320645e-01
 2.025835113165291e+00
 2.027807763998995e+00
 2.025835113165297e+00
 2.027807763999001e+00
 -6.540899913151383e-01
 -6.687152069602053e-01
 -6.535937910771102e-01
 -6.622607184954133e-01
 -6.540899913155092e-01
 -6.687152069605768e-01
 -6.535937910774782e-01
 -6.622607184957835e-01
 1.953239507262248e-01
 1.827023301800631e-01
 1.827432871945574e-01
 1.921413054779305e+00
 1.921413054779336e+00
 1.953239507261530e-01
 1.827023301799808e-01
 1.827432871944747e-01
 -1.722378137926380e-01
 -1.722378137928278e-01
 -3.148022001881214e-01
 -3.148022001883579e-01
 2.032011365571292e+00
 2.032011365571292e+00
 2.032410404160371e+00
 2.035934343887640e+00
 2.032410404160371e+00
 2.035934343887641e+00
 -1.143819422456520e+00
 -1.143819422456900e+00
 2.066020256238537e-01
 2.065748753827594e-01
 -1.180321632213018e+00
 -1.180880129856198e+00
 -1.180321632213386e+00
 -1.180880129856565e+00
 2.066020256237847e-01
 2.065748753826895e-01
 -4.046005198272633e-02
 -4.046005198276317e-02
 -1.187273887334377e+00
 -1.187273887334702e+00
 1.440183268597049e+00
 1.420523329825284e+00
 1.427251227604676e+00
 1.947398314256995e+00
 1.947398314257024e+00
 1.440183268597031e+00
 1.420523329825257e+00
 1.427251227604652e+00
 -1.062518770257106e+00
 1.872851365833099e+00
 1.875103929052293e+00
 1.872851365833138e+00
 1.875103929052332e+00
 -1.062518770257471e+00
 -8.945817310153421e+00
 -1.152272539356327e+00
 9.315769736735531e-02
 1.858826368779898e-01
 1.637502775348693e-01
 1.845663310878807e-01
 1.721450504876447e-01
 -5.336180029042685e-01
 -5.434539812038401e-01
 1.787179996178863e+00
 1.787179996178918e+00
 -5.336180029045950e-01
 -5.434539812041708e-01
 -8.945817310155148e+00
 -1.152272539357556e+00
 9.315769736725847e-02
 1.858826368778461e-01
 1.637502775347190e-01
 1.845663310877276e-01
 1.721450504874912e-01
 -7.360544943733235e-01
 -7.360544943737071e-01
 1.214949130073427e+00
 1.214949130073315e+00
 -1.115181240902220e+00
 -1.117448159983023e+00
 -1.115181240902595e+00
 -1.117448159983399e+00
 -1.026896258853865e+00
 -1.017075753729037e+00
 -1.021000209745677e+00
 -1.026896258854226e+00
 -1.017075753729398e+00
 -1.021000209746038e+00
 1.738763029221863e+00
 1.722158181343696e+00
 1.725949728802936e+00
 1.738763029221916e+00
 1.722158181343746e+00
 1.725949728802986e+00
 -2.016255122402375e-01
 -2.011815836661985e-01
 -2.016255122402213e-01
 -2.011815836661952e-01
 -8.098386144633047e-01
 -7.967481045599221e-01
 -8.033126455063558e-01
 -8.098386144636904e-01
 -7.967481045603081e-01
 -8.033126455067420e-01
 -5.114507417500769e-01
 -4.646296570345333e-01
 -4.016396640283263e-01
 -4.195004450756791e-01
 -4.015976867145343e-01
 -4.124372211280813e-01
 -5.114507417501423e-01
 -4.646296570348040e-01
 -4.016396640285930e-01
 -4.195004450759566e-01
 -4.015976867148054e-01
 -4.124372211283574e-01
 1.970687070634630e+00
 1.970687070634656e+00
 3.126366927272920e-02
 1.894890929516702e-02
 3.126366927257353e-02
 1.894890929500946e-02
 2.400286244862166e-01
 2.288381899707588e-01
 2.287427201751886e-01
 -9.200399140782176e-01
 -9.284975452937901e-01
 -9.169390712775024e-01
 -9.221222636108243e-01
 1.708122469086053e+00
 1.646487014306111e+00
 1.592835585979328e+00
 1.600240889656445e+00
 1.581774613880848e+00
 1.586968098140948e+00
 1.708122469128855e+00
 1.646487014306671e+00
 1.592835585979363e+00
 1.600240889656473e+00
 1.581774613880871e+00
 1.586968098140972e+00
 -9.200399140785901e-01
 -9.284975452941612e-01
 -9.169390712778761e-01
 -9.221222636111971e-01
 2.400286244861743e-01
 2.288381899707041e-01
 2.287427201751330e-01
 1.509485281981730e+00
 1.509485281981734e+00
 -2.624193489062920e-01
 -2.739180713981118e-01
 -2.624193489065081e-01
 -2.739180713983327e-01
 -1.157062941484898e+00
 -1.163418101151279e-01
 -1.363056480008402e-01
 -1.177869189024627e-01
 -1.298022296809102e-01
 -1.163418101152878e-01
 -1.363056480010177e-01
 -1.177869189026388e-01
 -1.298022296810896e-01
 -1.157062941485279e+00
 -1.183508970120011e+00
 -9.740993795449499e-01
 1.914132665674640e+00
 1.916205301377582e+00
 1.903325587343077e+00
 1.905174365136124e+00
 1.659198341570970e+00
 1.659198341571009e+00
 1.914132665674673e+00
 1.916205301377615e+00
 1.903325587343112e+00
 1.905174365136157e+00
 -9.740993795453140e-01
 -1.183508970120322e+00
 -8.651985683518831e-01
 -8.651985683522655e-01
 2.493327253429759e-01
 2.491634609615459e-01
 1.990953587237781e+00
 1.990953587237803e+00
 2.493327253429359e-01
 2.491634609615052e-01
 -6.985473562876311e-03
 -6.985473562928350e-03
 1.081553876763646e+00
 1.081553876763481e+00
 -1.187482366421904e+00
 -1.185538011888653e+00
 -1.185758739515310e+00
 -1.187482366422257e+00
 -1.185538011889011e+00
 -1.185758739515666e+00
 -4.485567802876092e-01
 -4.485567802877055e-01
 -6.295626109090181e-01
 -6.295626109093795e-01
 1.822959307035382e+00
 1.822959307035432e+00
 2.007814378226471e+00
 2.007814378226485e+00
 1.298416284657766e+00
 1.306179458123138e+00
 1.298416284657688e+00
 1.306179458123064e+00
 1.931378797033450e+00
 1.932834226042514e+00
 1.931378797033480e+00
 1.932834226042544e+00
 -6.993389879318771e-01
 -7.070553075983924e-01
 -1.085093528960006e+00
 2.020854715042938e+00
 2.020854715042946e+00
 -1.085093528960376e+00
 -6.993389879322547e-01
 -7.070553075987714e-01
 1.761804656633011e+00
 1.765105409952268e+00
 1.761804656633064e+00
 1.765105409952322e+00
 -1.176286746310829e+00
 -1.139180402210349e+00
 -1.139029490387588e+00
 -1.132556068623970e+00
 -1.134379027421046e+00
 -1.176286746311247e+00
 -1.139180402210734e+00
 -1.139029490387969e+00
 -1.132556068624348e+00
 -1.134379027421424e+00
 2.033529408849747e+00
 2.033529408849747e+00
 2.029680052065192e+00
 2.029680052065195e+00
 -1.177293291508178e+00
 -5.065460284524894e-01
 -5.065460284528048e-01
 -1.177293291508478e+00
 -1.043473574875070e+00
 -1.046916332764406e+00
 -1.043473574875433e+00
 -1.046916332764769e+00
 2.776162948893607e-01
 2.680008685677613e-01
 2.677535877265261e-01
 2.776162948893445e-01
 2.680008685677361e-01
 2.677535877265003e-01
 -1.188383816850510e+00
 -1.188278911366488e+00
 -1.188383816850855e+00
 -1.188278911366832e+00
 2.847673479231412e-01
 2.844411307499969e-01
 -1.573756155333781e+01
 -5.416869968145921e+00
 -1.113906569928321e+00
 -5.525564505039923e-01
 -9.523976998629591e-02
 -1.431863449319475e-01
 -1.463554463959024e-01
 -1.645510291395587e-01
 -1.645275069232418e-01
 -1.573756132286860e+01
 -5.416869792336153e+00
 -1.113906553467856e+00
 -5.525564494629994e-01
 -9.523976997987428e-02
 -1.431863449302362e-01
 -1.463554463958333e-01
 -1.645510291395465e-01
 -1.645275069232426e-01
 2.847673479231295e-01
 2.844411307499850e-01
 2.551674504631136e-02
 2.551674504624360e-02
 -1.168071487543324e+00
 -1.168071487543701e+00
 1.999512578822418e+00
 1.967630487021550e+00
 1.967651129522967e+00
 1.956768475083400e+00
 1.957868415190849e+00
 1.999512578822529e+00
 1.967630487021578e+00
 1.967651129522993e+00
 1.956768475083427e+00
 1.957868415190876e+00
 1.856745205973570e+00
 1.856745205973614e+00
 -7.769324154329985e-01
 -7.769324154333846e-01
 -8.350058929927854e-01
 -8.410406177905746e-01
 -8.350058929931695e-01
 -8.410406177909584e-01
 -3.728903764977226e-01
 -3.728903764979819e-01
 -9.494280558577423e-01
 -9.541261869071804e-01
 -9.494280558581100e-01
 -9.541261869075477e-01
 1.701604516474502e+00
 1.701604516474548e+00
 -1.003157375656581e+00
 1.979198251394191e+00
 1.979987347082250e+00
 1.979198251394213e+00
 1.979987347082273e+00
 -1.003157375656942e+00
 -6.031426623774847e-01
 -5.861869637093635e-01
 -5.954346767080203e-01
 -6.031426623778383e-01
 -5.861869637097102e-01
 -5.954346767083702e-01
 -1.168598974668518e+00
 -1.168598974668809e+00
 1.627913239583871e+00
 1.632547442852247e+00
 1.627913239583904e+00
 1.632547442852280e+00
 -2.325850952665194e-01
 -2.325850952667262e-01
 -9.000556247767693e-01
 1.472180724907752e+00
 1.478390394802994e+00
 1.472180724907744e+00
 1.478390394802988e+00
 -9.000556247771463e-01
 3.074370049989712e-01
 2.995604778347580e-01
 2.991621367913271e-01
 1.394238822076005e+00
 1.394238822075968e+00
 3.074370049989765e-01
 2.995604778347585e-01
 2.991621367913279e-01
 3.123261947096213e-01
 3.118627599830394e-01
 3.123261947096337e-01
 3.118627599830512e-01
 1.815249450520181e+00
 1.799531427680680e+00
 1.802338388347967e+00
 1.815249450520234e+00
 1.799531427680734e+00
 1.802338388348020e+00
 2.008335845666735e+00
 2.006357241819543e+00
 1.998309798822915e+00
 1.998835657355510e+00
 2.008335845666756e+00
 2.006357241819556e+00
 1.998309798822932e+00
 1.998835657355527e+00
 -1.105650260886468e+00
 -1.147741811299674e+00
 -1.149136060172305e+00
 -1.147741811300055e+00
 -1.149136060172685e+00
 -1.105650260886842e+00
 3.767585641010113e-01
 3.767585641008502e-01
 1.888352085435054e+00
 1.888352085435091e+00
 5.695537918734690e-02
 -8.699623496885849e-02
 6.301551460585131e-02
 6.301551460569699e-02
 -8.699623496902928e-02
 5.695537918726587e-02
 -1.189312501490471e+00
 -1.188839406229486e+00
 -1.188411101171856e+00
 1.558036765009303e+00
 1.558036765009320e+00
 -1.189312501490799e+00
 -1.188839406229820e+00
 -1.188411101172189e+00
 2.013668240185968e+00
 2.013993256545781e+00
 2.013668240185978e+00
 2.013993256545791e+00
 -1.286017370667268e-01
 -1.282917863524423e-01
 -1.176795611229418e+00
 2.174113948974682e-01
 2.174113948973138e-01
 -1.176795611229790e+00
 -1.286017370667211e-01
 -1.282917863524503e-01
 1.191001176284185e+00
 1.169739324507762e+00
 1.178205875201568e+00
 1.191001176284056e+00
 1.169739324507627e+00
 1.178205875201440e+00
 -4.584321439725614e-01
 -4.687631424985994e-01
 -4.584321439728559e-01
 -4.687631424988987e-01
 2.054501170888138e+00
 2.054501170888138e+00
 2.032076138251738e+00
 2.028606446064099e+00
 2.024733141323359e+00
 2.024964911498336e+00
 2.032076138251743e+00
 2.028606446064104e+00
 2.024733141323364e+00
 2.024964911498341e+00
 -1.077032754753596e+00
 -1.067948844677785e+00
 -1.070928956757399e+00
 -6.767494464986458e-01
 -6.767494464990192e-01
 -1.077032754753965e+00
 -1.067948844678150e+00
 -1.070928956757766e+00
 3.289970150684376e-01
 3.230176839034639e-01
 3.224995669387667e-01
 3.289970150684715e-01
 3.230176839034856e-01
 3.224995669387861e-01
 3.316035303264788e-01
 3.310397340155338e-01
 2.030764856723699e+00
 2.031097363795023e+00
 2.030764856723701e+00
 2.031097363795025e+00
 3.316035303265039e-01
 3.310397340155558e-01
 -1.157436129975668e+00
 -1.157436129975952e+00
 -4.100431428369308e-01
 -4.100431428370064e-01
 5.399386909830415e-01
 5.399386909828706e-01
 -8.353779956711339e-01
 -7.495097570147246e-01
 -7.570470946004835e-01
 -7.425361086000867e-01
 -7.495761511315330e-01
 -8.353779956716060e-01
 -7.495097570151189e-01
 -7.570470946008698e-01
 -7.425361086004708e-01
 -7.495761511319177e-01
 1.917636827632941e+00
 1.917636827632974e+00
 1.835290655091993e+00
 1.837609718715594e+00
 1.835290655092041e+00
 1.837609718715641e+00
 3.421206442469131e-01
 3.380623440878646e-01
 3.374585845443167e-01
 3.421206442469468e-01
 3.380623440878878e-01
 3.374585845443365e-01
 3.423233622723592e-01
 3.417329952481730e-01
 3.423233622723746e-01
 3.417329952481866e-01
 1.742185054340151e+00
 1.742185054340204e+00
 3.466306270024168e-01
 3.445023779912798e-01
 3.438835967364842e-01
 -1.186877418387553e+00
 -1.186124732408085e+00
 -1.186877418387873e+00
 -1.186124732408404e+00
 3.445023779912850e-01
 3.438835967364891e-01
 -3.405435681860255e-01
 -3.217639685622391e-01
 -3.328395367027854e-01
 -3.405435681862675e-01
 -3.217639685624761e-01
 -3.328395367030280e-01
 8.723274107975390e-02
 8.723274107966250e-02
 -1.030469604234021e+00
 -1.030469604234383e+00
 -1.439014026778891e+00
 -1.055904424281544e+00
 -9.879554035843462e-01
 -9.913913797715717e-01
 -9.802444600934409e-01
 -9.844866104434863e-01
 -1.439014026779191e+00
 -1.055904424281886e+00
 -9.879554035847075e-01
 -9.913913797719331e-01
 -9.802444600938039e-01
 -9.844866104438491e-01
 1.686851192380761e+00
 1.690262140492626e+00
 1.672247094429830e+00
 1.676373283639342e+00
 1.686851192380821e+00
 1.690262140492675e+00
 1.672247094429872e+00
 1.676373283639383e+00
 -1.143815508455976e+00
 -1.143815508456255e+00
 -1.170635102431800e+00
 -1.166212208519788e+00
 -1.160740009822642e+00
 -1.161678341976557e+00
 -1.170635102432193e+00
 -1.166212208520170e+00
 -1.160740009823023e+00
 -1.161678341976937e+00
 -8.160488584309945e-01
 -8.160488584313799e-01
 -8.843928861599870e-01
 -8.715996668182568e-01
 -8.771654383064167e-01
 -8.843928861603664e-01
 -8.715996668186378e-01
 -8.771654383067969e-01
 -1.124101134565555e+00
 1.944386479845292e+00
 1.944386479845322e+00
 -1.124101134565932e+00
 -1.183193596552686e+00
 -5.601399728683825e-01
 -5.601399728687193e-01
 -1.183193596553049e+00
 -1.790936213832264e-01
 -1.908249560988955e-01
 -1.790936213834157e-01
 -1.908249560990893e-01
 -9.333503663388897e-01
 -9.333503663392601e-01
 1.270772871093627e+00
 1.883469989848038e+00
 1.868873170320683e+00
 1.870748320955433e+00
 1.883469989848075e+00
 1.868873170320724e+00
 1.870748320955473e+00
 1.270772871093539e+00
 -6.644635413117886e-02
 -7.481942113878996e-02
 -9.269522858163559e-02
 -9.269654605366001e-02
 -6.644635413109014e-02
 -7.481942113881533e-02
 -9.269522858164940e-02
 -9.269654605367829e-02
 -1.090556529963233e+00
 -1.092994341523547e+00
 -1.090556529963604e+00
 -1.092994341523919e+00
 1.968331447675582e+00
 1.968331447675607e+00
 1.364895065055443e+00
 1.374375990496102e+00
 1.353461596293739e+00
 1.360537924473785e+00
 1.364895065055166e+00
 1.374375990496035e+00
 1.353461596293683e+00
 1.360537924473733e+00
 -6.366568893686144e-01
 -6.449939206859899e-01
 -6.366568893689781e-01
 -6.449939206863557e-01
 1.605029661654280e+00
 1.605029661654308e+00
 1.162564157480094e-01
 1.162564157479124e-01
 1.542444327181682e+00
 1.522671882429559e+00
 1.528250614242029e+00
 1.780867516879258e+00
 1.780867516879312e+00
 1.542444327181691e+00
 1.522671882429566e+00
 1.528250614242037e+00
 -5.317453123576602e-02
 -3.223448887064456e-02
 -4.382195534368121e-02
 -5.317453123592400e-02
 -3.223448887080489e-02
 -4.382195534384474e-02
 -1.127751258571700e+00
 -1.127751258571976e+00
 -1.181807075751211e+00
 -1.182482035187205e+00
 -1.181391746050497e+00
 -1.181807075751514e+00
 -1.182482035187512e+00
 -1.181391746050803e+00
 -4.301697070953637e-01
 -4.301697070956465e-01
 1.032023069211706e+00
 1.041416813283590e+00
 1.032023069211498e+00
 1.041416813283407e+00
 1.989145811725831e+00
 1.989145811725851e+00
 1.446523844041064e+00
 1.900166925289752e+00
 1.901621131815722e+00
 1.900166925289787e+00
 1.901621131815758e+00
 1.446523844041047e+00
 -1.171478067317648e+00
 -1.171948811972816e+00
 -1.171478067318026e+00
 -1.171948811973192e+00
 1.714898165184994e+00
 1.718422070500222e+00
 1.714898165185044e+00
 1.718422070500272e+00
 -1.187233736683245e+00
 -1.187233736683597e+00
 1.195838126141640e-01
 1.075063673981649e-01
 1.195838126140129e-01
 1.075063673980124e-01
 1.439290443707825e-01
 1.439290443706861e-01
 2.006434704833607e+00
 2.006434704833620e+00
 -1.055927343687037e+00
 -1.055927343687401e+00
 -1.109327296708081e+00
 -1.109327296708358e+00
 -7.212123840215371e-01
 -1.140399973505903e+00
 -1.140399973506284e+00
 -7.212123840219186e-01
 -1.009510436570609e+00
 -1.013190000967568e+00
 -1.009510436570970e+00
 -1.013190000967929e+00
 -7.838508823046400e-01
 -7.902021514412039e-01
 -7.838508823050262e-01
 -7.902021514415900e-01
 -5.798514819717992e-02
 -5.789706663319626e-02
 -5.798514819721010e-02
 -5.789706663322609e-02
 -3.715997382337826e-01
 -1.175568531428779e+00
 -1.174168661333705e+00
 -1.175568531429075e+00
 -1.174168661334000e+00
 -3.715997382338455e-01
 2.019715334408198e+00
 2.019715334408205e+00
 -5.207699167002455e-01
 -5.337671515191413e-01
 -5.144176868743729e-01
 -5.238828591231555e-01
 -5.207699167005714e-01
 -5.337671515194696e-01
 -5.144176868746915e-01
 -5.238828591234781e-01
 2.028365379658601e+00
 2.028365379658605e+00
 2.031486642838639e+00
 2.031486642838639e+00
 1.817636037544433e+00
 1.817636037544485e+00
 -9.068018599341016e-01
 -9.117794558580203e-01
 -9.068018599344766e-01
 -9.117794558583947e-01
 -2.922810913357806e-01
 1.942293930509626e+00
 1.929085410608028e+00
 1.930074109086183e+00
 1.942293930509656e+00
 1.929085410608059e+00
 1.930074109086215e+00
 -2.922810913360071e-01
 1.701611838792121e-01
 1.701611838791240e-01
 -8.535027358964443e-01
 -8.535027358968271e-01
 -1.119980001314430e+00
 -1.111136148980341e+00
 -1.112999776645139e+00
 -1.119980001314809e+00
 -1.111136148980717e+00
 -1.112999776645515e+00
 -9.650361908178484e-01
 -9.650361908182140e-01
 -1.088671056594732e+00
 -1.088671056595014e+00
 1.955280849496068e+00
 1.955834035844180e+00
 1.955280849496097e+00
 1.955834035844208e+00
 -1.188892196391286e+00
 1.650303263019611e+00
 1.650303263019649e+00
 -1.188892196391625e+00
 1.948596002277859e-01
 1.948596002277102e-01
 -1.236991698509483e+00
 -1.195531778806986e+00
 -1.185236021146401e+00
 -1.179955898696053e+00
 -1.179915485245450e+00
 -1.236991698509895e+00
 -1.195531778807375e+00
 -1.185236021146772e+00
 -1.179955898696424e+00
 -1.179915485245819e+00
 -1.004502887554336e+00
 6.093707225565343e-02
 6.291788134672118e-03
 -6.070776905658573e-03
 -2.357425811912582e-02
 -2.385602570998843e-02
 2.497881810116007e-01
 2.754264493357599e-01
 2.633329079314621e-01
 -1.358136361339286e+00
 1.080316398207656e+00
 1.831952104161525e+00
 1.776613503686903e+00
 1.772942549710650e+00
 1.755597978602022e+00
 1.758572225197104e+00
 -1.358136362880066e+00
 1.080316397765785e+00
 1.831952104160406e+00
 1.776613503686873e+00
 1.772942549710703e+00
 1.755597978602077e+00
 1.758572225197158e+00
 2.497881810114518e-01
 2.754264493356058e-01
 2.633329079313065e-01
 -1.004502886052403e+00
 6.093707225851775e-02
 6.291788135021453e-03
 -6.070776905719065e-03
 -2.357425811917343e-02
 -2.385602571003343e-02
 1.571719798134153e+00
 1.576646961821935e+00
 1.571719798134174e+00
 1.576646961821957e+00
 -6.117734552687450e-01
 -6.117734552691009e-01
 -1.164804226817825e+00
 -1.166194088697605e+00
 -1.164460983208554e+00
 -1.164804226818110e+00
 -1.166194088697893e+00
 -1.164460983208842e+00
 1.852334958888020e+00
 1.852334958888066e+00
 -1.065902816408172e+00
 -1.065902816408462e+00
 -3.805444955800170e-01
 -3.908590563414534e-01
 -1.485645148462882e-01
 1.989774658095524e+00
 1.978458978151290e+00
 1.978598490277017e+00
 1.989774658095549e+00
 1.978458978151313e+00
 1.978598490277040e+00
 -1.485645148464706e-01
 -3.805444955802771e-01
 -3.908590563417191e-01
 -1.154508002009715e+00
 -1.154508002010096e+00
 -1.079494621858801e+00
 -1.079494621859169e+00
 2.179405493432297e-01
 2.179405493431681e-01
 1.998257881555770e+00
 1.998005402014180e+00
 1.998257881555789e+00
 1.998005402014197e+00
 -7.031629649844267e-01
 -6.846835256694578e-01
 -6.917796107249157e-01
 -7.031629649848120e-01
 -6.846835256698340e-01
 -6.917796107252923e-01
 1.140754778744852e+00
 1.140754778744703e+00
 -1.051872989259569e+00
 -1.049068212304691e+00
 -1.037188786999184e+00
 -1.040148877603904e+00
 -1.051872989259931e+00
 -1.049068212305054e+00
 -1.037188786999546e+00
 -1.040148877604266e+00
 9.448368235919814e-03
 9.205448543256242e-03
 1.226961580563128e+00
 1.234726627529118e+00
 1.226961580563015e+00
 1.234726627529013e+00
 9.448368235845439e-03
 9.205448543192772e-03
 1.407480513445107e+00
 1.413936429397328e+00
 1.407480513445073e+00
 1.413936429397298e+00
 2.393171946482600e-01
 -3.333231211329923e-01
 -1.129665605482819e+00
 -1.130891759760791e+00
 2.022693133278516e+00
 2.014207848368866e+00
 2.013604493828101e+00
 2.022693133278531e+00
 2.014207848368879e+00
 2.013604493828112e+00
 -1.129665605483199e+00
 -1.130891759761171e+00
 -3.333231211330270e-01
 2.393171946482129e-01
 -1.154401183236597e+00
 -1.152292260320397e+00
 -1.154401183236878e+00
 -1.152292260320678e+00
 2.025695554690476e+00
 2.024818439222853e+00
 1.497662842784568e+00
 1.497662842784568e+00
 2.025695554690483e+00
 2.024818439222860e+00
 -1.188150516379426e+00
 -1.188150516379753e+00
 1.884799192329615e+00
 1.884799192329653e+00
 -1.041169067405562e+00
 -1.041169067405864e+00
 1.794358730358795e+00
 1.796814883444781e+00
 1.794358730358851e+00
 1.796814883444836e+00
 -1.186153712328891e+00
 -1.185546791919814e+00
 -1.186153712329252e+00
 -1.185546791920173e+00
 -8.382924600086119e-01
 -8.393809696087721e-01
 -8.236255461599173e-01
 -8.291304790592965e-01
 2.035381014986003e+00
 2.035381014986003e+00
 2.031875130897923e+00
 2.030861361305352e+00
 2.031875130897925e+00
 2.030861361305354e+00
 -8.382924600090175e-01
 -8.393809696091615e-01
 -8.236255461603036e-01
 -8.291304790596814e-01
 -7.634727560428158e-01
 -7.634727560432013e-01
 -9.548012088203606e-01
 -9.406815350622998e-01
 -9.448727338997331e-01
 -9.548012088207272e-01
 -9.406815350626690e-01
 -9.448727339001015e-01
 -9.951072111053951e-01
 1.693822323213358e+00
 1.693822323213405e+00
 -9.951072111057564e-01
 -3.844179570144173e-01
 -2.433042307546719e-01
 -2.617475952843328e-01
 -2.406106588794885e-01
 -2.512194756034105e-01
 -3.844179570144410e-01
 -2.433042307548270e-01
 -2.617475952845366e-01
 -2.406106588796933e-01
 -2.512194756036216e-01
 2.589113537110372e-01
 2.589113537110046e-01
 1.326132853264188e+00
 1.326132853264121e+00
 -1.014685420938783e+00
 -1.014685420939095e+00
 -8.894296150299489e-01
 -8.894296150303270e-01
 7.674848632915286e-02
 5.898319097599755e-02
 4.194242619749598e-02
 4.131381199464974e-02
 -8.063541552298673e-04
 -8.063541553876163e-04
 7.674848632617533e-02
 5.898319097579464e-02
 4.194242619739182e-02
 4.131381199456880e-02
 -4.866922495552476e-01
 -4.866922495555542e-01
 -1.166396405384352e+00
 -1.166396405384732e+00
 1.914935169859975e+00
 1.914935169860008e+00
 2.766387376270950e-01
 2.766387376270767e-01
 1.641127105336435e+00
 1.619572066395736e+00
 1.623496339425944e+00
 1.641127105336531e+00
 1.619572066395776e+00
 1.623496339425978e+00
 -5.689025786077446e-01
 -5.772206188135978e-01
 -5.689025786080867e-01
 -5.772206188139418e-01
 -1.135991521597099e+00
 -1.140079116476281e+00
 -1.137682533657173e+00
 -1.135991521597371e+00
 -1.140079116476557e+00
 -1.137682533657450e+00
 1.859599948264296e+00
 1.850047184528312e+00
 1.831642368817822e+00
 1.833182429327370e+00
 1.859599948264537e+00
 1.850047184528363e+00
 1.831642368817874e+00
 1.833182429327420e+00
 -1.101128384178795e+00
 -1.101128384179168e+00
 -2.952524322944783e-01
 -2.952524322944940e-01
 2.924290156961255e-01
 7.289248830366928e-02
 7.225968796684350e-02
 -1.184985719769718e+00
 -1.184985719770032e+00
 7.289248830355023e-02
 7.225968796674957e-02
 2.924290156961200e-01
 -9.861343778864805e-01
 -9.861343778867989e-01
 1.942528876722978e+00
 1.942528876723008e+00
 -1.063102687027386e+00
 -1.065202378196352e+00
 -1.063102687027752e+00
 -1.065202378196718e+00
 -1.221829994842437e+00
 -1.194521732588033e+00
 -1.190203314786762e+00
 -1.188845776831167e+00
 9.086598882454735e-01
 8.788253763428416e-01
 8.895616625787605e-01
 9.086598882447322e-01
 8.788253763425742e-01
 8.895616625785504e-01
 -1.221829994842810e+00
 -1.194521732588380e+00
 -1.190203314787112e+00
 -1.188845776831514e+00
 3.062154286088890e-01
 3.062154286088953e-01
 -1.155584686132227e+00
 -1.146402573027315e+00
 -1.146651484627841e+00
 -1.155584686132616e+00
 -1.146402573027698e+00
 -1.146651484628223e+00
 -9.561750153093203e-01
 -9.561750153096397e-01
 1.735538793147734e+00
 1.735538793147788e+00
 -1.123536970437766e+00
 -1.120597949134512e+00
 -1.123536970438039e+00
 -1.120597949134787e+00
 3.179514081868604e-01
 3.179514081868782e-01
 1.967262599471983e+00
 1.967262599472009e+00
 1.866317081441690e+00
 1.867282946919203e+00
 1.866317081441728e+00
 1.867282946919244e+00
 3.275935471915399e-01
 -9.442375028475028e-02
 -1.060228464649492e-01
 -9.442375028491681e-02
 -1.060228464651214e-01
 3.275935471915644e-01
 -6.611280277014092e-01
 -6.611280277017799e-01
 1.547424241145821e+00
 1.547424241145834e+00
 -3.513982579524588e-01
 -3.513982579527074e-01
 -7.301041576303667e-01
 -7.358780998077465e-01
 -7.301041576307525e-01
 -7.358780998081311e-01
 -1.613527568146158e+01
 -6.825670951266028e+00
 -1.998167191756049e+00
 2.064261151840528e-01
 1.430430776957861e-01
 1.195464835629680e-01
 1.030860633125938e-01
 1.020565313769207e-01
 -1.613527551998618e+01
 -6.825670942587985e+00
 -1.998167190685756e+00
 2.064261152041257e-01
 1.430430776914483e-01
 1.195464835626922e-01
 1.030860633124606e-01
 1.020565313768178e-01
 3.351203029051261e-01
 3.351203029051510e-01
 -1.176040575072605e+00
 -1.176040575072980e+00
 3.405017355254176e-01
 -9.730797287448404e-01
 -9.763010947055183e-01
 -9.730797287452042e-01
 -9.763010947058821e-01
 3.405017355254383e-01
 -9.248190405514468e-01
 1.575696833020685e+00
 1.490957611099099e+00
 1.485054224749707e+00
 1.461473250070772e+00
 1.466345490139883e+00
 1.575696833027277e+00
 1.490957611098766e+00
 1.485054224749682e+00
 1.461473250070761e+00
 1.466345490139874e+00
 -9.248190405517603e-01
 3.448426595445669e-01
 -1.179383877175409e+00
 -1.179383877175710e+00
 -1.023635020542222e+00
 1.988804939640088e+00
 1.988804939640109e+00
 -1.023635020542582e+00
 3.437220157599838e-01
 3.437220157599944e-01
 1.665470416732426e+00
 1.668436897038244e+00
 1.665470416732479e+00
 1.668436897038289e+00
 -8.618362790741809e-01
 -8.663653243367914e-01
 -8.618362790745647e-01
 -8.663653243371733e-01
 -8.922300745724167e-01
 -8.922300745727190e-01
 -1.192057782382411e+00
 -1.189809262405200e+00
 -1.192057782382749e+00
 -1.189809262405535e+00
 -8.040616299925785e-01
 2.006749729614143e+00
 2.006749729614159e+00
 -8.040616299929652e-01
 4.359926141192025e-01
 4.235430169084019e-01
 4.359926141190422e-01
 4.235430169082393e-01
 1.315792698685825e-01
 1.305055342060195e-01
 -9.240221303305424e-01
 -4.319598446069268e-01
 2.030383483452382e+00
 1.940329616577633e+00
 1.916566211507812e+00
 1.899267936337750e+00
 1.899123821429519e+00
 -4.319598434280441e-01
 2.030383483453828e+00
 1.940329616578074e+00
 1.916566211507841e+00
 1.899267936337780e+00
 1.899123821429553e+00
 -9.240221303309142e-01
 1.315792698684500e-01
 1.305055342059143e-01
 -1.120708810925278e+00
 -1.120708810925656e+00
 -4.636458532931584e-01
 -4.391169551989818e-01
 -4.484441443938074e-01
 -4.636458532934531e-01
 -4.391169551992665e-01
 -4.484441443940972e-01
 1.516866045039628e-01
 1.516866045038108e-01
 1.775219586433679e+00
 1.775219586433734e+00
 -1.098802795526912e+00
 -1.104372510294122e+00
 -1.101190199727511e+00
 2.020556110702086e+00
 2.020556110702096e+00
 -1.098802795527184e+00
 -1.104372510294396e+00
 -1.101190199727788e+00
 -1.161042071085957e+00
 -1.160319689062586e+00
 -1.161042071086343e+00
 -1.160319689062969e+00
 -8.238356280490450e-01
 -8.585157296545132e-01
 2.032664231363308e+00
 2.032664231363308e+00
 2.029504345885886e+00
 2.029504345885891e+00
 -8.585157296548013e-01
 -8.238356280493168e-01
 -7.519915742953613e-01
 -2.574881223382481e-01
 -2.574881223382432e-01
 -7.519915742956023e-01
 -1.606016361925654e+00
 9.346901477406070e-01
 -1.315752996171706e+00
 -1.133611027684536e+00
 -1.101427338897776e+00
 -1.087816846687791e+00
 -1.088633416399457e+00
 -1.606016361928019e+00
 9.346901477412445e-01
 -1.315752996172239e+00
 -1.133611027684938e+00
 -1.101427338898155e+00
 -1.087816846688163e+00
 -1.088633416399828e+00
 -1.143177997744162e+00
 -7.732529113484106e-01
 2.625420610697014e+00
 3.988568921745378e-01
 1.160712676206643e+00
 1.123831989818131e+00
 1.120456453978721e+00
 1.094353683978455e+00
 1.102349556891908e+00
 -1.143178537633962e+00
 -7.732531690733278e-01
 2.625420524315417e+00
 3.988568675159421e-01
 1.160712675943343e+00
 1.123831989809823e+00
 1.120456453978151e+00
 1.094353683978209e+00
 1.102349556891729e+00
 -7.882809044613829e-01
 -7.882809044616391e-01
 2.053066053548407e-01
 1.748655252695948e-01
 1.590871344279610e-01
 1.576106840736813e-01
 2.053066053602842e-01
 1.748655252697027e-01
 1.590871344278885e-01
 1.576106840735893e-01
 1.929413407078996e+00
 1.928643665573378e+00
 1.929413407079024e+00
 1.928643665573409e+00
 1.380722316904082e+00
 1.380722316904036e+00
 1.309081587095264e+00
 1.284005384804781e+00
 1.290945868064518e+00
 1.309081587094938e+00
 1.284005384804665e+00
 1.290945868064432e+00
 1.000662910908341e+00
 1.000662910908134e+00
 -1.083124482037583e+00
 -1.079592140705271e+00
 -1.083124482037864e+00
 -1.079592140705555e+00
 -1.171239505587173e+00
 -1.171239505587465e+00
 1.847531425647559e-01
 1.831889895176963e-01
 1.847531425647138e-01
 1.831889895176203e-01
 -1.183445517605485e+00
 -1.183445517605852e+00
 -5.420785704006529e-01
 -5.420785704009835e-01
 2.024844048018788e+00
 1.974624514622955e+00
 1.957368179072607e+00
 1.955468604553035e+00
 2.024844048019354e+00
 1.974624514623013e+00
 1.957368179072639e+00
 1.955468604553065e+00
 1.596051914227242e+00
 1.732649967723482e+00
 1.710071678409266e+00
 1.711932257941270e+00
 1.732649967723507e+00
 1.710071678409320e+00
 1.711932257941321e+00
 1.596051914227272e+00
 1.198724653300578e+00
 1.813410170205051e+00
 1.813410170205106e+00
 1.198724653300456e+00
 -2.200387146742630e-01
 -2.200387146742384e-01
 -3.076529124740602e+00
 3.361441017615678e-01
 2.619708773534954e-01
 2.241898454348847e-01
 2.092070644863101e-01
 2.072370450465191e-01
 -7.209291690343949e+01
 -4.225254931617375e+01
 -2.715681983540776e+01
 -1.554811075661080e+01
 -5.842535035608715e+00
 8.073692638648132e-01
 -1.113718196835769e+00
 -6.771060544344423e-01
 -6.499147672367626e-01
 -6.230986276294992e-01
 -6.291066021780931e-01
 -7.209291690344041e+01
 -4.225254931617444e+01
 -2.715681983540879e+01
 -1.554811075661117e+01
 -5.842535035610288e+00
 8.073692638649821e-01
 -1.113718196836698e+00
 -6.771060544348888e-01
 -6.499147672371474e-01
 -6.230986276298638e-01
 -6.291066021784559e-01
 -3.076529121185705e+00
 3.361441017953330e-01
 2.619708773611539e-01
 2.241898454350955e-01
 2.092070644862954e-01
 2.072370450464591e-01
 -2.102294537052291e-01
 -2.102294537054259e-01
 -1.413403602531990e+00
 -1.253397963336089e+00
 -1.196533760650363e+00
 -1.191609814766564e+00
 -1.188396956904381e+00
 -1.413403602532384e+00
 -1.253397963336438e+00
 -1.196533760650683e+00
 -1.191609814766888e+00
 -1.188396956904702e+00
 2.316890132941727e-01
 2.295906616215112e-01
 -1.050521844362107e+00
 -1.050521844362471e+00
 2.316890132941755e-01
 2.295906616214659e-01
 1.982096406320812e+00
 1.979260086673526e+00
 1.982096406320853e+00
 1.979260086673553e+00
 3.344393279544465e-02
 2.900459854503866e-02
 5.429416019569906e-02
 4.308634696889565e-02
 3.344393279533898e-02
 2.900459854489869e-02
 5.429416019554972e-02
 4.308634696874244e-02
 1.513685795347007e+00
 1.517736266138835e+00
 1.513685795346990e+00
 1.517736266138837e+00
 -1.022787466474361e+00
 -1.004715786799445e+00
 -1.006473939631673e+00
 -1.022787466474719e+00
 -1.004715786799805e+00
 -1.006473939632033e+00
 -1.052321748137686e+00
 -1.059494144434560e+00
 -1.055883581185943e+00
 -1.052321748137990e+00
 -1.059494144434855e+00
 -1.055883581186238e+00
 -1.138435206164038e+00
 -1.138435206164420e+00
 3.141361939384377e-01
 2.668736565309697e-01
 2.527506295578741e-01
 2.502425155766239e-01
 -1.160744168278676e+00
 -1.160744168278962e+00
 3.141361939460670e-01
 2.668736565311309e-01
 2.527506295578799e-01
 2.502425155765907e-01
 -3.007388381352677e-01
 -3.111913783098803e-01
 -7.205284115680294e-01
 -7.205284115680294e-01
 -2.654527297587681e+00
 2.258764567474994e+00
 2.103550612147949e+00
 2.021155871499782e+00
 2.003873546734189e+00
 1.999721064965637e+00
 -2.654527295166632e+00
 2.258764567489684e+00
 2.103550612151497e+00
 2.021155871499970e+00
 2.003873546734246e+00
 1.999721064965662e+00
 -3.007388381354898e-01
 -3.111913783101112e-01
 -1.185867910806252e+00
 -1.174014036463708e+00
 -1.171858261282322e+00
 -1.185867910806649e+00
 -1.174014036464095e+00
 -1.171858261282703e+00
 2.717201053254388e-01
 2.690416630257181e-01
 2.717201053254489e-01
 2.690416630256981e-01
 1.849441724196948e+00
 1.849441724196995e+00
 -1.317944073954378e+00
 -9.532305771412384e-01
 -9.201843626837672e-01
 -8.996862488775341e-01
 -9.025519330773040e-01
 -7.079864257985665e-01
 -7.079864257989484e-01
 -1.317944073954727e+00
 -9.532305771416338e-01
 -9.201843626841429e-01
 -8.996862488779120e-01
 -9.025519330776801e-01
 -7.977290500860674e-01
 -7.742998423984344e-01
 -7.783149699942586e-01
 -7.977290500864727e-01
 -7.742998423988269e-01
 -7.783149699946469e-01
 2.021543750711932e+00
 2.016282308254867e+00
 2.021543750711990e+00
 2.016282308254888e+00
 1.752910115508191e+00
 1.753437939635668e+00
 1.752910115508233e+00
 1.753437939635721e+00
 -1.034032100913075e+00
 -1.030348417075903e+00
 -1.034032100913386e+00
 -1.030348417076211e+00
 -9.572792280434451e-01
 -9.572792280438115e-01
 -1.110898701243090e+00
 -1.110183137361947e+00
 -1.110898701243469e+00
 -1.110183137362323e+00
 -9.360006094822936e+01
 -5.873618641976537e+01
 9.071984679456879e+00
 4.668753030589513e+00
 4.953615277376436e-01
 3.615965558260227e-01
 3.021725585363805e-01
 2.890384387251018e-01
 2.859653062992341e-01
 -1.188585242115949e+00
 -1.188585242116305e+00
 -5.873618635843363e+01
 9.071984687458004e+00
 4.668753031532821e+00
 4.953615277374508e-01
 3.615965558300655e-01
 3.021725585364608e-01
 2.890384387251069e-01
 2.859653062992248e-01
 2.162961542479143e+00
 2.050273013246020e+00
 2.034754485094956e+00
 2.028308287454552e+00
 2.162961542480610e+00
 2.050273013246088e+00
 2.034754485094990e+00
 2.028308287454564e+00
 2.041891426948104e+00
 2.034784910378041e+00
 2.041891426948114e+00
 2.034784910378045e+00
 -8.431502912117836e-01
 -8.431502912121692e-01
 -1.189078704623110e+00
 -1.184658500761301e+00
 -1.189078704623421e+00
 -1.184658500761609e+00
 3.041193882645383e-01
 3.008799760348555e-01
 3.041193882645399e-01
 3.008799760348558e-01
 -1.829350580806735e-01
 1.643027962041849e+00
 1.643027962041901e+00
 -1.829350580806595e-01
 4.002390915987629e-01
 3.292056698151952e-01
 3.173370869887316e-01
 3.137754152623085e-01
 4.002390915999066e-01
 3.292056698152751e-01
 3.173370869887401e-01
 3.137754152623206e-01
 3.282428613949024e-01
 3.245581387757672e-01
 3.282428613949619e-01
 3.245581387757985e-01
 -1.147607157667262e+00
 1.883287544170726e+00
 1.883287544170754e+00
 -1.147607157667541e+00
 -1.098886986196326e+01
 4.147521663095338e-01
 4.146724046513942e-01
 3.467923386473890e-01
 3.370533332436696e-01
 3.332249454682930e-01
 -1.098886986350070e+01
 4.147521663317436e-01
 4.146724046595857e-01
 3.467923386477511e-01
 3.370533332437642e-01
 3.332249454683325e-01
 3.435404500853413e-01
 3.397650893263194e-01
 3.435404500854466e-01
 3.397650893263597e-01
 1.434926887155936e+00
 1.434926887155912e+00
        </DataArray>
      </PointData>
    </Piece>
  </UnstructuredGrid>
</VTKFile>
