tag,init_file,output_dir,case_region,n_pores_requested,n_pores_effective,k_spacing,depth_ratio,width,height,final_vtu,n_bubbles,status
000,/home/fiorello/init_files_grid/000.dat,/scratch/fiorello/mesoEvo_install_seq/dataset_pores_grid/000,intermediate,1,1,2.0,8.0,0.1045,0.6459999999999999,/scratch/fiorello/mesoEvo_install_seq/dataset_pores_grid/000/surf_20.0.vtu,0,ok
001,/home/fiorello/init_files_grid/001.dat,/scratch/fiorello/mesoEvo_install_seq/dataset_pores_grid/001,intermediate,1,1,2.0,9.0,0.1045,0.7505,/scratch/fiorello/mesoEvo_install_seq/dataset_pores_grid/001/surf_20.0.vtu,0,ok
002,/home/fiorello/init_files_grid/002.dat,/scratch/fiorello/mesoEvo_install_seq/dataset_pores_grid/002,intermediate,1,1,2.0,10.0,0.1045,0.855,/scratch/fiorello/mesoEvo_install_seq/dataset_pores_grid/002/surf_20.0.vtu,0,ok
003,/home/fiorello/init_files_grid/003.dat,/scratch/fiorello/mesoEvo_install_seq/dataset_pores_grid/003,intermediate,1,1,2.0,11.0,0.1045,0.9595,/scratch/fiorello/mesoEvo_install_seq/dataset_pores_grid/003/surf_20.0.vtu,0,ok
004,/home/fiorello/init_files_grid/004.dat,/scratch/fiorello/mesoEvo_install_seq/dataset_pores_grid/004,intermediate,1,1,2.0,12.0,0.1045,1.064,/scratch/fiorello/mesoEvo_install_seq/dataset_pores_grid/004/surf_20.0.vtu,0,ok
005,/home/fiorello/init_files_grid/005.dat,/scratch/fiorello/mesoEvo_install_seq/dataset_pores_grid/005,intermediate,1,1,2.0,13.0,0.1045,1.1685,/scratch/fiorello/mesoEvo_install_seq/dataset_pores_grid/005/surf_20.0.vtu,0,ok
006,/home/fiorello/init_files_grid/006.dat,/scratch/fiorello/mesoEvo_install_seq/dataset_pores_grid/006,intermediate,1,1,2.2727272727272725,8.0,0.1045,0.6459999999999999,/scratch/fiorello/mesoEvo_install_seq/dataset_pores_grid/006/surf_20.0.vtu,0,ok
007,/home/fiorello/init_files_grid/007.dat,/scratch/fiorello/mesoEvo_install_seq/dataset_pores_grid/007,intermediate,1,1,2.2727272727272725,9.0,0.1045,0.7505,/scratch/fiorello/mesoEvo_install_seq/dataset_pores_grid/007/surf_20.0.vtu,0,ok
008,/home/fiorello/init_files_grid/008.dat,/scratch/fiorello/mesoEvo_install_seq/dataset_pores_grid/008,intermediate,1,1,2.2727272727272725,10.0,0.1045,0.855,/scratch/fiorello/mesoEvo_install_seq/dataset_pores_grid/008/surf_20.0.vtu,0,ok
009,/home/fiorello/init_files_grid/009.dat,/scratch/fiorello/mesoEvo_install_seq/dataset_pores_grid/009,intermediate,1,1,2.2727272727272725,11.0,0.1045,0.9595,/scratch/fiorello/mesoEvo_install_seq/dataset_pores_grid/009/surf_20.0.vtu,0,ok
010,/home/fiorello/init_files_grid/010.dat,/scratch/fiorello/mesoEvo_install_seq/dataset_pores_grid/010,intermediate,1,1,2.2727272727272725,12.0,0.1045,1.064,/scratch/fiorello/mesoEvo_install_seq/dataset_pores_grid/010/surf_20.0.vtu,0,ok
011,/home/fiorello/init_files_grid/011.dat,/scratch/fiorello/mesoEvo_install_seq/dataset_pores_grid/011,intermediate,1,1,2.2727272727272725,13.0,0.1045,1.1685,/scratch/fiorello/mesoEvo_install_seq/dataset_pores_grid/011/surf_20.0.vtu,0,ok
012,/home/fiorello/init_files_grid/012.dat,/scratch/fiorello/mesoEvo_install_seq/dataset_pores_grid/012,intermediate,1,1,2.5454545454545454,8.0,0.1045,0.6459999999999999,/scratch/fiorello/mesoEvo_install_seq/dataset_pores_grid/012/surf_20.0.vtu,0,ok
013,/home/fiorello/init_files_grid/013.dat,/scratch/fiorello/mesoEvo_install_seq/dataset_pores_grid/013,intermediate,1,1,2.5454545454545454,9.0,0.1045,0.7505,/scratch/fiorello/mesoEvo_install_seq/dataset_pores_grid/013/surf_20.0.vtu,0,ok
014,/home/fiorello/init_files_grid/014.dat,/scratch/fiorello/mesoEvo_install_seq/dataset_pores_grid/014,intermediate,1,1,2.5454545454545454,10.0,0.1045,0.855,/scratch/fiorello/mesoEvo_install_seq/dataset_pores_grid/014/surf_20.0.vtu,0,ok
015,/home/fiorello/init_files_grid/015.dat,/scratch/fiorello/mesoEvo_install_seq/dataset_pores_grid/015,intermediate,1,1,2.5454545454545454,11.0,0.1045,0.9595,/scratch/fiorello/mesoEvo_install_seq/dataset_pores_grid/015/surf_20.0.vtu,0,ok
016,/home/fiorello/init_files_grid/016.dat,/scratch/fiorello/mesoEvo_install_seq/dataset_pores_grid/016,intermediate,1,1,2.5454545454545454,12.0,0.1045,1.064,/scratch/fiorello/mesoEvo_install_seq/dataset_pores_grid/016/surf_20.0.vtu,0,ok
017,/home/fiorello/init_files_grid/017.dat,/scratch/fiorello/mesoEvo_install_seq/dataset_pores_grid/017,intermediate,1,1,2.5454545454545454,13.0,0.1045,1.1685,/scratch/fiorello/mesoEvo_install_seq/dataset_pores_grid/017/surf_20.0.vtu,0,ok
018,/home/fiorello/init_files_grid/018.dat,/scratch/fiorello/mesoEvo_install_seq/dataset_pores_grid/018,intermediate,1,1,2.8181818181818183,8.0,0.1045,0.6459999999999999,/scratch/fiorello/mesoEvo_install_seq/dataset_pores_grid/018/surf_20.0.vtu,0,ok
019,/home/fiorello/init_files_grid/019.dat,/scratch/fiorello/mesoEvo_install_seq/dataset_pores_grid/019,intermediate,1,1,2.8181818181818183,9.0,0.1045,0.7505,/scratch/fiorello/mesoEvo_install_seq/dataset_pores_grid/019/surf_20.0.vtu,0,ok
020,/home/fiorello/init_files_grid/020.dat,/scratch/fiorello/mesoEvo_install_seq/dataset_pores_grid/020,intermediate,1,1,2.8181818181818183,10.0,0.1045,0.855,/scratch/fiorello/mesoEvo_install_seq/dataset_pores_grid/020/surf_20.0.vtu,0,ok
021,/home/fiorello/init_files_grid/021.dat,/scratch/fiorello/mesoEvo_install_seq/dataset_pores_grid/021,intermediate,1,1,2.8181818181818183,11.0,0.1045,0.9595,/scratch/fiorello/mesoEvo_install_seq/dataset_pores_grid/021/surf_20.0.vtu,0,ok
022,/home/fiorello/init_files_grid/022.dat,/scratch/fiorello/mesoEvo_install_seq/dataset_pores_grid/022,intermediate,1,1,2.8181818181818183,12.0,0.1045,1.064,/scratch/fiorello/mesoEvo_install_seq/dataset_pores_grid/022/surf_20.0.vtu,0,ok
023,/home/fiorello/init_files_grid/023.dat,/scratch/fiorello/mesoEvo_install_seq/dataset_pores_grid/023,intermediate,1,1,2.8181818181818183,13.0,0.1045,1.1685,/scratch/fiorello/mesoEvo_install_seq/dataset_pores_grid/023/surf_20.0.vtu,0,ok
024,/home/fiorello/init_files_grid/024.dat,/scratch/fiorello/mesoEvo_install_seq/dataset_pores_grid/024,intermediate,1,1,3.090909090909091,8.0,0.1045,0.6459999999999999,/scratch/fiorello/mesoEvo_install_seq/dataset_pores_grid/024/surf_20.0.vtu,0,ok
025,/home/fiorello/init_files_grid/025.dat,/scratch/fiorello/mesoEvo_install_seq/dataset_pores_grid/025,intermediate,1,1,3.090909090909091,9.0,0.1045,0.7505,/scratch/fiorello/mesoEvo_install_seq/dataset_pores_grid/025/surf_20.0.vtu,0,ok
026,/home/fiorello/init_files_grid/026.dat,/scratch/fiorello/mesoEvo_install_seq/dataset_pores_grid/026,intermediate,1,1,3.090909090909091,10.0,0.1045,0.855,/scratch/fiorello/mesoEvo_install_seq/dataset_pores_grid/026/surf_20.0.vtu,0,ok
027,/home/fiorello/init_files_grid/027.dat,/scratch/fiorello/mesoEvo_install_seq/dataset_pores_grid/027,intermediate,1,1,3.090909090909091,11.0,0.1045,0.9595,/scratch/fiorello/mesoEvo_install_seq/dataset_pores_grid/027/surf_20.0.vtu,0,ok
028,/home/fiorello/init_files_grid/028.dat,/scratch/fiorello/mesoEvo_install_seq/dataset_pores_grid/028,intermediate,1,1,3.090909090909091,12.0,0.1045,1.064,/scratch/fiorello/mesoEvo_install_seq/dataset_pores_grid/028/surf_20.0.vtu,0,ok
029,/home/fiorello/init_files_grid/029.dat,/scratch/fiorello/mesoEvo_install_seq/dataset_pores_grid/029,intermediate,1,1,3.090909090909091,13.0,0.1045,1.1685,/scratch/fiorello/mesoEvo_install_seq/dataset_pores_grid/029/surf_20.0.vtu,0,ok
030,/home/fiorello/init_files_grid/030.dat,/scratch/fiorello/mesoEvo_install_seq/dataset_pores_grid/030,intermediate,1,1,3.3636363636363633,8.0,0.1045,0.6459999999999999,/scratch/fiorello/mesoEvo_install_seq/dataset_pores_grid/030/surf_20.0.vtu,0,ok
031,/home/fiorello/init_files_grid/031.dat,/scratch/fiorello/mesoEvo_install_seq/dataset_pores_grid/031,intermediate,1,1,3.3636363636363633,9.0,0.1045,0.7505,/scratch/fiorello/mesoEvo_install_seq/dataset_pores_grid/031/surf_20.0.vtu,0,ok
032,/home/fiorello/init_files_grid/032.dat,/scratch/fiorello/mesoEvo_install_seq/dataset_pores_grid/032,intermediate,1,1,3.3636363636363633,10.0,0.1045,0.855,/scratch/fiorello/mesoEvo_install_seq/dataset_pores_grid/032/surf_20.0.vtu,0,ok
033,/home/fiorello/init_files_grid/033.dat,/scratch/fiorello/mesoEvo_install_seq/dataset_pores_grid/033,intermediate,1,1,3.3636363636363633,11.0,0.1045,0.9595,/scratch/fiorello/mesoEvo_install_seq/dataset_pores_grid/033/surf_20.0.vtu,0,ok
034,/home/fiorello/init_files_grid/034.dat,/scratch/fiorello/mesoEvo_install_seq/dataset_pores_grid/034,intermediate,1,1,3.3636363636363633,12.0,0.1045,1.064,/scratch/fiorello/mesoEvo_install_seq/dataset_pores_grid/034/surf_20.0.vtu,0,ok
035,/home/fiorello/init_files_grid/035.dat,/scratch/fiorello/mesoEvo_install_seq/dataset_pores_grid/035,intermediate,1,1,3.3636363636363633,13.0,0.1045,1.1685,/scratch/fiorello/mesoEvo_install_seq/dataset_pores_grid/035/surf_20.0.vtu,0,ok
036,/home/fiorello/init_files_grid/036.dat,/scratch/fiorello/mesoEvo_install_seq/dataset_pores_grid/036,intermediate,1,1,3.6363636363636362,8.0,0.1045,0.6459999999999999,/scratch/fiorello/mesoEvo_install_seq/dataset_pores_grid/036/surf_20.0.vtu,0,ok
037,/home/fiorello/init_files_grid/037.dat,/scratch/fiorello/mesoEvo_install_seq/dataset_pores_grid/037,intermediate,1,1,3.6363636363636362,9.0,0.1045,0.7505,/scratch/fiorello/mesoEvo_install_seq/dataset_pores_grid/037/surf_20.0.vtu,0,ok
038,/home/fiorello/init_files_grid/038.dat,/scratch/fiorello/mesoEvo_install_seq/dataset_pores_grid/038,intermediate,1,1,3.6363636363636362,10.0,0.1045,0.855,/scratch/fiorello/mesoEvo_install_seq/dataset_pores_grid/038/surf_20.0.vtu,0,ok
039,/home/fiorello/init_files_grid/039.dat,/scratch/fiorello/mesoEvo_install_seq/dataset_pores_grid/039,intermediate,1,1,3.6363636363636362,11.0,0.1045,0.9595,/scratch/fiorello/mesoEvo_install_seq/dataset_pores_grid/039/surf_20.0.vtu,0,ok
040,/home/fiorello/init_files_grid/040.dat,/scratch/fiorello/mesoEvo_install_seq/dataset_pores_grid/040,intermediate,1,1,3.6363636363636362,12.0,0.1045,1.064,/scratch/fiorello/mesoEvo_install_seq/dataset_pores_grid/040/surf_20.0.vtu,0,ok
041,/home/fiorello/init_files_grid/041.dat,/scratch/fiorello/mesoEvo_install_seq/dataset_pores_grid/041,intermediate,1,1,3.6363636363636362,13.0,0.1045,1.1685,/scratch/fiorello/mesoEvo_install_seq/dataset_pores_grid/041/surf_20.0.vtu,0,ok
042,/home/fiorello/init_files_grid/042.dat,/scratch/fiorello/mesoEvo_install_seq/dataset_pores_grid/042,intermediate,1,1,3.909090909090909,8.0,0.1045,0.6459999999999999,/scratch/fiorello/mesoEvo_install_seq/dataset_pores_grid/042/surf_20.0.vtu,0,ok
043,/home/fiorello/init_files_grid/043.dat,/scratch/fiorello/mesoEvo_install_seq/dataset_pores_grid/043,intermediate,1,1,3.909090909090909,9.0,0.1045,0.7505,/scratch/fiorello/mesoEvo_install_seq/dataset_pores_grid/043/surf_20.0.vtu,0,ok
044,/home/fiorello/init_files_grid/044.dat,/scratch/fiorello/mesoEvo_install_seq/dataset_pores_grid/044,intermediate,1,1,3.909090909090909,10.0,0.1045,0.855,/scratch/fiorello/mesoEvo_install_seq/dataset_pores_grid/044/surf_20.0.vtu,0,ok
045,/home/fiorello/init_files_grid/045.dat,/scratch/fiorello/mesoEvo_install_seq/dataset_pores_grid/045,intermediate,1,1,3.909090909090909,11.0,0.1045,0.9595,/scratch/fiorello/mesoEvo_install_seq/dataset_pores_grid/045/surf_20.0.vtu,0,ok
046,/home/fiorello/init_files_grid/046.dat,/scratch/fiorello/mesoEvo_install_seq/dataset_pores_grid/046,intermediate,1,1,3.909090909090909,12.0,0.1045,1.064,/scratch/fiorello/mesoEvo_install_seq/dataset_pores_grid/046/surf_20.0.vtu,0,ok
047,/home/fiorello/init_files_grid/047.dat,/scratch/fiorello/mesoEvo_install_seq/dataset_pores_grid/047,intermediate,1,1,3.909090909090909,13.0,0.1045,1.1685,/scratch/fiorello/mesoEvo_install_seq/dataset_pores_grid/047/surf_20.0.vtu,0,ok
048,/home/fiorello/init_files_grid/048.dat,/scratch/fiorello/mesoEvo_install_seq/dataset_pores_grid/048,intermediate,1,1,4.181818181818182,8.0,0.1045,0.6459999999999999,/scratch/fiorello/mesoEvo_install_seq/dataset_pores_grid/048/surf_20.0.vtu,0,ok
049,/home/fiorello/init_files_grid/049.dat,/scratch/fiorello/mesoEvo_install_seq/dataset_pores_grid/049,intermediate,1,1,4.181818181818182,9.0,0.1045,0.7505,/scratch/fiorello/mesoEvo_install_seq/dataset_pores_grid/049/surf_20.0.vtu,0,ok
050,/home/fiorello/init_files_grid/050.dat,/scratch/fiorello/mesoEvo_install_seq/dataset_pores_grid/050,intermediate,1,1,4.181818181818182,10.0,0.1045,0.855,/scratch/fiorello/mesoEvo_install_seq/dataset_pores_grid/050/surf_20.0.vtu,0,ok
051,/home/fiorello/init_files_grid/051.dat,/scratch/fiorello/mesoEvo_install_seq/dataset_pores_grid/051,intermediate,1,1,4.181818181818182,11.0,0.1045,0.9595,/scratch/fiorello/mesoEvo_install_seq/dataset_pores_grid/051/surf_20.0.vtu,0,ok
052,/home/fiorello/init_files_grid/052.dat,/scratch/fiorello/mesoEvo_install_seq/dataset_pores_grid/052,intermediate,1,1,4.181818181818182,12.0,0.1045,1.064,/scratch/fiorello/mesoEvo_install_seq/dataset_pores_grid/052/surf_20.0.vtu,0,ok
053,/home/fiorello/init_files_grid/053.dat,/scratch/fiorello/mesoEvo_install_seq/dataset_pores_grid/053,intermediate,1,1,4.181818181818182,13.0,0.1045,1.1685,/scratch/fiorello/mesoEvo_install_seq/dataset_pores_grid/053/surf_20.0.vtu,0,ok
054,/home/fiorello/init_files_grid/054.dat,/scratch/fiorello/mesoEvo_install_seq/dataset_pores_grid/054,intermediate,1,1,4.454545454545454,8.0,0.1045,0.6459999999999999,/scratch/fiorello/mesoEvo_install_seq/dataset_pores_grid/054/surf_20.0.vtu,0,ok
055,/home/fiorello/init_files_grid/055.dat,/scratch/fiorello/mesoEvo_install_seq/dataset_pores_grid/055,intermediate,1,1,4.454545454545454,9.0,0.1045,0.7505,/scratch/fiorello/mesoEvo_install_seq/dataset_pores_grid/055/surf_20.0.vtu,0,ok
056,/home/fiorello/init_files_grid/056.dat,/scratch/fiorello/mesoEvo_install_seq/dataset_pores_grid/056,intermediate,1,1,4.454545454545454,10.0,0.1045,0.855,/scratch/fiorello/mesoEvo_install_seq/dataset_pores_grid/056/surf_20.0.vtu,0,ok
057,/home/fiorello/init_files_grid/057.dat,/scratch/fiorello/mesoEvo_install_seq/dataset_pores_grid/057,intermediate,1,1,4.454545454545454,11.0,0.1045,0.9595,/scratch/fiorello/mesoEvo_install_seq/dataset_pores_grid/057/surf_20.0.vtu,0,ok
058,/home/fiorello/init_files_grid/058.dat,/scratch/fiorello/mesoEvo_install_seq/dataset_pores_grid/058,intermediate,1,1,4.454545454545454,12.0,0.1045,1.064,/scratch/fiorello/mesoEvo_install_seq/dataset_pores_grid/058/surf_20.0.vtu,0,ok
059,/home/fiorello/init_files_grid/059.dat,/scratch/fiorello/mesoEvo_install_seq/dataset_pores_grid/059,intermediate,1,1,4.454545454545454,13.0,0.1045,1.1685,/scratch/fiorello/mesoEvo_install_seq/dataset_pores_grid/059/surf_20.0.vtu,0,ok
060,/home/fiorello/init_files_grid/060.dat,/scratch/fiorello/mesoEvo_install_seq/dataset_pores_grid/060,intermediate,1,1,4.727272727272727,8.0,0.1045,0.6459999999999999,/scratch/fiorello/mesoEvo_install_seq/dataset_pores_grid/060/surf_20.0.vtu,0,ok
061,/home/fiorello/init_files_grid/061.dat,/scratch/fiorello/mesoEvo_install_seq/dataset_pores_grid/061,intermediate,1,1,4.727272727272727,9.0,0.1045,0.7505,/scratch/fiorello/mesoEvo_install_seq/dataset_pores_grid/061/surf_20.0.vtu,0,ok
062,/home/fiorello/init_files_grid/062.dat,/scratch/fiorello/mesoEvo_install_seq/dataset_pores_grid/062,intermediate,1,1,4.727272727272727,10.0,0.1045,0.855,/scratch/fiorello/mesoEvo_install_seq/dataset_pores_grid/062/surf_20.0.vtu,0,ok
063,/home/fiorello/init_files_grid/063.dat,/scratch/fiorello/mesoEvo_install_seq/dataset_pores_grid/063,intermediate,1,1,4.727272727272727,11.0,0.1045,0.9595,/scratch/fiorello/mesoEvo_install_seq/dataset_pores_grid/063/surf_20.0.vtu,0,ok
064,/home/fiorello/init_files_grid/064.dat,/scratch/fiorello/mesoEvo_install_seq/dataset_pores_grid/064,intermediate,1,1,4.727272727272727,12.0,0.1045,1.064,/scratch/fiorello/mesoEvo_install_seq/dataset_pores_grid/064/surf_20.0.vtu,0,ok
065,/home/fiorello/init_files_grid/065.dat,/scratch/fiorello/mesoEvo_install_seq/dataset_pores_grid/065,intermediate,1,1,4.727272727272727,13.0,0.1045,1.1685,/scratch/fiorello/mesoEvo_install_seq/dataset_pores_grid/065/surf_20.0.vtu,0,ok
066,/home/fiorello/init_files_grid/066.dat,/scratch/fiorello/mesoEvo_install_seq/dataset_pores_grid/066,intermediate,1,1,5.0,8.0,0.1045,0.6459999999999999,/scratch/fiorello/mesoEvo_install_seq/dataset_pores_grid/066/surf_20.0.vtu,0,ok
067,/home/fiorello/init_files_grid/067.dat,/scratch/fiorello/mesoEvo_install_seq/dataset_pores_grid/067,intermediate,1,1,5.0,9.0,0.1045,0.7505,/scratch/fiorello/mesoEvo_install_seq/dataset_pores_grid/067/surf_20.0.vtu,0,ok
068,/home/fiorello/init_files_grid/068.dat,/scratch/fiorello/mesoEvo_install_seq/dataset_pores_grid/068,intermediate,1,1,5.0,10.0,0.1045,0.855,/scratch/fiorello/mesoEvo_install_seq/dataset_pores_grid/068/surf_20.0.vtu,0,ok
069,/home/fiorello/init_files_grid/069.dat,/scratch/fiorello/mesoEvo_install_seq/dataset_pores_grid/069,intermediate,1,1,5.0,11.0,0.1045,0.9595,/scratch/fiorello/mesoEvo_install_seq/dataset_pores_grid/069/surf_20.0.vtu,0,ok
070,/home/fiorello/init_files_grid/070.dat,/scratch/fiorello/mesoEvo_install_seq/dataset_pores_grid/070,intermediate,1,1,5.0,12.0,0.1045,1.064,/scratch/fiorello/mesoEvo_install_seq/dataset_pores_grid/070/surf_20.0.vtu,0,ok
071,/home/fiorello/init_files_grid/071.dat,/scratch/fiorello/mesoEvo_install_seq/dataset_pores_grid/071,intermediate,1,1,5.0,13.0,0.1045,1.1685,/scratch/fiorello/mesoEvo_install_seq/dataset_pores_grid/071/surf_20.0.vtu,0,ok
072,/home/fiorello/init_files_grid/072.dat,/scratch/fiorello/mesoEvo_install_seq/dataset_pores_grid/072,intermediate,2,2,2.0,8.0,0.1045,0.6459999999999999,/scratch/fiorello/mesoEvo_install_seq/dataset_pores_grid/072/surf_20.0.vtu,0,ok
073,/home/fiorello/init_files_grid/073.dat,/scratch/fiorello/mesoEvo_install_seq/dataset_pores_grid/073,intermediate,2,2,2.0,9.0,0.1045,0.7505,/scratch/fiorello/mesoEvo_install_seq/dataset_pores_grid/073/surf_20.0.vtu,0,ok
074,/home/fiorello/init_files_grid/074.dat,/scratch/fiorello/mesoEvo_install_seq/dataset_pores_grid/074,intermediate,2,2,2.0,10.0,0.1045,0.855,/scratch/fiorello/mesoEvo_install_seq/dataset_pores_grid/074/surf_20.0.vtu,0,ok
075,/home/fiorello/init_files_grid/075.dat,/scratch/fiorello/mesoEvo_install_seq/dataset_pores_grid/075,intermediate,2,2,2.0,11.0,0.1045,0.9595,/scratch/fiorello/mesoEvo_install_seq/dataset_pores_grid/075/surf_20.0.vtu,0,ok
076,/home/fiorello/init_files_grid/076.dat,/scratch/fiorello/mesoEvo_install_seq/dataset_pores_grid/076,intermediate,2,2,2.0,12.0,0.1045,1.064,/scratch/fiorello/mesoEvo_install_seq/dataset_pores_grid/076/surf_20.0.vtu,1,ok
077,/home/fiorello/init_files_grid/077.dat,/scratch/fiorello/mesoEvo_install_seq/dataset_pores_grid/077,intermediate,2,2,2.0,13.0,0.1045,1.1685,/scratch/fiorello/mesoEvo_install_seq/dataset_pores_grid/077/surf_20.0.vtu,1,ok
078,/home/fiorello/init_files_grid/078.dat,/scratch/fiorello/mesoEvo_install_seq/dataset_pores_grid/078,intermediate,2,2,2.2727272727272725,8.0,0.1045,0.6459999999999999,/scratch/fiorello/mesoEvo_install_seq/dataset_pores_grid/078/surf_20.0.vtu,0,ok
079,/home/fiorello/init_files_grid/079.dat,/scratch/fiorello/mesoEvo_install_seq/dataset_pores_grid/079,intermediate,2,2,2.2727272727272725,9.0,0.1045,0.7505,/scratch/fiorello/mesoEvo_install_seq/dataset_pores_grid/079/surf_20.0.vtu,0,ok
080,/home/fiorello/init_files_grid/080.dat,/scratch/fiorello/mesoEvo_install_seq/dataset_pores_grid/080,intermediate,2,2,2.2727272727272725,10.0,0.1045,0.855,/scratch/fiorello/mesoEvo_install_seq/dataset_pores_grid/080/surf_20.0.vtu,0,ok
081,/home/fiorello/init_files_grid/081.dat,/scratch/fiorello/mesoEvo_install_seq/dataset_pores_grid/081,intermediate,2,2,2.2727272727272725,11.0,0.1045,0.9595,/scratch/fiorello/mesoEvo_install_seq/dataset_pores_grid/081/surf_20.0.vtu,0,ok
082,/home/fiorello/init_files_grid/082.dat,/scratch/fiorello/mesoEvo_install_seq/dataset_pores_grid/082,intermediate,2,2,2.2727272727272725,12.0,0.1045,1.064,/scratch/fiorello/mesoEvo_install_seq/dataset_pores_grid/082/surf_20.0.vtu,1,ok
083,/home/fiorello/init_files_grid/083.dat,/scratch/fiorello/mesoEvo_install_seq/dataset_pores_grid/083,intermediate,2,2,2.2727272727272725,13.0,0.1045,1.1685,/scratch/fiorello/mesoEvo_install_seq/dataset_pores_grid/083/surf_20.0.vtu,1,ok
084,/home/fiorello/init_files_grid/084.dat,/scratch/fiorello/mesoEvo_install_seq/dataset_pores_grid/084,intermediate,2,2,2.5454545454545454,8.0,0.1045,0.6459999999999999,/scratch/fiorello/mesoEvo_install_seq/dataset_pores_grid/084/surf_20.0.vtu,0,ok
085,/home/fiorello/init_files_grid/085.dat,/scratch/fiorello/mesoEvo_install_seq/dataset_pores_grid/085,intermediate,2,2,2.5454545454545454,9.0,0.1045,0.7505,/scratch/fiorello/mesoEvo_install_seq/dataset_pores_grid/085/surf_20.0.vtu,0,ok
086,/home/fiorello/init_files_grid/086.dat,/scratch/fiorello/mesoEvo_install_seq/dataset_pores_grid/086,intermediate,2,2,2.5454545454545454,10.0,0.1045,0.855,/scratch/fiorello/mesoEvo_install_seq/dataset_pores_grid/086/surf_20.0.vtu,0,ok
087,/home/fiorello/init_files_grid/087.dat,/scratch/fiorello/mesoEvo_install_seq/dataset_pores_grid/087,intermediate,2,2,2.5454545454545454,11.0,0.1045,0.9595,/scratch/fiorello/mesoEvo_install_seq/dataset_pores_grid/087/surf_20.0.vtu,0,ok
088,/home/fiorello/init_files_grid/088.dat,/scratch/fiorello/mesoEvo_install_seq/dataset_pores_grid/088,intermediate,2,2,2.5454545454545454,12.0,0.1045,1.064,/scratch/fiorello/mesoEvo_install_seq/dataset_pores_grid/088/surf_20.0.vtu,0,ok
089,/home/fiorello/init_files_grid/089.dat,/scratch/fiorello/mesoEvo_install_seq/dataset_pores_grid/089,intermediate,2,2,2.5454545454545454,13.0,0.1045,1.1685,/scratch/fiorello/mesoEvo_install_seq/dataset_pores_grid/089/surf_20.0.vtu,2,ok
090,/home/fiorello/init_files_grid/090.dat,/scratch/fiorello/mesoEvo_install_seq/dataset_pores_grid/090,intermediate,2,2,2.8181818181818183,8.0,0.1045,0.6459999999999999,/scratch/fiorello/mesoEvo_install_seq/dataset_pores_grid/090/surf_20.0.vtu,0,ok
091,/home/fiorello/init_files_grid/091.dat,/scratch/fiorello/mesoEvo_install_seq/dataset_pores_grid/091,intermediate,2,2,2.8181818181818183,9.0,0.1045,0.7505,/scratch/fiorello/mesoEvo_install_seq/dataset_pores_grid/091/surf_20.0.vtu,0,ok
092,/home/fiorello/init_files_grid/092.dat,/scratch/fiorello/mesoEvo_install_seq/dataset_pores_grid/092,intermediate,2,2,2.8181818181818183,10.0,0.1045,0.855,/scratch/fiorello/mesoEvo_install_seq/dataset_pores_grid/092/surf_20.0.vtu,0,ok
093,/home/fiorello/init_files_grid/093.dat,/scratch/fiorello/mesoEvo_install_seq/dataset_pores_grid/093,intermediate,2,2,2.8181818181818183,11.0,0.1045,0.9595,/scratch/fiorello/mesoEvo_install_seq/dataset_pores_grid/093/surf_20.0.vtu,0,ok
094,/home/fiorello/init_files_grid/094.dat,/scratch/fiorello/mesoEvo_install_seq/dataset_pores_grid/094,intermediate,2,2,2.8181818181818183,12.0,0.1045,1.064,/scratch/fiorello/mesoEvo_install_seq/dataset_pores_grid/094/surf_20.0.vtu,0,ok
095,/home/fiorello/init_files_grid/095.dat,/scratch/fiorello/mesoEvo_install_seq/dataset_pores_grid/095,intermediate,2,2,2.8181818181818183,13.0,0.1045,1.1685,/scratch/fiorello/mesoEvo_install_seq/dataset_pores_grid/095/surf_20.0.vtu,2,ok
096,/home/fiorello/init_files_grid/096.dat,/scratch/fiorello/mesoEvo_install_seq/dataset_pores_grid/096,intermediate,2,2,3.090909090909091,8.0,0.1045,0.6459999999999999,/scratch/fiorello/mesoEvo_install_seq/dataset_pores_grid/096/surf_20.0.vtu,0,ok
097,/home/fiorello/init_files_grid/097.dat,/scratch/fiorello/mesoEvo_install_seq/dataset_pores_grid/097,intermediate,2,2,3.090909090909091,9.0,0.1045,0.7505,/scratch/fiorello/mesoEvo_install_seq/dataset_pores_grid/097/surf_20.0.vtu,0,ok
098,/home/fiorello/init_files_grid/098.dat,/scratch/fiorello/mesoEvo_install_seq/dataset_pores_grid/098,intermediate,2,2,3.090909090909091,10.0,0.1045,0.855,/scratch/fiorello/mesoEvo_install_seq/dataset_pores_grid/098/surf_20.0.vtu,0,ok
099,/home/fiorello/init_files_grid/099.dat,/scratch/fiorello/mesoEvo_install_seq/dataset_pores_grid/099,intermediate,2,2,3.090909090909091,11.0,0.1045,0.9595,/scratch/fiorello/mesoEvo_install_seq/dataset_pores_grid/099/surf_20.0.vtu,0,ok
100,/home/fiorello/init_files_grid/100.dat,/scratch/fiorello/mesoEvo_install_seq/dataset_pores_grid/100,intermediate,2,2,3.090909090909091,12.0,0.1045,1.064,/scratch/fiorello/mesoEvo_install_seq/dataset_pores_grid/100/surf_20.0.vtu,0,ok
101,/home/fiorello/init_files_grid/101.dat,/scratch/fiorello/mesoEvo_install_seq/dataset_pores_grid/101,intermediate,2,2,3.090909090909091,13.0,0.1045,1.1685,/scratch/fiorello/mesoEvo_install_seq/dataset_pores_grid/101/surf_20.0.vtu,2,ok
102,/home/fiorello/init_files_grid/102.dat,/scratch/fiorello/mesoEvo_install_seq/dataset_pores_grid/102,intermediate,2,2,3.3636363636363633,8.0,0.1045,0.6459999999999999,/scratch/fiorello/mesoEvo_install_seq/dataset_pores_grid/102/surf_20.0.vtu,0,ok
103,/home/fiorello/init_files_grid/103.dat,/scratch/fiorello/mesoEvo_install_seq/dataset_pores_grid/103,intermediate,2,2,3.3636363636363633,9.0,0.1045,0.7505,/scratch/fiorello/mesoEvo_install_seq/dataset_pores_grid/103/surf_20.0.vtu,0,ok
104,/home/fiorello/init_files_grid/104.dat,/scratch/fiorello/mesoEvo_install_seq/dataset_pores_grid/104,intermediate,2,2,3.3636363636363633,10.0,0.1045,0.855,/scratch/fiorello/mesoEvo_install_seq/dataset_pores_grid/104/surf_20.0.vtu,0,ok
105,/home/fiorello/init_files_grid/105.dat,/scratch/fiorello/mesoEvo_install_seq/dataset_pores_grid/105,intermediate,2,2,3.3636363636363633,11.0,0.1045,0.9595,/scratch/fiorello/mesoEvo_install_seq/dataset_pores_grid/105/surf_20.0.vtu,0,ok
106,/home/fiorello/init_files_grid/106.dat,/scratch/fiorello/mesoEvo_install_seq/dataset_pores_grid/106,intermediate,2,2,3.3636363636363633,12.0,0.1045,1.064,/scratch/fiorello/mesoEvo_install_seq/dataset_pores_grid/106/surf_20.0.vtu,0,ok
107,/home/fiorello/init_files_grid/107.dat,/scratch/fiorello/mesoEvo_install_seq/dataset_pores_grid/107,intermediate,2,2,3.3636363636363633,13.0,0.1045,1.1685,/scratch/fiorello/mesoEvo_install_seq/dataset_pores_grid/107/surf_20.0.vtu,0,ok
108,/home/fiorello/init_files_grid/108.dat,/scratch/fiorello/mesoEvo_install_seq/dataset_pores_grid/108,intermediate,2,2,3.6363636363636362,8.0,0.1045,0.6459999999999999,/scratch/fiorello/mesoEvo_install_seq/dataset_pores_grid/108/surf_20.0.vtu,0,ok
109,/home/fiorello/init_files_grid/109.dat,/scratch/fiorello/mesoEvo_install_seq/dataset_pores_grid/109,intermediate,2,2,3.6363636363636362,9.0,0.1045,0.7505,/scratch/fiorello/mesoEvo_install_seq/dataset_pores_grid/109/surf_20.0.vtu,0,ok
110,/home/fiorello/init_files_grid/110.dat,/scratch/fiorello/mesoEvo_install_seq/dataset_pores_grid/110,intermediate,2,2,3.6363636363636362,10.0,0.1045,0.855,/scratch/fiorello/mesoEvo_install_seq/dataset_pores_grid/110/surf_20.0.vtu,0,ok
111,/home/fiorello/init_files_grid/111.dat,/scratch/fiorello/mesoEvo_install_seq/dataset_pores_grid/111,intermediate,2,2,3.6363636363636362,11.0,0.1045,0.9595,/scratch/fiorello/mesoEvo_install_seq/dataset_pores_grid/111/surf_20.0.vtu,0,ok
112,/home/fiorello/init_files_grid/112.dat,/scratch/fiorello/mesoEvo_install_seq/dataset_pores_grid/112,intermediate,2,2,3.6363636363636362,12.0,0.1045,1.064,/scratch/fiorello/mesoEvo_install_seq/dataset_pores_grid/112/surf_20.0.vtu,0,ok
113,/home/fiorello/init_files_grid/113.dat,/scratch/fiorello/mesoEvo_install_seq/dataset_pores_grid/113,intermediate,2,2,3.6363636363636362,13.0,0.1045,1.1685,/scratch/fiorello/mesoEvo_install_seq/dataset_pores_grid/113/surf_20.0.vtu,0,ok
114,/home/fiorello/init_files_grid/114.dat,/scratch/fiorello/mesoEvo_install_seq/dataset_pores_grid/114,intermediate,2,2,3.909090909090909,8.0,0.1045,0.6459999999999999,/scratch/fiorello/mesoEvo_install_seq/dataset_pores_grid/114/surf_20.0.vtu,0,ok
115,/home/fiorello/init_files_grid/115.dat,/scratch/fiorello/mesoEvo_install_seq/dataset_pores_grid/115,intermediate,2,2,3.909090909090909,9.0,0.1045,0.7505,/scratch/fiorello/mesoEvo_install_seq/dataset_pores_grid/115/surf_20.0.vtu,0,ok
116,/home/fiorello/init_files_grid/116.dat,/scratch/fiorello/mesoEvo_install_seq/dataset_pores_grid/116,intermediate,2,2,3.909090909090909,10.0,0.1045,0.855,/scratch/fiorello/mesoEvo_install_seq/dataset_pores_grid/116/surf_20.0.vtu,0,ok
117,/home/fiorello/init_files_grid/117.dat,/scratch/fiorello/mesoEvo_install_seq/dataset_pores_grid/117,intermediate,2,2,3.909090909090909,11.0,0.1045,0.9595,/scratch/fiorello/mesoEvo_install_seq/dataset_pores_grid/117/surf_20.0.vtu,0,ok
118,/home/fiorello/init_files_grid/118.dat,/scratch/fiorello/mesoEvo_install_seq/dataset_pores_grid/118,intermediate,2,2,3.909090909090909,12.0,0.1045,1.064,/scratch/fiorello/mesoEvo_install_seq/dataset_pores_grid/118/surf_20.0.vtu,0,ok
119,/home/fiorello/init_files_grid/119.dat,/scratch/fiorello/mesoEvo_install_seq/dataset_pores_grid/119,intermediate,2,2,3.909090909090909,13.0,0.1045,1.1685,/scratch/fiorello/mesoEvo_install_seq/dataset_pores_grid/119/surf_20.0.vtu,0,ok
120,/home/fiorello/init_files_grid/120.dat,/scratch/fiorello/mesoEvo_install_seq/dataset_pores_grid/120,intermediate,2,2,4.181818181818182,8.0,0.1045,0.6459999999999999,/scratch/fiorello/mesoEvo_install_seq/dataset_pores_grid/120/surf_20.0.vtu,0,ok
121,/home/fiorello/init_files_grid/121.dat,/scratch/fiorello/mesoEvo_install_seq/dataset_pores_grid/121,intermediate,2,2,4.181818181818182,9.0,0.1045,0.7505,/scratch/fiorello/mesoEvo_install_seq/dataset_pores_grid/121/surf_20.0.vtu,0,ok
122,/home/fiorello/init_files_grid/122.dat,/scratch/fiorello/mesoEvo_install_seq/dataset_pores_grid/122,intermediate,2,2,4.181818181818182,10.0,0.1045,0.855,/scratch/fiorello/mesoEvo_install_seq/dataset_pores_grid/122/surf_20.0.vtu,0,ok
123,/home/fiorello/init_files_grid/123.dat,/scratch/fiorello/mesoEvo_install_seq/dataset_pores_grid/123,intermediate,2,2,4.181818181818182,11.0,0.1045,0.9595,/scratch/fiorello/mesoEvo_install_seq/dataset_pores_grid/123/surf_20.0.vtu,0,ok
124,/home/fiorello/init_files_grid/124.dat,/scratch/fiorello/mesoEvo_install_seq/dataset_pores_grid/124,intermediate,2,2,4.181818181818182,12.0,0.1045,1.064,/scratch/fiorello/mesoEvo_install_seq/dataset_pores_grid/124/surf_20.0.vtu,0,ok
125,/home/fiorello/init_files_grid/125.dat,/scratch/fiorello/mesoEvo_install_seq/dataset_pores_grid/125,intermediate,2,2,4.181818181818182,13.0,0.1045,1.1685,/scratch/fiorello/mesoEvo_install_seq/dataset_pores_grid/125/surf_20.0.vtu,0,ok
126,/home/fiorello/init_files_grid/126.dat,/scratch/fiorello/mesoEvo_install_seq/dataset_pores_grid/126,intermediate,2,2,4.454545454545454,8.0,0.1045,0.6459999999999999,/scratch/fiorello/mesoEvo_install_seq/dataset_pores_grid/126/surf_20.0.vtu,0,ok
127,/home/fiorello/init_files_grid/127.dat,/scratch/fiorello/mesoEvo_install_seq/dataset_pores_grid/127,intermediate,2,2,4.454545454545454,9.0,0.1045,0.7505,/scratch/fiorello/mesoEvo_install_seq/dataset_pores_grid/127/surf_20.0.vtu,0,ok
128,/home/fiorello/init_files_grid/128.dat,/scratch/fiorello/mesoEvo_install_seq/dataset_pores_grid/128,intermediate,2,2,4.454545454545454,10.0,0.1045,0.855,/scratch/fiorello/mesoEvo_install_seq/dataset_pores_grid/128/surf_20.0.vtu,0,ok
129,/home/fiorello/init_files_grid/129.dat,/scratch/fiorello/mesoEvo_install_seq/dataset_pores_grid/129,intermediate,2,2,4.454545454545454,11.0,0.1045,0.9595,/scratch/fiorello/mesoEvo_install_seq/dataset_pores_grid/129/surf_20.0.vtu,0,ok
130,/home/fiorello/init_files_grid/130.dat,/scratch/fiorello/mesoEvo_install_seq/dataset_pores_grid/130,intermediate,2,2,4.454545454545454,12.0,0.1045,1.064,/scratch/fiorello/mesoEvo_install_seq/dataset_pores_grid/130/surf_20.0.vtu,0,ok
131,/home/fiorello/init_files_grid/131.dat,/scratch/fiorello/mesoEvo_install_seq/dataset_pores_grid/131,intermediate,2,2,4.454545454545454,13.0,0.1045,1.1685,/scratch/fiorello/mesoEvo_install_seq/dataset_pores_grid/131/surf_20.0.vtu,0,ok
132,/home/fiorello/init_files_grid/132.dat,/scratch/fiorello/mesoEvo_install_seq/dataset_pores_grid/132,intermediate,2,2,4.727272727272727,8.0,0.1045,0.6459999999999999,/scratch/fiorello/mesoEvo_install_seq/dataset_pores_grid/132/surf_20.0.vtu,0,ok
133,/home/fiorello/init_files_grid/133.dat,/scratch/fiorello/mesoEvo_install_seq/dataset_pores_grid/133,intermediate,2,2,4.727272727272727,9.0,0.1045,0.7505,/scratch/fiorello/mesoEvo_install_seq/dataset_pores_grid/133/surf_20.0.vtu,0,ok
134,/home/fiorello/init_files_grid/134.dat,/scratch/fiorello/mesoEvo_install_seq/dataset_pores_grid/134,intermediate,2,2,4.727272727272727,10.0,0.1045,0.855,/scratch/fiorello/mesoEvo_install_seq/dataset_pores_grid/134/surf_20.0.vtu,0,ok
135,/home/fiorello/init_files_grid/135.dat,/scratch/fiorello/mesoEvo_install_seq/dataset_pores_grid/135,intermediate,2,2,4.727272727272727,11.0,0.1045,0.9595,/scratch/fiorello/mesoEvo_install_seq/dataset_pores_grid/135/surf_20.0.vtu,0,ok
136,/home/fiorello/init_files_grid/136.dat,/scratch/fiorello/mesoEvo_install_seq/dataset_pores_grid/136,intermediate,2,2,4.727272727272727,12.0,0.1045,1.064,/scratch/fiorello/mesoEvo_install_seq/dataset_pores_grid/136/surf_20.0.vtu,0,ok
137,/home/fiorello/init_files_grid/137.dat,/scratch/fiorello/mesoEvo_install_seq/dataset_pores_grid/137,intermediate,2,2,4.727272727272727,13.0,0.1045,1.1685,/scratch/fiorello/mesoEvo_install_seq/dataset_pores_grid/137/surf_20.0.vtu,0,ok
138,/home/fiorello/init_files_grid/138.dat,/scratch/fiorello/mesoEvo_install_seq/dataset_pores_grid/138,intermediate,2,2,5.0,8.0,0.1045,0.6459999999999999,/scratch/fiorello/mesoEvo_install_seq/dataset_pores_grid/138/surf_20.0.vtu,0,ok
139,/home/fiorello/init_files_grid/139.dat,/scratch/fiorello/mesoEvo_install_seq/dataset_pores_grid/139,intermediate,2,2,5.0,9.0,0.1045,0.7505,/scratch/fiorello/mesoEvo_install_seq/dataset_pores_grid/139/surf_20.0.vtu,0,ok
140,/home/fiorello/init_files_grid/140.dat,/scratch/fiorello/mesoEvo_install_seq/dataset_pores_grid/140,intermediate,2,2,5.0,10.0,0.1045,0.855,/scratch/fiorello/mesoEvo_install_seq/dataset_pores_grid/140/surf_20.0.vtu,0,ok
141,/home/fiorello/init_files_grid/141.dat,/scratch/fiorello/mesoEvo_install_seq/dataset_pores_grid/141,intermediate,2,2,5.0,11.0,0.1045,0.9595,/scratch/fiorello/mesoEvo_install_seq/dataset_pores_grid/141/surf_20.0.vtu,0,ok
142,/home/fiorello/init_files_grid/142.dat,/scratch/fiorello/mesoEvo_install_seq/dataset_pores_grid/142,intermediate,2,2,5.0,12.0,0.1045,1.064,/scratch/fiorello/mesoEvo_install_seq/dataset_pores_grid/142/surf_20.0.vtu,0,ok
143,/home/fiorello/init_files_grid/143.dat,/scratch/fiorello/mesoEvo_install_seq/dataset_pores_grid/143,intermediate,2,2,5.0,13.0,0.1045,1.1685,/scratch/fiorello/mesoEvo_install_seq/dataset_pores_grid/143/surf_20.0.vtu,0,ok
144,/home/fiorello/init_files_grid/144.dat,/scratch/fiorello/mesoEvo_install_seq/dataset_pores_grid/144,intermediate,3,3,2.0,8.0,0.1045,0.6459999999999999,/scratch/fiorello/mesoEvo_install_seq/dataset_pores_grid/144/surf_20.0.vtu,0,ok
145,/home/fiorello/init_files_grid/145.dat,/scratch/fiorello/mesoEvo_install_seq/dataset_pores_grid/145,intermediate,3,3,2.0,9.0,0.1045,0.7505,/scratch/fiorello/mesoEvo_install_seq/dataset_pores_grid/145/surf_20.0.vtu,0,ok
146,/home/fiorello/init_files_grid/146.dat,/scratch/fiorello/mesoEvo_install_seq/dataset_pores_grid/146,intermediate,3,3,2.0,10.0,0.1045,0.855,/scratch/fiorello/mesoEvo_install_seq/dataset_pores_grid/146/surf_20.0.vtu,1,ok
147,/home/fiorello/init_files_grid/147.dat,/scratch/fiorello/mesoEvo_install_seq/dataset_pores_grid/147,intermediate,3,3,2.0,11.0,0.1045,0.9595,/scratch/fiorello/mesoEvo_install_seq/dataset_pores_grid/147/surf_20.0.vtu,1,ok
148,/home/fiorello/init_files_grid/148.dat,/scratch/fiorello/mesoEvo_install_seq/dataset_pores_grid/148,intermediate,3,3,2.0,12.0,0.1045,1.064,/scratch/fiorello/mesoEvo_install_seq/dataset_pores_grid/148/surf_20.0.vtu,1,ok
149,/home/fiorello/init_files_grid/149.dat,/scratch/fiorello/mesoEvo_install_seq/dataset_pores_grid/149,intermediate,3,3,2.0,13.0,0.1045,1.1685,/scratch/fiorello/mesoEvo_install_seq/dataset_pores_grid/149/surf_20.0.vtu,1,ok
150,/home/fiorello/init_files_grid/150.dat,/scratch/fiorello/mesoEvo_install_seq/dataset_pores_grid/150,intermediate,3,3,2.2727272727272725,8.0,0.1045,0.6459999999999999,/scratch/fiorello/mesoEvo_install_seq/dataset_pores_grid/150/surf_20.0.vtu,0,ok
151,/home/fiorello/init_files_grid/151.dat,/scratch/fiorello/mesoEvo_install_seq/dataset_pores_grid/151,intermediate,3,3,2.2727272727272725,9.0,0.1045,0.7505,/scratch/fiorello/mesoEvo_install_seq/dataset_pores_grid/151/surf_20.0.vtu,0,ok
152,/home/fiorello/init_files_grid/152.dat,/scratch/fiorello/mesoEvo_install_seq/dataset_pores_grid/152,intermediate,3,3,2.2727272727272725,10.0,0.1045,0.855,/scratch/fiorello/mesoEvo_install_seq/dataset_pores_grid/152/surf_20.0.vtu,0,ok
153,/home/fiorello/init_files_grid/153.dat,/scratch/fiorello/mesoEvo_install_seq/dataset_pores_grid/153,intermediate,3,3,2.2727272727272725,11.0,0.1045,0.9595,/scratch/fiorello/mesoEvo_install_seq/dataset_pores_grid/153/surf_20.0.vtu,1,ok
154,/home/fiorello/init_files_grid/154.dat,/scratch/fiorello/mesoEvo_install_seq/dataset_pores_grid/154,intermediate,3,3,2.2727272727272725,12.0,0.1045,1.064,/scratch/fiorello/mesoEvo_install_seq/dataset_pores_grid/154/surf_20.0.vtu,1,ok
155,/home/fiorello/init_files_grid/155.dat,/scratch/fiorello/mesoEvo_install_seq/dataset_pores_grid/155,intermediate,3,3,2.2727272727272725,13.0,0.1045,1.1685,/scratch/fiorello/mesoEvo_install_seq/dataset_pores_grid/155/surf_20.0.vtu,1,ok
156,/home/fiorello/init_files_grid/156.dat,/scratch/fiorello/mesoEvo_install_seq/dataset_pores_grid/156,intermediate,3,3,2.5454545454545454,8.0,0.1045,0.6459999999999999,/scratch/fiorello/mesoEvo_install_seq/dataset_pores_grid/156/surf_20.0.vtu,0,ok
157,/home/fiorello/init_files_grid/157.dat,/scratch/fiorello/mesoEvo_install_seq/dataset_pores_grid/157,intermediate,3,3,2.5454545454545454,9.0,0.1045,0.7505,/scratch/fiorello/mesoEvo_install_seq/dataset_pores_grid/157/surf_20.0.vtu,0,ok
158,/home/fiorello/init_files_grid/158.dat,/scratch/fiorello/mesoEvo_install_seq/dataset_pores_grid/158,intermediate,3,3,2.5454545454545454,10.0,0.1045,0.855,/scratch/fiorello/mesoEvo_install_seq/dataset_pores_grid/158/surf_20.0.vtu,0,ok
159,/home/fiorello/init_files_grid/159.dat,/scratch/fiorello/mesoEvo_install_seq/dataset_pores_grid/159,intermediate,3,3,2.5454545454545454,11.0,0.1045,0.9595,/scratch/fiorello/mesoEvo_install_seq/dataset_pores_grid/159/surf_20.0.vtu,1,ok
160,/home/fiorello/init_files_grid/160.dat,/scratch/fiorello/mesoEvo_install_seq/dataset_pores_grid/160,intermediate,3,3,2.5454545454545454,12.0,0.1045,1.064,/scratch/fiorello/mesoEvo_install_seq/dataset_pores_grid/160/surf_20.0.vtu,3,ok
161,/home/fiorello/init_files_grid/161.dat,/scratch/fiorello/mesoEvo_install_seq/dataset_pores_grid/161,intermediate,3,3,2.5454545454545454,13.0,0.1045,1.1685,/scratch/fiorello/mesoEvo_install_seq/dataset_pores_grid/161/surf_20.0.vtu,3,ok
162,/home/fiorello/init_files_grid/162.dat,/scratch/fiorello/mesoEvo_install_seq/dataset_pores_grid/162,intermediate,3,3,2.8181818181818183,8.0,0.1045,0.6459999999999999,/scratch/fiorello/mesoEvo_install_seq/dataset_pores_grid/162/surf_20.0.vtu,0,ok
163,/home/fiorello/init_files_grid/163.dat,/scratch/fiorello/mesoEvo_install_seq/dataset_pores_grid/163,intermediate,3,3,2.8181818181818183,9.0,0.1045,0.7505,/scratch/fiorello/mesoEvo_install_seq/dataset_pores_grid/163/surf_20.0.vtu,0,ok
164,/home/fiorello/init_files_grid/164.dat,/scratch/fiorello/mesoEvo_install_seq/dataset_pores_grid/164,intermediate,3,3,2.8181818181818183,10.0,0.1045,0.855,/scratch/fiorello/mesoEvo_install_seq/dataset_pores_grid/164/surf_20.0.vtu,0,ok
165,/home/fiorello/init_files_grid/165.dat,/scratch/fiorello/mesoEvo_install_seq/dataset_pores_grid/165,intermediate,3,3,2.8181818181818183,11.0,0.1045,0.9595,/scratch/fiorello/mesoEvo_install_seq/dataset_pores_grid/165/surf_20.0.vtu,0,ok
166,/home/fiorello/init_files_grid/166.dat,/scratch/fiorello/mesoEvo_install_seq/dataset_pores_grid/166,intermediate,3,3,2.8181818181818183,12.0,0.1045,1.064,/scratch/fiorello/mesoEvo_install_seq/dataset_pores_grid/166/surf_20.0.vtu,1,ok
167,/home/fiorello/init_files_grid/167.dat,/scratch/fiorello/mesoEvo_install_seq/dataset_pores_grid/167,intermediate,3,3,2.8181818181818183,13.0,0.1045,1.1685,/scratch/fiorello/mesoEvo_install_seq/dataset_pores_grid/167/surf_20.0.vtu,3,ok
168,/home/fiorello/init_files_grid/168.dat,/scratch/fiorello/mesoEvo_install_seq/dataset_pores_grid/168,intermediate,3,3,3.090909090909091,8.0,0.1045,0.6459999999999999,/scratch/fiorello/mesoEvo_install_seq/dataset_pores_grid/168/surf_20.0.vtu,0,ok
169,/home/fiorello/init_files_grid/169.dat,/scratch/fiorello/mesoEvo_install_seq/dataset_pores_grid/169,intermediate,3,3,3.090909090909091,9.0,0.1045,0.7505,/scratch/fiorello/mesoEvo_install_seq/dataset_pores_grid/169/surf_20.0.vtu,0,ok
170,/home/fiorello/init_files_grid/170.dat,/scratch/fiorello/mesoEvo_install_seq/dataset_pores_grid/170,intermediate,3,3,3.090909090909091,10.0,0.1045,0.855,/scratch/fiorello/mesoEvo_install_seq/dataset_pores_grid/170/surf_20.0.vtu,0,ok
171,/home/fiorello/init_files_grid/171.dat,/scratch/fiorello/mesoEvo_install_seq/dataset_pores_grid/171,intermediate,3,3,3.090909090909091,11.0,0.1045,0.9595,/scratch/fiorello/mesoEvo_install_seq/dataset_pores_grid/171/surf_20.0.vtu,0,ok
172,/home/fiorello/init_files_grid/172.dat,/scratch/fiorello/mesoEvo_install_seq/dataset_pores_grid/172,intermediate,3,3,3.090909090909091,12.0,0.1045,1.064,/scratch/fiorello/mesoEvo_install_seq/dataset_pores_grid/172/surf_20.0.vtu,1,ok
173,/home/fiorello/init_files_grid/173.dat,/scratch/fiorello/mesoEvo_install_seq/dataset_pores_grid/173,intermediate,3,3,3.090909090909091,13.0,0.1045,1.1685,/scratch/fiorello/mesoEvo_install_seq/dataset_pores_grid/173/surf_20.0.vtu,3,ok
174,/home/fiorello/init_files_grid/174.dat,/scratch/fiorello/mesoEvo_install_seq/dataset_pores_grid/174,intermediate,3,3,3.3636363636363633,8.0,0.1045,0.6459999999999999,/scratch/fiorello/mesoEvo_install_seq/dataset_pores_grid/174/surf_20.0.vtu,0,ok
175,/home/fiorello/init_files_grid/175.dat,/scratch/fiorello/mesoEvo_install_seq/dataset_pores_grid/175,intermediate,3,3,3.3636363636363633,9.0,0.1045,0.7505,/scratch/fiorello/mesoEvo_install_seq/dataset_pores_grid/175/surf_20.0.vtu,0,ok
176,/home/fiorello/init_files_grid/176.dat,/scratch/fiorello/mesoEvo_install_seq/dataset_pores_grid/176,intermediate,3,3,3.3636363636363633,10.0,0.1045,0.855,/scratch/fiorello/mesoEvo_install_seq/dataset_pores_grid/176/surf_20.0.vtu,0,ok
177,/home/fiorello/init_files_grid/177.dat,/scratch/fiorello/mesoEvo_install_seq/dataset_pores_grid/177,intermediate,3,3,3.3636363636363633,11.0,0.1045,0.9595,/scratch/fiorello/mesoEvo_install_seq/dataset_pores_grid/177/surf_20.0.vtu,0,ok
178,/home/fiorello/init_files_grid/178.dat,/scratch/fiorello/mesoEvo_install_seq/dataset_pores_grid/178,intermediate,3,3,3.3636363636363633,12.0,0.1045,1.064,/scratch/fiorello/mesoEvo_install_seq/dataset_pores_grid/178/surf_20.0.vtu,0,ok
179,/home/fiorello/init_files_grid/179.dat,/scratch/fiorello/mesoEvo_install_seq/dataset_pores_grid/179,intermediate,3,3,3.3636363636363633,13.0,0.1045,1.1685,/scratch/fiorello/mesoEvo_install_seq/dataset_pores_grid/179/surf_20.0.vtu,1,ok
180,/home/fiorello/init_files_grid/180.dat,/scratch/fiorello/mesoEvo_install_seq/dataset_pores_grid/180,intermediate,3,3,3.6363636363636362,8.0,0.1045,0.6459999999999999,/scratch/fiorello/mesoEvo_install_seq/dataset_pores_grid/180/surf_20.0.vtu,0,ok
181,/home/fiorello/init_files_grid/181.dat,/scratch/fiorello/mesoEvo_install_seq/dataset_pores_grid/181,intermediate,3,3,3.6363636363636362,9.0,0.1045,0.7505,/scratch/fiorello/mesoEvo_install_seq/dataset_pores_grid/181/surf_20.0.vtu,0,ok
182,/home/fiorello/init_files_grid/182.dat,/scratch/fiorello/mesoEvo_install_seq/dataset_pores_grid/182,intermediate,3,3,3.6363636363636362,10.0,0.1045,0.855,/scratch/fiorello/mesoEvo_install_seq/dataset_pores_grid/182/surf_20.0.vtu,0,ok
183,/home/fiorello/init_files_grid/183.dat,/scratch/fiorello/mesoEvo_install_seq/dataset_pores_grid/183,intermediate,3,3,3.6363636363636362,11.0,0.1045,0.9595,/scratch/fiorello/mesoEvo_install_seq/dataset_pores_grid/183/surf_20.0.vtu,0,ok
184,/home/fiorello/init_files_grid/184.dat,/scratch/fiorello/mesoEvo_install_seq/dataset_pores_grid/184,intermediate,3,3,3.6363636363636362,12.0,0.1045,1.064,/scratch/fiorello/mesoEvo_install_seq/dataset_pores_grid/184/surf_20.0.vtu,0,ok
185,/home/fiorello/init_files_grid/185.dat,/scratch/fiorello/mesoEvo_install_seq/dataset_pores_grid/185,intermediate,3,3,3.6363636363636362,13.0,0.1045,1.1685,/scratch/fiorello/mesoEvo_install_seq/dataset_pores_grid/185/surf_20.0.vtu,1,ok
186,/home/fiorello/init_files_grid/186.dat,/scratch/fiorello/mesoEvo_install_seq/dataset_pores_grid/186,intermediate,3,3,3.909090909090909,8.0,0.1045,0.6459999999999999,/scratch/fiorello/mesoEvo_install_seq/dataset_pores_grid/186/surf_20.0.vtu,0,ok
187,/home/fiorello/init_files_grid/187.dat,/scratch/fiorello/mesoEvo_install_seq/dataset_pores_grid/187,intermediate,3,3,3.909090909090909,9.0,0.1045,0.7505,/scratch/fiorello/mesoEvo_install_seq/dataset_pores_grid/187/surf_20.0.vtu,0,ok
188,/home/fiorello/init_files_grid/188.dat,/scratch/fiorello/mesoEvo_install_seq/dataset_pores_grid/188,intermediate,3,3,3.909090909090909,10.0,0.1045,0.855,/scratch/fiorello/mesoEvo_install_seq/dataset_pores_grid/188/surf_20.0.vtu,0,ok
189,/home/fiorello/init_files_grid/189.dat,/scratch/fiorello/mesoEvo_install_seq/dataset_pores_grid/189,intermediate,3,3,3.909090909090909,11.0,0.1045,0.9595,/scratch/fiorello/mesoEvo_install_seq/dataset_pores_grid/189/surf_20.0.vtu,0,ok
190,/home/fiorello/init_files_grid/190.dat,/scratch/fiorello/mesoEvo_install_seq/dataset_pores_grid/190,intermediate,3,3,3.909090909090909,12.0,0.1045,1.064,/scratch/fiorello/mesoEvo_install_seq/dataset_pores_grid/190/surf_20.0.vtu,0,ok
191,/home/fiorello/init_files_grid/191.dat,/scratch/fiorello/mesoEvo_install_seq/dataset_pores_grid/191,intermediate,3,3,3.909090909090909,13.0,0.1045,1.1685,/scratch/fiorello/mesoEvo_install_seq/dataset_pores_grid/191/surf_20.0.vtu,0,ok
192,/home/fiorello/init_files_grid/192.dat,/scratch/fiorello/mesoEvo_install_seq/dataset_pores_grid/192,intermediate,3,3,4.181818181818182,8.0,0.1045,0.6459999999999999,/scratch/fiorello/mesoEvo_install_seq/dataset_pores_grid/192/surf_20.0.vtu,0,ok
193,/home/fiorello/init_files_grid/193.dat,/scratch/fiorello/mesoEvo_install_seq/dataset_pores_grid/193,intermediate,3,3,4.181818181818182,9.0,0.1045,0.7505,/scratch/fiorello/mesoEvo_install_seq/dataset_pores_grid/193/surf_20.0.vtu,0,ok
194,/home/fiorello/init_files_grid/194.dat,/scratch/fiorello/mesoEvo_install_seq/dataset_pores_grid/194,intermediate,3,3,4.181818181818182,10.0,0.1045,0.855,/scratch/fiorello/mesoEvo_install_seq/dataset_pores_grid/194/surf_20.0.vtu,0,ok
195,/home/fiorello/init_files_grid/195.dat,/scratch/fiorello/mesoEvo_install_seq/dataset_pores_grid/195,intermediate,3,3,4.181818181818182,11.0,0.1045,0.9595,/scratch/fiorello/mesoEvo_install_seq/dataset_pores_grid/195/surf_20.0.vtu,0,ok
196,/home/fiorello/init_files_grid/196.dat,/scratch/fiorello/mesoEvo_install_seq/dataset_pores_grid/196,intermediate,3,3,4.181818181818182,12.0,0.1045,1.064,/scratch/fiorello/mesoEvo_install_seq/dataset_pores_grid/196/surf_20.0.vtu,0,ok
197,/home/fiorello/init_files_grid/197.dat,/scratch/fiorello/mesoEvo_install_seq/dataset_pores_grid/197,intermediate,3,3,4.181818181818182,13.0,0.1045,1.1685,/scratch/fiorello/mesoEvo_install_seq/dataset_pores_grid/197/surf_20.0.vtu,0,ok
198,/home/fiorello/init_files_grid/198.dat,/scratch/fiorello/mesoEvo_install_seq/dataset_pores_grid/198,intermediate,3,3,4.454545454545454,8.0,0.1045,0.6459999999999999,/scratch/fiorello/mesoEvo_install_seq/dataset_pores_grid/198/surf_20.0.vtu,0,ok
199,/home/fiorello/init_files_grid/199.dat,/scratch/fiorello/mesoEvo_install_seq/dataset_pores_grid/199,intermediate,3,3,4.454545454545454,9.0,0.1045,0.7505,/scratch/fiorello/mesoEvo_install_seq/dataset_pores_grid/199/surf_20.0.vtu,0,ok
200,/home/fiorello/init_files_grid/200.dat,/scratch/fiorello/mesoEvo_install_seq/dataset_pores_grid/200,intermediate,3,3,4.454545454545454,10.0,0.1045,0.855,/scratch/fiorello/mesoEvo_install_seq/dataset_pores_grid/200/surf_20.0.vtu,0,ok
201,/home/fiorello/init_files_grid/201.dat,/scratch/fiorello/mesoEvo_install_seq/dataset_pores_grid/201,intermediate,3,3,4.454545454545454,11.0,0.1045,0.9595,/scratch/fiorello/mesoEvo_install_seq/dataset_pores_grid/201/surf_20.0.vtu,0,ok
202,/home/fiorello/init_files_grid/202.dat,/scratch/fiorello/mesoEvo_install_seq/dataset_pores_grid/202,intermediate,3,3,4.454545454545454,12.0,0.1045,1.064,/scratch/fiorello/mesoEvo_install_seq/dataset_pores_grid/202/surf_20.0.vtu,0,ok
203,/home/fiorello/init_files_grid/203.dat,/scratch/fiorello/mesoEvo_install_seq/dataset_pores_grid/203,intermediate,3,3,4.454545454545454,13.0,0.1045,1.1685,/scratch/fiorello/mesoEvo_install_seq/dataset_pores_grid/203/surf_20.0.vtu,0,ok
204,/home/fiorello/init_files_grid/204.dat,/scratch/fiorello/mesoEvo_install_seq/dataset_pores_grid/204,intermediate,3,3,4.727272727272727,8.0,0.1045,0.6459999999999999,/scratch/fiorello/mesoEvo_install_seq/dataset_pores_grid/204/surf_20.0.vtu,0,ok
205,/home/fiorello/init_files_grid/205.dat,/scratch/fiorello/mesoEvo_install_seq/dataset_pores_grid/205,intermediate,3,3,4.727272727272727,9.0,0.1045,0.7505,/scratch/fiorello/mesoEvo_install_seq/dataset_pores_grid/205/surf_20.0.vtu,0,ok
206,/home/fiorello/init_files_grid/206.dat,/scratch/fiorello/mesoEvo_install_seq/dataset_pores_grid/206,intermediate,3,3,4.727272727272727,10.0,0.1045,0.855,/scratch/fiorello/mesoEvo_install_seq/dataset_pores_grid/206/surf_20.0.vtu,0,ok
207,/home/fiorello/init_files_grid/207.dat,/scratch/fiorello/mesoEvo_install_seq/dataset_pores_grid/207,intermediate,3,3,4.727272727272727,11.0,0.1045,0.9595,/scratch/fiorello/mesoEvo_install_seq/dataset_pores_grid/207/surf_20.0.vtu,0,ok
208,/home/fiorello/init_files_grid/208.dat,/scratch/fiorello/mesoEvo_install_seq/dataset_pores_grid/208,intermediate,3,3,4.727272727272727,12.0,0.1045,1.064,/scratch/fiorello/mesoEvo_install_seq/dataset_pores_grid/208/surf_20.0.vtu,0,ok
209,/home/fiorello/init_files_grid/209.dat,/scratch/fiorello/mesoEvo_install_seq/dataset_pores_grid/209,intermediate,3,3,4.727272727272727,13.0,0.1045,1.1685,/scratch/fiorello/mesoEvo_install_seq/dataset_pores_grid/209/surf_20.0.vtu,0,ok
210,/home/fiorello/init_files_grid/210.dat,/scratch/fiorello/mesoEvo_install_seq/dataset_pores_grid/210,intermediate,3,3,5.0,8.0,0.1045,0.6459999999999999,/scratch/fiorello/mesoEvo_install_seq/dataset_pores_grid/210/surf_20.0.vtu,0,ok
211,/home/fiorello/init_files_grid/211.dat,/scratch/fiorello/mesoEvo_install_seq/dataset_pores_grid/211,intermediate,3,3,5.0,9.0,0.1045,0.7505,/scratch/fiorello/mesoEvo_install_seq/dataset_pores_grid/211/surf_20.0.vtu,0,ok
212,/home/fiorello/init_files_grid/212.dat,/scratch/fiorello/mesoEvo_install_seq/dataset_pores_grid/212,intermediate,3,3,5.0,10.0,0.1045,0.855,/scratch/fiorello/mesoEvo_install_seq/dataset_pores_grid/212/surf_20.0.vtu,0,ok
213,/home/fiorello/init_files_grid/213.dat,/scratch/fiorello/mesoEvo_install_seq/dataset_pores_grid/213,intermediate,3,3,5.0,11.0,0.1045,0.9595,/scratch/fiorello/mesoEvo_install_seq/dataset_pores_grid/213/surf_20.0.vtu,0,ok
214,/home/fiorello/init_files_grid/214.dat,/scratch/fiorello/mesoEvo_install_seq/dataset_pores_grid/214,intermediate,3,3,5.0,12.0,0.1045,1.064,/scratch/fiorello/mesoEvo_install_seq/dataset_pores_grid/214/surf_20.0.vtu,0,ok
215,/home/fiorello/init_files_grid/215.dat,/scratch/fiorello/mesoEvo_install_seq/dataset_pores_grid/215,intermediate,3,3,5.0,13.0,0.1045,1.1685,/scratch/fiorello/mesoEvo_install_seq/dataset_pores_grid/215/surf_20.0.vtu,0,ok
216,/home/fiorello/init_files_grid/216.dat,/scratch/fiorello/mesoEvo_install_seq/dataset_pores_grid/216,intermediate,4,4,2.0,8.0,0.1045,0.6459999999999999,/scratch/fiorello/mesoEvo_install_seq/dataset_pores_grid/216/surf_20.0.vtu,0,ok
217,/home/fiorello/init_files_grid/217.dat,/scratch/fiorello/mesoEvo_install_seq/dataset_pores_grid/217,intermediate,4,4,2.0,9.0,0.1045,0.7505,/scratch/fiorello/mesoEvo_install_seq/dataset_pores_grid/217/surf_20.0.vtu,0,ok
218,/home/fiorello/init_files_grid/218.dat,/scratch/fiorello/mesoEvo_install_seq/dataset_pores_grid/218,intermediate,4,4,2.0,10.0,0.1045,0.855,/scratch/fiorello/mesoEvo_install_seq/dataset_pores_grid/218/surf_20.0.vtu,2,ok
219,/home/fiorello/init_files_grid/219.dat,/scratch/fiorello/mesoEvo_install_seq/dataset_pores_grid/219,intermediate,4,4,2.0,11.0,0.1045,0.9595,/scratch/fiorello/mesoEvo_install_seq/dataset_pores_grid/219/surf_20.0.vtu,1,ok
220,/home/fiorello/init_files_grid/220.dat,/scratch/fiorello/mesoEvo_install_seq/dataset_pores_grid/220,intermediate,4,4,2.0,12.0,0.1045,1.064,/scratch/fiorello/mesoEvo_install_seq/dataset_pores_grid/220/surf_20.0.vtu,1,ok
221,/home/fiorello/init_files_grid/221.dat,/scratch/fiorello/mesoEvo_install_seq/dataset_pores_grid/221,intermediate,4,4,2.0,13.0,0.1045,1.1685,/scratch/fiorello/mesoEvo_install_seq/dataset_pores_grid/221/surf_20.0.vtu,1,ok
222,/home/fiorello/init_files_grid/222.dat,/scratch/fiorello/mesoEvo_install_seq/dataset_pores_grid/222,intermediate,4,4,2.2727272727272725,8.0,0.1045,0.6459999999999999,/scratch/fiorello/mesoEvo_install_seq/dataset_pores_grid/222/surf_20.0.vtu,0,ok
223,/home/fiorello/init_files_grid/223.dat,/scratch/fiorello/mesoEvo_install_seq/dataset_pores_grid/223,intermediate,4,4,2.2727272727272725,9.0,0.1045,0.7505,/scratch/fiorello/mesoEvo_install_seq/dataset_pores_grid/223/surf_20.0.vtu,0,ok
224,/home/fiorello/init_files_grid/224.dat,/scratch/fiorello/mesoEvo_install_seq/dataset_pores_grid/224,intermediate,4,4,2.2727272727272725,10.0,0.1045,0.855,/scratch/fiorello/mesoEvo_install_seq/dataset_pores_grid/224/surf_20.0.vtu,0,ok
225,/home/fiorello/init_files_grid/225.dat,/scratch/fiorello/mesoEvo_install_seq/dataset_pores_grid/225,intermediate,4,4,2.2727272727272725,11.0,0.1045,0.9595,/scratch/fiorello/mesoEvo_install_seq/dataset_pores_grid/225/surf_20.0.vtu,2,ok
226,/home/fiorello/init_files_grid/226.dat,/scratch/fiorello/mesoEvo_install_seq/dataset_pores_grid/226,intermediate,4,4,2.2727272727272725,12.0,0.1045,1.064,/scratch/fiorello/mesoEvo_install_seq/dataset_pores_grid/226/surf_20.0.vtu,1,ok
227,/home/fiorello/init_files_grid/227.dat,/scratch/fiorello/mesoEvo_install_seq/dataset_pores_grid/227,intermediate,4,4,2.2727272727272725,13.0,0.1045,1.1685,/scratch/fiorello/mesoEvo_install_seq/dataset_pores_grid/227/surf_20.0.vtu,1,ok
228,/home/fiorello/init_files_grid/228.dat,/scratch/fiorello/mesoEvo_install_seq/dataset_pores_grid/228,intermediate,4,4,2.5454545454545454,8.0,0.1045,0.6459999999999999,/scratch/fiorello/mesoEvo_install_seq/dataset_pores_grid/228/surf_20.0.vtu,0,ok
229,/home/fiorello/init_files_grid/229.dat,/scratch/fiorello/mesoEvo_install_seq/dataset_pores_grid/229,intermediate,4,4,2.5454545454545454,9.0,0.1045,0.7505,/scratch/fiorello/mesoEvo_install_seq/dataset_pores_grid/229/surf_20.0.vtu,0,ok
230,/home/fiorello/init_files_grid/230.dat,/scratch/fiorello/mesoEvo_install_seq/dataset_pores_grid/230,intermediate,4,4,2.5454545454545454,10.0,0.1045,0.855,/scratch/fiorello/mesoEvo_install_seq/dataset_pores_grid/230/surf_20.0.vtu,0,ok
231,/home/fiorello/init_files_grid/231.dat,/scratch/fiorello/mesoEvo_install_seq/dataset_pores_grid/231,intermediate,4,4,2.5454545454545454,11.0,0.1045,0.9595,/scratch/fiorello/mesoEvo_install_seq/dataset_pores_grid/231/surf_20.0.vtu,2,ok
232,/home/fiorello/init_files_grid/232.dat,/scratch/fiorello/mesoEvo_install_seq/dataset_pores_grid/232,intermediate,4,4,2.5454545454545454,12.0,0.1045,1.064,/scratch/fiorello/mesoEvo_install_seq/dataset_pores_grid/232/surf_20.0.vtu,2,ok
233,/home/fiorello/init_files_grid/233.dat,/scratch/fiorello/mesoEvo_install_seq/dataset_pores_grid/233,intermediate,4,4,2.5454545454545454,13.0,0.1045,1.1685,/scratch/fiorello/mesoEvo_install_seq/dataset_pores_grid/233/surf_20.0.vtu,4,ok
234,/home/fiorello/init_files_grid/234.dat,/scratch/fiorello/mesoEvo_install_seq/dataset_pores_grid/234,intermediate,4,4,2.8181818181818183,8.0,0.1045,0.6459999999999999,/scratch/fiorello/mesoEvo_install_seq/dataset_pores_grid/234/surf_20.0.vtu,0,ok
235,/home/fiorello/init_files_grid/235.dat,/scratch/fiorello/mesoEvo_install_seq/dataset_pores_grid/235,intermediate,4,4,2.8181818181818183,9.0,0.1045,0.7505,/scratch/fiorello/mesoEvo_install_seq/dataset_pores_grid/235/surf_20.0.vtu,0,ok
236,/home/fiorello/init_files_grid/236.dat,/scratch/fiorello/mesoEvo_install_seq/dataset_pores_grid/236,intermediate,4,4,2.8181818181818183,10.0,0.1045,0.855,/scratch/fiorello/mesoEvo_install_seq/dataset_pores_grid/236/surf_20.0.vtu,0,ok
237,/home/fiorello/init_files_grid/237.dat,/scratch/fiorello/mesoEvo_install_seq/dataset_pores_grid/237,intermediate,4,4,2.8181818181818183,11.0,0.1045,0.9595,/scratch/fiorello/mesoEvo_install_seq/dataset_pores_grid/237/surf_20.0.vtu,0,ok
238,/home/fiorello/init_files_grid/238.dat,/scratch/fiorello/mesoEvo_install_seq/dataset_pores_grid/238,intermediate,4,4,2.8181818181818183,12.0,0.1045,1.064,/scratch/fiorello/mesoEvo_install_seq/dataset_pores_grid/238/surf_20.0.vtu,2,ok
239,/home/fiorello/init_files_grid/239.dat,/scratch/fiorello/mesoEvo_install_seq/dataset_pores_grid/239,intermediate,4,4,2.8181818181818183,13.0,0.1045,1.1685,/scratch/fiorello/mesoEvo_install_seq/dataset_pores_grid/239/surf_20.0.vtu,4,ok
240,/home/fiorello/init_files_grid/240.dat,/scratch/fiorello/mesoEvo_install_seq/dataset_pores_grid/240,intermediate,4,4,3.090909090909091,8.0,0.1045,0.6459999999999999,/scratch/fiorello/mesoEvo_install_seq/dataset_pores_grid/240/surf_20.0.vtu,0,ok
241,/home/fiorello/init_files_grid/241.dat,/scratch/fiorello/mesoEvo_install_seq/dataset_pores_grid/241,intermediate,4,4,3.090909090909091,9.0,0.1045,0.7505,/scratch/fiorello/mesoEvo_install_seq/dataset_pores_grid/241/surf_20.0.vtu,0,ok
242,/home/fiorello/init_files_grid/242.dat,/scratch/fiorello/mesoEvo_install_seq/dataset_pores_grid/242,intermediate,4,4,3.090909090909091,10.0,0.1045,0.855,/scratch/fiorello/mesoEvo_install_seq/dataset_pores_grid/242/surf_20.0.vtu,0,ok
243,/home/fiorello/init_files_grid/243.dat,/scratch/fiorello/mesoEvo_install_seq/dataset_pores_grid/243,intermediate,4,4,3.090909090909091,11.0,0.1045,0.9595,/scratch/fiorello/mesoEvo_install_seq/dataset_pores_grid/243/surf_20.0.vtu,0,ok
244,/home/fiorello/init_files_grid/244.dat,/scratch/fiorello/mesoEvo_install_seq/dataset_pores_grid/244,intermediate,4,4,3.090909090909091,12.0,0.1045,1.064,/scratch/fiorello/mesoEvo_install_seq/dataset_pores_grid/244/surf_20.0.vtu,2,ok
245,/home/fiorello/init_files_grid/245.dat,/scratch/fiorello/mesoEvo_install_seq/dataset_pores_grid/245,intermediate,4,4,3.090909090909091,13.0,0.1045,1.1685,/scratch/fiorello/mesoEvo_install_seq/dataset_pores_grid/245/surf_20.0.vtu,4,ok
246,/home/fiorello/init_files_grid/246.dat,/scratch/fiorello/mesoEvo_install_seq/dataset_pores_grid/246,intermediate,4,4,3.3636363636363633,8.0,0.1045,0.6459999999999999,/scratch/fiorello/mesoEvo_install_seq/dataset_pores_grid/246/surf_20.0.vtu,0,ok
247,/home/fiorello/init_files_grid/247.dat,/scratch/fiorello/mesoEvo_install_seq/dataset_pores_grid/247,intermediate,4,4,3.3636363636363633,9.0,0.1045,0.7505,/scratch/fiorello/mesoEvo_install_seq/dataset_pores_grid/247/surf_20.0.vtu,0,ok
248,/home/fiorello/init_files_grid/248.dat,/scratch/fiorello/mesoEvo_install_seq/dataset_pores_grid/248,intermediate,4,4,3.3636363636363633,10.0,0.1045,0.855,/scratch/fiorello/mesoEvo_install_seq/dataset_pores_grid/248/surf_20.0.vtu,0,ok
249,/home/fiorello/init_files_grid/249.dat,/scratch/fiorello/mesoEvo_install_seq/dataset_pores_grid/249,intermediate,4,4,3.3636363636363633,11.0,0.1045,0.9595,/scratch/fiorello/mesoEvo_install_seq/dataset_pores_grid/249/surf_20.0.vtu,0,ok
250,/home/fiorello/init_files_grid/250.dat,/scratch/fiorello/mesoEvo_install_seq/dataset_pores_grid/250,intermediate,4,4,3.3636363636363633,12.0,0.1045,1.064,/scratch/fiorello/mesoEvo_install_seq/dataset_pores_grid/250/surf_20.0.vtu,0,ok
251,/home/fiorello/init_files_grid/251.dat,/scratch/fiorello/mesoEvo_install_seq/dataset_pores_grid/251,intermediate,4,4,3.3636363636363633,13.0,0.1045,1.1685,/scratch/fiorello/mesoEvo_install_seq/dataset_pores_grid/251/surf_20.0.vtu,4,ok
252,/home/fiorello/init_files_grid/252.dat,/scratch/fiorello/mesoEvo_install_seq/dataset_pores_grid/252,intermediate,4,4,3.6363636363636362,8.0,0.1045,0.6459999999999999,/scratch/fiorello/mesoEvo_install_seq/dataset_pores_grid/252/surf_20.0.vtu,0,ok
253,/home/fiorello/init_files_grid/253.dat,/scratch/fiorello/mesoEvo_install_seq/dataset_pores_grid/253,intermediate,4,4,3.6363636363636362,9.0,0.1045,0.7505,/scratch/fiorello/mesoEvo_install_seq/dataset_pores_grid/253/surf_20.0.vtu,0,ok
254,/home/fiorello/init_files_grid/254.dat,/scratch/fiorello/mesoEvo_install_seq/dataset_pores_grid/254,intermediate,4,4,3.6363636363636362,10.0,0.1045,0.855,/scratch/fiorello/mesoEvo_install_seq/dataset_pores_grid/254/surf_20.0.vtu,0,ok
255,/home/fiorello/init_files_grid/255.dat,/scratch/fiorello/mesoEvo_install_seq/dataset_pores_grid/255,intermediate,4,4,3.6363636363636362,11.0,0.1045,0.9595,/scratch/fiorello/mesoEvo_install_seq/dataset_pores_grid/255/surf_20.0.vtu,0,ok
256,/home/fiorello/init_files_grid/256.dat,/scratch/fiorello/mesoEvo_install_seq/dataset_pores_grid/256,intermediate,4,4,3.6363636363636362,12.0,0.1045,1.064,/scratch/fiorello/mesoEvo_install_seq/dataset_pores_grid/256/surf_20.0.vtu,0,ok
257,/home/fiorello/init_files_grid/257.dat,/scratch/fiorello/mesoEvo_install_seq/dataset_pores_grid/257,intermediate,4,4,3.6363636363636362,13.0,0.1045,1.1685,/scratch/fiorello/mesoEvo_install_seq/dataset_pores_grid/257/surf_20.0.vtu,4,ok
258,/home/fiorello/init_files_grid/258.dat,/scratch/fiorello/mesoEvo_install_seq/dataset_pores_grid/258,intermediate,4,4,3.909090909090909,8.0,0.1045,0.6459999999999999,/scratch/fiorello/mesoEvo_install_seq/dataset_pores_grid/258/surf_20.0.vtu,0,ok
259,/home/fiorello/init_files_grid/259.dat,/scratch/fiorello/mesoEvo_install_seq/dataset_pores_grid/259,intermediate,4,4,3.909090909090909,9.0,0.1045,0.7505,/scratch/fiorello/mesoEvo_install_seq/dataset_pores_grid/259/surf_20.0.vtu,0,ok
260,/home/fiorello/init_files_grid/260.dat,/scratch/fiorello/mesoEvo_install_seq/dataset_pores_grid/260,intermediate,4,4,3.909090909090909,10.0,0.1045,0.855,/scratch/fiorello/mesoEvo_install_seq/dataset_pores_grid/260/surf_20.0.vtu,0,ok
261,/home/fiorello/init_files_grid/261.dat,/scratch/fiorello/mesoEvo_install_seq/dataset_pores_grid/261,intermediate,4,4,3.909090909090909,11.0,0.1045,0.9595,/scratch/fiorello/mesoEvo_install_seq/dataset_pores_grid/261/surf_20.0.vtu,0,ok
262,/home/fiorello/init_files_grid/262.dat,/scratch/fiorello/mesoEvo_install_seq/dataset_pores_grid/262,intermediate,4,4,3.909090909090909,12.0,0.1045,1.064,/scratch/fiorello/mesoEvo_install_seq/dataset_pores_grid/262/surf_20.0.vtu,2,ok
263,/home/fiorello/init_files_grid/263.dat,/scratch/fiorello/mesoEvo_install_seq/dataset_pores_grid/263,intermediate,4,4,3.909090909090909,13.0,0.1045,1.1685,/scratch/fiorello/mesoEvo_install_seq/dataset_pores_grid/263/surf_20.0.vtu,4,ok
264,/home/fiorello/init_files_grid/264.dat,/scratch/fiorello/mesoEvo_install_seq/dataset_pores_grid/264,intermediate,4,4,4.181818181818182,8.0,0.09895808,0.6016646400000001,/scratch/fiorello/mesoEvo_install_seq/dataset_pores_grid/264/surf_20.0.vtu,0,ok
265,/home/fiorello/init_files_grid/265.dat,/scratch/fiorello/mesoEvo_install_seq/dataset_pores_grid/265,intermediate,4,4,4.181818181818182,9.0,0.09895808,0.7006227200000001,/scratch/fiorello/mesoEvo_install_seq/dataset_pores_grid/265/surf_20.0.vtu,0,ok
266,/home/fiorello/init_files_grid/266.dat,/scratch/fiorello/mesoEvo_install_seq/dataset_pores_grid/266,intermediate,4,4,4.181818181818182,10.0,0.09895808,0.7995808,/scratch/fiorello/mesoEvo_install_seq/dataset_pores_grid/266/surf_20.0.vtu,0,ok
267,/home/fiorello/init_files_grid/267.dat,/scratch/fiorello/mesoEvo_install_seq/dataset_pores_grid/267,intermediate,4,4,4.181818181818182,11.0,0.09895808,0.89853888,/scratch/fiorello/mesoEvo_install_seq/dataset_pores_grid/267/surf_20.0.vtu,0,ok
268,/home/fiorello/init_files_grid/268.dat,/scratch/fiorello/mesoEvo_install_seq/dataset_pores_grid/268,intermediate,4,4,4.181818181818182,12.0,0.09895808,0.9974969600000001,/scratch/fiorello/mesoEvo_install_seq/dataset_pores_grid/268/surf_20.0.vtu,0,ok
269,/home/fiorello/init_files_grid/269.dat,/scratch/fiorello/mesoEvo_install_seq/dataset_pores_grid/269,intermediate,4,4,4.181818181818182,13.0,0.09895808,1.0964550400000002,/scratch/fiorello/mesoEvo_install_seq/dataset_pores_grid/269/surf_20.0.vtu,2,ok
270,/home/fiorello/init_files_grid/270.dat,/scratch/fiorello/mesoEvo_install_seq/dataset_pores_grid/270,intermediate,4,3,4.454545454545454,8.0,0.1045,0.6459999999999999,/scratch/fiorello/mesoEvo_install_seq/dataset_pores_grid/270/surf_20.0.vtu,0,ok
271,/home/fiorello/init_files_grid/271.dat,/scratch/fiorello/mesoEvo_install_seq/dataset_pores_grid/271,intermediate,4,3,4.454545454545454,9.0,0.1045,0.7505,/scratch/fiorello/mesoEvo_install_seq/dataset_pores_grid/271/surf_20.0.vtu,0,ok
272,/home/fiorello/init_files_grid/272.dat,/scratch/fiorello/mesoEvo_install_seq/dataset_pores_grid/272,intermediate,4,3,4.454545454545454,10.0,0.1045,0.855,/scratch/fiorello/mesoEvo_install_seq/dataset_pores_grid/272/surf_20.0.vtu,0,ok
273,/home/fiorello/init_files_grid/273.dat,/scratch/fiorello/mesoEvo_install_seq/dataset_pores_grid/273,intermediate,4,3,4.454545454545454,11.0,0.1045,0.9595,/scratch/fiorello/mesoEvo_install_seq/dataset_pores_grid/273/surf_20.0.vtu,0,ok
274,/home/fiorello/init_files_grid/274.dat,/scratch/fiorello/mesoEvo_install_seq/dataset_pores_grid/274,intermediate,4,3,4.454545454545454,12.0,0.1045,1.064,/scratch/fiorello/mesoEvo_install_seq/dataset_pores_grid/274/surf_20.0.vtu,0,ok
275,/home/fiorello/init_files_grid/275.dat,/scratch/fiorello/mesoEvo_install_seq/dataset_pores_grid/275,intermediate,4,3,4.454545454545454,13.0,0.1045,1.1685,/scratch/fiorello/mesoEvo_install_seq/dataset_pores_grid/275/surf_20.0.vtu,0,ok
276,/home/fiorello/init_files_grid/276.dat,/scratch/fiorello/mesoEvo_install_seq/dataset_pores_grid/276,intermediate,4,3,4.727272727272727,8.0,0.1045,0.6459999999999999,/scratch/fiorello/mesoEvo_install_seq/dataset_pores_grid/276/surf_20.0.vtu,0,ok
277,/home/fiorello/init_files_grid/277.dat,/scratch/fiorello/mesoEvo_install_seq/dataset_pores_grid/277,intermediate,4,3,4.727272727272727,9.0,0.1045,0.7505,/scratch/fiorello/mesoEvo_install_seq/dataset_pores_grid/277/surf_20.0.vtu,0,ok
278,/home/fiorello/init_files_grid/278.dat,/scratch/fiorello/mesoEvo_install_seq/dataset_pores_grid/278,intermediate,4,3,4.727272727272727,10.0,0.1045,0.855,/scratch/fiorello/mesoEvo_install_seq/dataset_pores_grid/278/surf_20.0.vtu,0,ok
279,/home/fiorello/init_files_grid/279.dat,/scratch/fiorello/mesoEvo_install_seq/dataset_pores_grid/279,intermediate,4,3,4.727272727272727,11.0,0.1045,0.9595,/scratch/fiorello/mesoEvo_install_seq/dataset_pores_grid/279/surf_20.0.vtu,0,ok
280,/home/fiorello/init_files_grid/280.dat,/scratch/fiorello/mesoEvo_install_seq/dataset_pores_grid/280,intermediate,4,3,4.727272727272727,12.0,0.1045,1.064,/scratch/fiorello/mesoEvo_install_seq/dataset_pores_grid/280/surf_20.0.vtu,0,ok
281,/home/fiorello/init_files_grid/281.dat,/scratch/fiorello/mesoEvo_install_seq/dataset_pores_grid/281,intermediate,4,3,4.727272727272727,13.0,0.1045,1.1685,/scratch/fiorello/mesoEvo_install_seq/dataset_pores_grid/281/surf_20.0.vtu,0,ok
282,/home/fiorello/init_files_grid/282.dat,/scratch/fiorello/mesoEvo_install_seq/dataset_pores_grid/282,intermediate,4,3,5.0,8.0,0.1045,0.6459999999999999,/scratch/fiorello/mesoEvo_install_seq/dataset_pores_grid/282/surf_20.0.vtu,0,ok
283,/home/fiorello/init_files_grid/283.dat,/scratch/fiorello/mesoEvo_install_seq/dataset_pores_grid/283,intermediate,4,3,5.0,9.0,0.1045,0.7505,/scratch/fiorello/mesoEvo_install_seq/dataset_pores_grid/283/surf_20.0.vtu,0,ok
284,/home/fiorello/init_files_grid/284.dat,/scratch/fiorello/mesoEvo_install_seq/dataset_pores_grid/284,intermediate,4,3,5.0,10.0,0.1045,0.855,/scratch/fiorello/mesoEvo_install_seq/dataset_pores_grid/284/surf_20.0.vtu,0,ok
285,/home/fiorello/init_files_grid/285.dat,/scratch/fiorello/mesoEvo_install_seq/dataset_pores_grid/285,intermediate,4,3,5.0,11.0,0.1045,0.9595,/scratch/fiorello/mesoEvo_install_seq/dataset_pores_grid/285/surf_20.0.vtu,0,ok
286,/home/fiorello/init_files_grid/286.dat,/scratch/fiorello/mesoEvo_install_seq/dataset_pores_grid/286,intermediate,4,3,5.0,12.0,0.1045,1.064,/scratch/fiorello/mesoEvo_install_seq/dataset_pores_grid/286/surf_20.0.vtu,0,ok
287,/home/fiorello/init_files_grid/287.dat,/scratch/fiorello/mesoEvo_install_seq/dataset_pores_grid/287,intermediate,4,3,5.0,13.0,0.1045,1.1685,/scratch/fiorello/mesoEvo_install_seq/dataset_pores_grid/287/surf_20.0.vtu,0,ok
288,/home/fiorello/init_files_grid/288.dat,/scratch/fiorello/mesoEvo_install_seq/dataset_pores_grid/288,intermediate,5,5,2.0,8.0,0.1045,0.6459999999999999,/scratch/fiorello/mesoEvo_install_seq/dataset_pores_grid/288/surf_20.0.vtu,0,ok
289,/home/fiorello/init_files_grid/289.dat,/scratch/fiorello/mesoEvo_install_seq/dataset_pores_grid/289,intermediate,5,5,2.0,9.0,0.1045,0.7505,/scratch/fiorello/mesoEvo_install_seq/dataset_pores_grid/289/surf_20.0.vtu,0,ok
290,/home/fiorello/init_files_grid/290.dat,/scratch/fiorello/mesoEvo_install_seq/dataset_pores_grid/290,intermediate,5,5,2.0,10.0,0.1045,0.855,/scratch/fiorello/mesoEvo_install_seq/dataset_pores_grid/290/surf_20.0.vtu,3,ok
291,/home/fiorello/init_files_grid/291.dat,/scratch/fiorello/mesoEvo_install_seq/dataset_pores_grid/291,intermediate,5,5,2.0,11.0,0.1045,0.9595,/scratch/fiorello/mesoEvo_install_seq/dataset_pores_grid/291/surf_20.0.vtu,1,ok
292,/home/fiorello/init_files_grid/292.dat,/scratch/fiorello/mesoEvo_install_seq/dataset_pores_grid/292,intermediate,5,5,2.0,12.0,0.1045,1.064,/scratch/fiorello/mesoEvo_install_seq/dataset_pores_grid/292/surf_20.0.vtu,1,ok
293,/home/fiorello/init_files_grid/293.dat,/scratch/fiorello/mesoEvo_install_seq/dataset_pores_grid/293,intermediate,5,5,2.0,13.0,0.1045,1.1685,/scratch/fiorello/mesoEvo_install_seq/dataset_pores_grid/293/surf_20.0.vtu,1,ok
294,/home/fiorello/init_files_grid/294.dat,/scratch/fiorello/mesoEvo_install_seq/dataset_pores_grid/294,intermediate,5,5,2.2727272727272725,8.0,0.1045,0.6459999999999999,/scratch/fiorello/mesoEvo_install_seq/dataset_pores_grid/294/surf_20.0.vtu,0,ok
295,/home/fiorello/init_files_grid/295.dat,/scratch/fiorello/mesoEvo_install_seq/dataset_pores_grid/295,intermediate,5,5,2.2727272727272725,9.0,0.1045,0.7505,/scratch/fiorello/mesoEvo_install_seq/dataset_pores_grid/295/surf_20.0.vtu,0,ok
296,/home/fiorello/init_files_grid/296.dat,/scratch/fiorello/mesoEvo_install_seq/dataset_pores_grid/296,intermediate,5,5,2.2727272727272725,10.0,0.1045,0.855,/scratch/fiorello/mesoEvo_install_seq/dataset_pores_grid/296/surf_20.0.vtu,0,ok
297,/home/fiorello/init_files_grid/297.dat,/scratch/fiorello/mesoEvo_install_seq/dataset_pores_grid/297,intermediate,5,5,2.2727272727272725,11.0,0.1045,0.9595,/scratch/fiorello/mesoEvo_install_seq/dataset_pores_grid/297/surf_20.0.vtu,3,ok
298,/home/fiorello/init_files_grid/298.dat,/scratch/fiorello/mesoEvo_install_seq/dataset_pores_grid/298,intermediate,5,5,2.2727272727272725,12.0,0.1045,1.064,/scratch/fiorello/mesoEvo_install_seq/dataset_pores_grid/298/surf_20.0.vtu,1,ok
299,/home/fiorello/init_files_grid/299.dat,/scratch/fiorello/mesoEvo_install_seq/dataset_pores_grid/299,intermediate,5,5,2.2727272727272725,13.0,0.1045,1.1685,/scratch/fiorello/mesoEvo_install_seq/dataset_pores_grid/299/surf_20.0.vtu,1,ok
300,/home/fiorello/init_files_grid/300.dat,/scratch/fiorello/mesoEvo_install_seq/dataset_pores_grid/300,intermediate,5,5,2.5454545454545454,8.0,0.1045,0.6459999999999999,/scratch/fiorello/mesoEvo_install_seq/dataset_pores_grid/300/surf_20.0.vtu,0,ok
301,/home/fiorello/init_files_grid/301.dat,/scratch/fiorello/mesoEvo_install_seq/dataset_pores_grid/301,intermediate,5,5,2.5454545454545454,9.0,0.1045,0.7505,/scratch/fiorello/mesoEvo_install_seq/dataset_pores_grid/301/surf_20.0.vtu,0,ok
302,/home/fiorello/init_files_grid/302.dat,/scratch/fiorello/mesoEvo_install_seq/dataset_pores_grid/302,intermediate,5,5,2.5454545454545454,10.0,0.1045,0.855,/scratch/fiorello/mesoEvo_install_seq/dataset_pores_grid/302/surf_20.0.vtu,0,ok
303,/home/fiorello/init_files_grid/303.dat,/scratch/fiorello/mesoEvo_install_seq/dataset_pores_grid/303,intermediate,5,5,2.5454545454545454,11.0,0.1045,0.9595,/scratch/fiorello/mesoEvo_install_seq/dataset_pores_grid/303/surf_20.0.vtu,5,ok
304,/home/fiorello/init_files_grid/304.dat,/scratch/fiorello/mesoEvo_install_seq/dataset_pores_grid/304,intermediate,5,5,2.5454545454545454,12.0,0.1045,1.064,/scratch/fiorello/mesoEvo_install_seq/dataset_pores_grid/304/surf_20.0.vtu,5,ok
305,/home/fiorello/init_files_grid/305.dat,/scratch/fiorello/mesoEvo_install_seq/dataset_pores_grid/305,intermediate,5,5,2.5454545454545454,13.0,0.1045,1.1685,/scratch/fiorello/mesoEvo_install_seq/dataset_pores_grid/305/surf_20.0.vtu,5,ok
306,/home/fiorello/init_files_grid/306.dat,/scratch/fiorello/mesoEvo_install_seq/dataset_pores_grid/306,intermediate,5,5,2.8181818181818183,8.0,0.09895808,0.6016646400000001,/scratch/fiorello/mesoEvo_install_seq/dataset_pores_grid/306/surf_20.0.vtu,0,ok
307,/home/fiorello/init_files_grid/307.dat,/scratch/fiorello/mesoEvo_install_seq/dataset_pores_grid/307,intermediate,5,5,2.8181818181818183,9.0,0.09895808,0.7006227200000001,/scratch/fiorello/mesoEvo_install_seq/dataset_pores_grid/307/surf_20.0.vtu,0,ok
308,/home/fiorello/init_files_grid/308.dat,/scratch/fiorello/mesoEvo_install_seq/dataset_pores_grid/308,intermediate,5,5,2.8181818181818183,10.0,0.09895808,0.7995808,/scratch/fiorello/mesoEvo_install_seq/dataset_pores_grid/308/surf_20.0.vtu,0,ok
309,/home/fiorello/init_files_grid/309.dat,/scratch/fiorello/mesoEvo_install_seq/dataset_pores_grid/309,intermediate,5,5,2.8181818181818183,11.0,0.09895808,0.89853888,/scratch/fiorello/mesoEvo_install_seq/dataset_pores_grid/309/surf_20.0.vtu,0,ok
310,/home/fiorello/init_files_grid/310.dat,/scratch/fiorello/mesoEvo_install_seq/dataset_pores_grid/310,intermediate,5,5,2.8181818181818183,12.0,0.09895808,0.9974969600000001,/scratch/fiorello/mesoEvo_install_seq/dataset_pores_grid/310/surf_20.0.vtu,5,ok
311,/home/fiorello/init_files_grid/311.dat,/scratch/fiorello/mesoEvo_install_seq/dataset_pores_grid/311,intermediate,5,5,2.8181818181818183,13.0,0.09895808,1.0964550400000002,/scratch/fiorello/mesoEvo_install_seq/dataset_pores_grid/311/surf_20.0.vtu,5,ok
312,/home/fiorello/init_files_grid/312.dat,/scratch/fiorello/mesoEvo_install_seq/dataset_pores_grid/312,intermediate,5,4,3.090909090909091,8.0,0.1045,0.6459999999999999,/scratch/fiorello/mesoEvo_install_seq/dataset_pores_grid/312/surf_20.0.vtu,0,ok
313,/home/fiorello/init_files_grid/313.dat,/scratch/fiorello/mesoEvo_install_seq/dataset_pores_grid/313,intermediate,5,4,3.090909090909091,9.0,0.1045,0.7505,/scratch/fiorello/mesoEvo_install_seq/dataset_pores_grid/313/surf_20.0.vtu,0,ok
314,/home/fiorello/init_files_grid/314.dat,/scratch/fiorello/mesoEvo_install_seq/dataset_pores_grid/314,intermediate,5,4,3.090909090909091,10.0,0.1045,0.855,/scratch/fiorello/mesoEvo_install_seq/dataset_pores_grid/314/surf_20.0.vtu,0,ok
315,/home/fiorello/init_files_grid/315.dat,/scratch/fiorello/mesoEvo_install_seq/dataset_pores_grid/315,intermediate,5,4,3.090909090909091,11.0,0.1045,0.9595,/scratch/fiorello/mesoEvo_install_seq/dataset_pores_grid/315/surf_20.0.vtu,0,ok
316,/home/fiorello/init_files_grid/316.dat,/scratch/fiorello/mesoEvo_install_seq/dataset_pores_grid/316,intermediate,5,4,3.090909090909091,12.0,0.1045,1.064,/scratch/fiorello/mesoEvo_install_seq/dataset_pores_grid/316/surf_20.0.vtu,2,ok
317,/home/fiorello/init_files_grid/317.dat,/scratch/fiorello/mesoEvo_install_seq/dataset_pores_grid/317,intermediate,5,4,3.090909090909091,13.0,0.1045,1.1685,/scratch/fiorello/mesoEvo_install_seq/dataset_pores_grid/317/surf_20.0.vtu,4,ok
318,/home/fiorello/init_files_grid/318.dat,/scratch/fiorello/mesoEvo_install_seq/dataset_pores_grid/318,intermediate,5,4,3.3636363636363633,8.0,0.1045,0.6459999999999999,/scratch/fiorello/mesoEvo_install_seq/dataset_pores_grid/318/surf_20.0.vtu,0,ok
319,/home/fiorello/init_files_grid/319.dat,/scratch/fiorello/mesoEvo_install_seq/dataset_pores_grid/319,intermediate,5,4,3.3636363636363633,9.0,0.1045,0.7505,/scratch/fiorello/mesoEvo_install_seq/dataset_pores_grid/319/surf_20.0.vtu,0,ok
320,/home/fiorello/init_files_grid/320.dat,/scratch/fiorello/mesoEvo_install_seq/dataset_pores_grid/320,intermediate,5,4,3.3636363636363633,10.0,0.1045,0.855,/scratch/fiorello/mesoEvo_install_seq/dataset_pores_grid/320/surf_20.0.vtu,0,ok
321,/home/fiorello/init_files_grid/321.dat,/scratch/fiorello/mesoEvo_install_seq/dataset_pores_grid/321,intermediate,5,4,3.3636363636363633,11.0,0.1045,0.9595,/scratch/fiorello/mesoEvo_install_seq/dataset_pores_grid/321/surf_20.0.vtu,0,ok
322,/home/fiorello/init_files_grid/322.dat,/scratch/fiorello/mesoEvo_install_seq/dataset_pores_grid/322,intermediate,5,4,3.3636363636363633,12.0,0.1045,1.064,/scratch/fiorello/mesoEvo_install_seq/dataset_pores_grid/322/surf_20.0.vtu,0,ok
323,/home/fiorello/init_files_grid/323.dat,/scratch/fiorello/mesoEvo_install_seq/dataset_pores_grid/323,intermediate,5,4,3.3636363636363633,13.0,0.1045,1.1685,/scratch/fiorello/mesoEvo_install_seq/dataset_pores_grid/323/surf_20.0.vtu,4,ok
324,/home/fiorello/init_files_grid/324.dat,/scratch/fiorello/mesoEvo_install_seq/dataset_pores_grid/324,intermediate,5,4,3.6363636363636362,8.0,0.1045,0.6459999999999999,/scratch/fiorello/mesoEvo_install_seq/dataset_pores_grid/324/surf_20.0.vtu,0,ok
325,/home/fiorello/init_files_grid/325.dat,/scratch/fiorello/mesoEvo_install_seq/dataset_pores_grid/325,intermediate,5,4,3.6363636363636362,9.0,0.1045,0.7505,/scratch/fiorello/mesoEvo_install_seq/dataset_pores_grid/325/surf_20.0.vtu,0,ok
326,/home/fiorello/init_files_grid/326.dat,/scratch/fiorello/mesoEvo_install_seq/dataset_pores_grid/326,intermediate,5,4,3.6363636363636362,10.0,0.1045,0.855,/scratch/fiorello/mesoEvo_install_seq/dataset_pores_grid/326/surf_20.0.vtu,0,ok
327,/home/fiorello/init_files_grid/327.dat,/scratch/fiorello/mesoEvo_install_seq/dataset_pores_grid/327,intermediate,5,4,3.6363636363636362,11.0,0.1045,0.9595,/scratch/fiorello/mesoEvo_install_seq/dataset_pores_grid/327/surf_20.0.vtu,0,ok
328,/home/fiorello/init_files_grid/328.dat,/scratch/fiorello/mesoEvo_install_seq/dataset_pores_grid/328,intermediate,5,4,3.6363636363636362,12.0,0.1045,1.064,/scratch/fiorello/mesoEvo_install_seq/dataset_pores_grid/328/surf_20.0.vtu,0,ok
329,/home/fiorello/init_files_grid/329.dat,/scratch/fiorello/mesoEvo_install_seq/dataset_pores_grid/329,intermediate,5,4,3.6363636363636362,13.0,0.1045,1.1685,/scratch/fiorello/mesoEvo_install_seq/dataset_pores_grid/329/surf_20.0.vtu,4,ok
330,/home/fiorello/init_files_grid/330.dat,/scratch/fiorello/mesoEvo_install_seq/dataset_pores_grid/330,intermediate,5,4,3.909090909090909,8.0,0.1045,0.6459999999999999,/scratch/fiorello/mesoEvo_install_seq/dataset_pores_grid/330/surf_20.0.vtu,0,ok
331,/home/fiorello/init_files_grid/331.dat,/scratch/fiorello/mesoEvo_install_seq/dataset_pores_grid/331,intermediate,5,4,3.909090909090909,9.0,0.1045,0.7505,/scratch/fiorello/mesoEvo_install_seq/dataset_pores_grid/331/surf_20.0.vtu,0,ok
332,/home/fiorello/init_files_grid/332.dat,/scratch/fiorello/mesoEvo_install_seq/dataset_pores_grid/332,intermediate,5,4,3.909090909090909,10.0,0.1045,0.855,/scratch/fiorello/mesoEvo_install_seq/dataset_pores_grid/332/surf_20.0.vtu,0,ok
333,/home/fiorello/init_files_grid/333.dat,/scratch/fiorello/mesoEvo_install_seq/dataset_pores_grid/333,intermediate,5,4,3.909090909090909,11.0,0.1045,0.9595,/scratch/fiorello/mesoEvo_install_seq/dataset_pores_grid/333/surf_20.0.vtu,0,ok
334,/home/fiorello/init_files_grid/334.dat,/scratch/fiorello/mesoEvo_install_seq/dataset_pores_grid/334,intermediate,5,4,3.909090909090909,12.0,0.1045,1.064,/scratch/fiorello/mesoEvo_install_seq/dataset_pores_grid/334/surf_20.0.vtu,2,ok
335,/home/fiorello/init_files_grid/335.dat,/scratch/fiorello/mesoEvo_install_seq/dataset_pores_grid/335,intermediate,5,4,3.909090909090909,13.0,0.1045,1.1685,/scratch/fiorello/mesoEvo_install_seq/dataset_pores_grid/335/surf_20.0.vtu,4,ok
336,/home/fiorello/init_files_grid/336.dat,/scratch/fiorello/mesoEvo_install_seq/dataset_pores_grid/336,intermediate,5,4,4.181818181818182,8.0,0.09895808,0.6016646400000001,/scratch/fiorello/mesoEvo_install_seq/dataset_pores_grid/336/surf_20.0.vtu,0,ok
337,/home/fiorello/init_files_grid/337.dat,/scratch/fiorello/mesoEvo_install_seq/dataset_pores_grid/337,intermediate,5,4,4.181818181818182,9.0,0.09895808,0.7006227200000001,/scratch/fiorello/mesoEvo_install_seq/dataset_pores_grid/337/surf_20.0.vtu,0,ok
338,/home/fiorello/init_files_grid/338.dat,/scratch/fiorello/mesoEvo_install_seq/dataset_pores_grid/338,intermediate,5,4,4.181818181818182,10.0,0.09895808,0.7995808,/scratch/fiorello/mesoEvo_install_seq/dataset_pores_grid/338/surf_20.0.vtu,0,ok
339,/home/fiorello/init_files_grid/339.dat,/scratch/fiorello/mesoEvo_install_seq/dataset_pores_grid/339,intermediate,5,4,4.181818181818182,11.0,0.09895808,0.89853888,/scratch/fiorello/mesoEvo_install_seq/dataset_pores_grid/339/surf_20.0.vtu,0,ok
340,/home/fiorello/init_files_grid/340.dat,/scratch/fiorello/mesoEvo_install_seq/dataset_pores_grid/340,intermediate,5,4,4.181818181818182,12.0,0.09895808,0.9974969600000001,/scratch/fiorello/mesoEvo_install_seq/dataset_pores_grid/340/surf_20.0.vtu,0,ok
341,/home/fiorello/init_files_grid/341.dat,/scratch/fiorello/mesoEvo_install_seq/dataset_pores_grid/341,intermediate,5,4,4.181818181818182,13.0,0.09895808,1.0964550400000002,/scratch/fiorello/mesoEvo_install_seq/dataset_pores_grid/341/surf_20.0.vtu,2,ok
342,/home/fiorello/init_files_grid/342.dat,/scratch/fiorello/mesoEvo_install_seq/dataset_pores_grid/342,intermediate,5,3,4.454545454545454,8.0,0.1045,0.6459999999999999,/scratch/fiorello/mesoEvo_install_seq/dataset_pores_grid/342/surf_20.0.vtu,0,ok
343,/home/fiorello/init_files_grid/343.dat,/scratch/fiorello/mesoEvo_install_seq/dataset_pores_grid/343,intermediate,5,3,4.454545454545454,9.0,0.1045,0.7505,/scratch/fiorello/mesoEvo_install_seq/dataset_pores_grid/343/surf_20.0.vtu,0,ok
344,/home/fiorello/init_files_grid/344.dat,/scratch/fiorello/mesoEvo_install_seq/dataset_pores_grid/344,intermediate,5,3,4.454545454545454,10.0,0.1045,0.855,/scratch/fiorello/mesoEvo_install_seq/dataset_pores_grid/344/surf_20.0.vtu,0,ok
345,/home/fiorello/init_files_grid/345.dat,/scratch/fiorello/mesoEvo_install_seq/dataset_pores_grid/345,intermediate,5,3,4.454545454545454,11.0,0.1045,0.9595,/scratch/fiorello/mesoEvo_install_seq/dataset_pores_grid/345/surf_20.0.vtu,0,ok
346,/home/fiorello/init_files_grid/346.dat,/scratch/fiorello/mesoEvo_install_seq/dataset_pores_grid/346,intermediate,5,3,4.454545454545454,12.0,0.1045,1.064,/scratch/fiorello/mesoEvo_install_seq/dataset_pores_grid/346/surf_20.0.vtu,0,ok
347,/home/fiorello/init_files_grid/347.dat,/scratch/fiorello/mesoEvo_install_seq/dataset_pores_grid/347,intermediate,5,3,4.454545454545454,13.0,0.1045,1.1685,/scratch/fiorello/mesoEvo_install_seq/dataset_pores_grid/347/surf_20.0.vtu,0,ok
348,/home/fiorello/init_files_grid/348.dat,/scratch/fiorello/mesoEvo_install_seq/dataset_pores_grid/348,intermediate,5,3,4.727272727272727,8.0,0.1045,0.6459999999999999,/scratch/fiorello/mesoEvo_install_seq/dataset_pores_grid/348/surf_20.0.vtu,0,ok
349,/home/fiorello/init_files_grid/349.dat,/scratch/fiorello/mesoEvo_install_seq/dataset_pores_grid/349,intermediate,5,3,4.727272727272727,9.0,0.1045,0.7505,/scratch/fiorello/mesoEvo_install_seq/dataset_pores_grid/349/surf_20.0.vtu,0,ok
350,/home/fiorello/init_files_grid/350.dat,/scratch/fiorello/mesoEvo_install_seq/dataset_pores_grid/350,intermediate,5,3,4.727272727272727,10.0,0.1045,0.855,/scratch/fiorello/mesoEvo_install_seq/dataset_pores_grid/350/surf_20.0.vtu,0,ok
351,/home/fiorello/init_files_grid/351.dat,/scratch/fiorello/mesoEvo_install_seq/dataset_pores_grid/351,intermediate,5,3,4.727272727272727,11.0,0.1045,0.9595,/scratch/fiorello/mesoEvo_install_seq/dataset_pores_grid/351/surf_20.0.vtu,0,ok
352,/home/fiorello/init_files_grid/352.dat,/scratch/fiorello/mesoEvo_install_seq/dataset_pores_grid/352,intermediate,5,3,4.727272727272727,12.0,0.1045,1.064,/scratch/fiorello/mesoEvo_install_seq/dataset_pores_grid/352/surf_20.0.vtu,0,ok
353,/home/fiorello/init_files_grid/353.dat,/scratch/fiorello/mesoEvo_install_seq/dataset_pores_grid/353,intermediate,5,3,4.727272727272727,13.0,0.1045,1.1685,/scratch/fiorello/mesoEvo_install_seq/dataset_pores_grid/353/surf_20.0.vtu,0,ok
354,/home/fiorello/init_files_grid/354.dat,/scratch/fiorello/mesoEvo_install_seq/dataset_pores_grid/354,intermediate,5,3,5.0,8.0,0.1045,0.6459999999999999,/scratch/fiorello/mesoEvo_install_seq/dataset_pores_grid/354/surf_20.0.vtu,0,ok
355,/home/fiorello/init_files_grid/355.dat,/scratch/fiorello/mesoEvo_install_seq/dataset_pores_grid/355,intermediate,5,3,5.0,9.0,0.1045,0.7505,/scratch/fiorello/mesoEvo_install_seq/dataset_pores_grid/355/surf_20.0.vtu,0,ok
356,/home/fiorello/init_files_grid/356.dat,/scratch/fiorello/mesoEvo_install_seq/dataset_pores_grid/356,intermediate,5,3,5.0,10.0,0.1045,0.855,/scratch/fiorello/mesoEvo_install_seq/dataset_pores_grid/356/surf_20.0.vtu,0,ok
357,/home/fiorello/init_files_grid/357.dat,/scratch/fiorello/mesoEvo_install_seq/dataset_pores_grid/357,intermediate,5,3,5.0,11.0,0.1045,0.9595,/scratch/fiorello/mesoEvo_install_seq/dataset_pores_grid/357/surf_20.0.vtu,0,ok
358,/home/fiorello/init_files_grid/358.dat,/scratch/fiorello/mesoEvo_install_seq/dataset_pores_grid/358,intermediate,5,3,5.0,12.0,0.1045,1.064,/scratch/fiorello/mesoEvo_install_seq/dataset_pores_grid/358/surf_20.0.vtu,0,ok
359,/home/fiorello/init_files_grid/359.dat,/scratch/fiorello/mesoEvo_install_seq/dataset_pores_grid/359,intermediate,5,3,5.0,13.0,0.1045,1.1685,/scratch/fiorello/mesoEvo_install_seq/dataset_pores_grid/359/surf_20.0.vtu,0,ok
360,/home/fiorello/init_files_grid/360.dat,/scratch/fiorello/mesoEvo_install_seq/dataset_pores_grid/360,intermediate,6,6,2.0,8.0,0.09895808,0.6016646400000001,/scratch/fiorello/mesoEvo_install_seq/dataset_pores_grid/360/surf_20.0.vtu,0,ok
361,/home/fiorello/init_files_grid/361.dat,/scratch/fiorello/mesoEvo_install_seq/dataset_pores_grid/361,intermediate,6,6,2.0,9.0,0.09895808,0.7006227200000001,/scratch/fiorello/mesoEvo_install_seq/dataset_pores_grid/361/surf_20.0.vtu,0,ok
362,/home/fiorello/init_files_grid/362.dat,/scratch/fiorello/mesoEvo_install_seq/dataset_pores_grid/362,intermediate,6,6,2.0,10.0,0.09895808,0.7995808,/scratch/fiorello/mesoEvo_install_seq/dataset_pores_grid/362/surf_20.0.vtu,4,ok
363,/home/fiorello/init_files_grid/363.dat,/scratch/fiorello/mesoEvo_install_seq/dataset_pores_grid/363,intermediate,6,6,2.0,11.0,0.09895808,0.89853888,/scratch/fiorello/mesoEvo_install_seq/dataset_pores_grid/363/surf_20.0.vtu,1,ok
364,/home/fiorello/init_files_grid/364.dat,/scratch/fiorello/mesoEvo_install_seq/dataset_pores_grid/364,intermediate,6,6,2.0,12.0,0.09895808,0.9974969600000001,/scratch/fiorello/mesoEvo_install_seq/dataset_pores_grid/364/surf_20.0.vtu,1,ok
365,/home/fiorello/init_files_grid/365.dat,/scratch/fiorello/mesoEvo_install_seq/dataset_pores_grid/365,intermediate,6,6,2.0,13.0,0.09895808,1.0964550400000002,/scratch/fiorello/mesoEvo_install_seq/dataset_pores_grid/365/surf_20.0.vtu,1,ok
366,/home/fiorello/init_files_grid/366.dat,/scratch/fiorello/mesoEvo_install_seq/dataset_pores_grid/366,intermediate,6,5,2.2727272727272725,8.0,0.1045,0.6459999999999999,/scratch/fiorello/mesoEvo_install_seq/dataset_pores_grid/366/surf_20.0.vtu,0,ok
367,/home/fiorello/init_files_grid/367.dat,/scratch/fiorello/mesoEvo_install_seq/dataset_pores_grid/367,intermediate,6,5,2.2727272727272725,9.0,0.1045,0.7505,/scratch/fiorello/mesoEvo_install_seq/dataset_pores_grid/367/surf_20.0.vtu,0,ok
368,/home/fiorello/init_files_grid/368.dat,/scratch/fiorello/mesoEvo_install_seq/dataset_pores_grid/368,intermediate,6,5,2.2727272727272725,10.0,0.1045,0.855,/scratch/fiorello/mesoEvo_install_seq/dataset_pores_grid/368/surf_20.0.vtu,0,ok
369,/home/fiorello/init_files_grid/369.dat,/scratch/fiorello/mesoEvo_install_seq/dataset_pores_grid/369,intermediate,6,5,2.2727272727272725,11.0,0.1045,0.9595,/scratch/fiorello/mesoEvo_install_seq/dataset_pores_grid/369/surf_20.0.vtu,3,ok
370,/home/fiorello/init_files_grid/370.dat,/scratch/fiorello/mesoEvo_install_seq/dataset_pores_grid/370,intermediate,6,5,2.2727272727272725,12.0,0.1045,1.064,/scratch/fiorello/mesoEvo_install_seq/dataset_pores_grid/370/surf_20.0.vtu,1,ok
371,/home/fiorello/init_files_grid/371.dat,/scratch/fiorello/mesoEvo_install_seq/dataset_pores_grid/371,intermediate,6,5,2.2727272727272725,13.0,0.1045,1.1685,/scratch/fiorello/mesoEvo_install_seq/dataset_pores_grid/371/surf_20.0.vtu,1,ok
372,/home/fiorello/init_files_grid/372.dat,/scratch/fiorello/mesoEvo_install_seq/dataset_pores_grid/372,intermediate,6,5,2.5454545454545454,8.0,0.1045,0.6459999999999999,/scratch/fiorello/mesoEvo_install_seq/dataset_pores_grid/372/surf_20.0.vtu,0,ok
373,/home/fiorello/init_files_grid/373.dat,/scratch/fiorello/mesoEvo_install_seq/dataset_pores_grid/373,intermediate,6,5,2.5454545454545454,9.0,0.1045,0.7505,/scratch/fiorello/mesoEvo_install_seq/dataset_pores_grid/373/surf_20.0.vtu,0,ok
374,/home/fiorello/init_files_grid/374.dat,/scratch/fiorello/mesoEvo_install_seq/dataset_pores_grid/374,intermediate,6,5,2.5454545454545454,10.0,0.1045,0.855,/scratch/fiorello/mesoEvo_install_seq/dataset_pores_grid/374/surf_20.0.vtu,0,ok
375,/home/fiorello/init_files_grid/375.dat,/scratch/fiorello/mesoEvo_install_seq/dataset_pores_grid/375,intermediate,6,5,2.5454545454545454,11.0,0.1045,0.9595,/scratch/fiorello/mesoEvo_install_seq/dataset_pores_grid/375/surf_20.0.vtu,5,ok
376,/home/fiorello/init_files_grid/376.dat,/scratch/fiorello/mesoEvo_install_seq/dataset_pores_grid/376,intermediate,6,5,2.5454545454545454,12.0,0.1045,1.064,/scratch/fiorello/mesoEvo_install_seq/dataset_pores_grid/376/surf_20.0.vtu,5,ok
377,/home/fiorello/init_files_grid/377.dat,/scratch/fiorello/mesoEvo_install_seq/dataset_pores_grid/377,intermediate,6,5,2.5454545454545454,13.0,0.1045,1.1685,/scratch/fiorello/mesoEvo_install_seq/dataset_pores_grid/377/surf_20.0.vtu,5,ok
378,/home/fiorello/init_files_grid/378.dat,/scratch/fiorello/mesoEvo_install_seq/dataset_pores_grid/378,intermediate,6,5,2.8181818181818183,8.0,0.09895808,0.6016646400000001,/scratch/fiorello/mesoEvo_install_seq/dataset_pores_grid/378/surf_20.0.vtu,0,ok
379,/home/fiorello/init_files_grid/379.dat,/scratch/fiorello/mesoEvo_install_seq/dataset_pores_grid/379,intermediate,6,5,2.8181818181818183,9.0,0.09895808,0.7006227200000001,/scratch/fiorello/mesoEvo_install_seq/dataset_pores_grid/379/surf_20.0.vtu,0,ok
380,/home/fiorello/init_files_grid/380.dat,/scratch/fiorello/mesoEvo_install_seq/dataset_pores_grid/380,intermediate,6,5,2.8181818181818183,10.0,0.09895808,0.7995808,/scratch/fiorello/mesoEvo_install_seq/dataset_pores_grid/380/surf_20.0.vtu,0,ok
381,/home/fiorello/init_files_grid/381.dat,/scratch/fiorello/mesoEvo_install_seq/dataset_pores_grid/381,intermediate,6,5,2.8181818181818183,11.0,0.09895808,0.89853888,/scratch/fiorello/mesoEvo_install_seq/dataset_pores_grid/381/surf_20.0.vtu,0,ok
382,/home/fiorello/init_files_grid/382.dat,/scratch/fiorello/mesoEvo_install_seq/dataset_pores_grid/382,intermediate,6,5,2.8181818181818183,12.0,0.09895808,0.9974969600000001,/scratch/fiorello/mesoEvo_install_seq/dataset_pores_grid/382/surf_20.0.vtu,5,ok
383,/home/fiorello/init_files_grid/383.dat,/scratch/fiorello/mesoEvo_install_seq/dataset_pores_grid/383,intermediate,6,5,2.8181818181818183,13.0,0.09895808,1.0964550400000002,/scratch/fiorello/mesoEvo_install_seq/dataset_pores_grid/383/surf_20.0.vtu,5,ok
384,/home/fiorello/init_files_grid/384.dat,/scratch/fiorello/mesoEvo_install_seq/dataset_pores_grid/384,intermediate,6,4,3.090909090909091,8.0,0.1045,0.6459999999999999,/scratch/fiorello/mesoEvo_install_seq/dataset_pores_grid/384/surf_20.0.vtu,0,ok
385,/home/fiorello/init_files_grid/385.dat,/scratch/fiorello/mesoEvo_install_seq/dataset_pores_grid/385,intermediate,6,4,3.090909090909091,9.0,0.1045,0.7505,/scratch/fiorello/mesoEvo_install_seq/dataset_pores_grid/385/surf_20.0.vtu,0,ok
386,/home/fiorello/init_files_grid/386.dat,/scratch/fiorello/mesoEvo_install_seq/dataset_pores_grid/386,intermediate,6,4,3.090909090909091,10.0,0.1045,0.855,/scratch/fiorello/mesoEvo_install_seq/dataset_pores_grid/386/surf_20.0.vtu,0,ok
387,/home/fiorello/init_files_grid/387.dat,/scratch/fiorello/mesoEvo_install_seq/dataset_pores_grid/387,intermediate,6,4,3.090909090909091,11.0,0.1045,0.9595,/scratch/fiorello/mesoEvo_install_seq/dataset_pores_grid/387/surf_20.0.vtu,0,ok
388,/home/fiorello/init_files_grid/388.dat,/scratch/fiorello/mesoEvo_install_seq/dataset_pores_grid/388,intermediate,6,4,3.090909090909091,12.0,0.1045,1.064,/scratch/fiorello/mesoEvo_install_seq/dataset_pores_grid/388/surf_20.0.vtu,2,ok
389,/home/fiorello/init_files_grid/389.dat,/scratch/fiorello/mesoEvo_install_seq/dataset_pores_grid/389,intermediate,6,4,3.090909090909091,13.0,0.1045,1.1685,/scratch/fiorello/mesoEvo_install_seq/dataset_pores_grid/389/surf_20.0.vtu,4,ok
390,/home/fiorello/init_files_grid/390.dat,/scratch/fiorello/mesoEvo_install_seq/dataset_pores_grid/390,intermediate,6,4,3.3636363636363633,8.0,0.1045,0.6459999999999999,/scratch/fiorello/mesoEvo_install_seq/dataset_pores_grid/390/surf_20.0.vtu,0,ok
391,/home/fiorello/init_files_grid/391.dat,/scratch/fiorello/mesoEvo_install_seq/dataset_pores_grid/391,intermediate,6,4,3.3636363636363633,9.0,0.1045,0.7505,/scratch/fiorello/mesoEvo_install_seq/dataset_pores_grid/391/surf_20.0.vtu,0,ok
392,/home/fiorello/init_files_grid/392.dat,/scratch/fiorello/mesoEvo_install_seq/dataset_pores_grid/392,intermediate,6,4,3.3636363636363633,10.0,0.1045,0.855,/scratch/fiorello/mesoEvo_install_seq/dataset_pores_grid/392/surf_20.0.vtu,0,ok
393,/home/fiorello/init_files_grid/393.dat,/scratch/fiorello/mesoEvo_install_seq/dataset_pores_grid/393,intermediate,6,4,3.3636363636363633,11.0,0.1045,0.9595,/scratch/fiorello/mesoEvo_install_seq/dataset_pores_grid/393/surf_20.0.vtu,0,ok
394,/home/fiorello/init_files_grid/394.dat,/scratch/fiorello/mesoEvo_install_seq/dataset_pores_grid/394,intermediate,6,4,3.3636363636363633,12.0,0.1045,1.064,/scratch/fiorello/mesoEvo_install_seq/dataset_pores_grid/394/surf_20.0.vtu,0,ok
395,/home/fiorello/init_files_grid/395.dat,/scratch/fiorello/mesoEvo_install_seq/dataset_pores_grid/395,intermediate,6,4,3.3636363636363633,13.0,0.1045,1.1685,/scratch/fiorello/mesoEvo_install_seq/dataset_pores_grid/395/surf_20.0.vtu,4,ok
396,/home/fiorello/init_files_grid/396.dat,/scratch/fiorello/mesoEvo_install_seq/dataset_pores_grid/396,intermediate,6,4,3.6363636363636362,8.0,0.1045,0.6459999999999999,/scratch/fiorello/mesoEvo_install_seq/dataset_pores_grid/396/surf_20.0.vtu,0,ok
397,/home/fiorello/init_files_grid/397.dat,/scratch/fiorello/mesoEvo_install_seq/dataset_pores_grid/397,intermediate,6,4,3.6363636363636362,9.0,0.1045,0.7505,/scratch/fiorello/mesoEvo_install_seq/dataset_pores_grid/397/surf_20.0.vtu,0,ok
398,/home/fiorello/init_files_grid/398.dat,/scratch/fiorello/mesoEvo_install_seq/dataset_pores_grid/398,intermediate,6,4,3.6363636363636362,10.0,0.1045,0.855,/scratch/fiorello/mesoEvo_install_seq/dataset_pores_grid/398/surf_20.0.vtu,0,ok
399,/home/fiorello/init_files_grid/399.dat,/scratch/fiorello/mesoEvo_install_seq/dataset_pores_grid/399,intermediate,6,4,3.6363636363636362,11.0,0.1045,0.9595,/scratch/fiorello/mesoEvo_install_seq/dataset_pores_grid/399/surf_20.0.vtu,0,ok
400,/home/fiorello/init_files_grid/400.dat,/scratch/fiorello/mesoEvo_install_seq/dataset_pores_grid/400,intermediate,6,4,3.6363636363636362,12.0,0.1045,1.064,/scratch/fiorello/mesoEvo_install_seq/dataset_pores_grid/400/surf_20.0.vtu,0,ok
401,/home/fiorello/init_files_grid/401.dat,/scratch/fiorello/mesoEvo_install_seq/dataset_pores_grid/401,intermediate,6,4,3.6363636363636362,13.0,0.1045,1.1685,/scratch/fiorello/mesoEvo_install_seq/dataset_pores_grid/401/surf_20.0.vtu,4,ok
402,/home/fiorello/init_files_grid/402.dat,/scratch/fiorello/mesoEvo_install_seq/dataset_pores_grid/402,intermediate,6,4,3.909090909090909,8.0,0.1045,0.6459999999999999,/scratch/fiorello/mesoEvo_install_seq/dataset_pores_grid/402/surf_20.0.vtu,0,ok
403,/home/fiorello/init_files_grid/403.dat,/scratch/fiorello/mesoEvo_install_seq/dataset_pores_grid/403,intermediate,6,4,3.909090909090909,9.0,0.1045,0.7505,/scratch/fiorello/mesoEvo_install_seq/dataset_pores_grid/403/surf_20.0.vtu,0,ok
404,/home/fiorello/init_files_grid/404.dat,/scratch/fiorello/mesoEvo_install_seq/dataset_pores_grid/404,intermediate,6,4,3.909090909090909,10.0,0.1045,0.855,/scratch/fiorello/mesoEvo_install_seq/dataset_pores_grid/404/surf_20.0.vtu,0,ok
405,/home/fiorello/init_files_grid/405.dat,/scratch/fiorello/mesoEvo_install_seq/dataset_pores_grid/405,intermediate,6,4,3.909090909090909,11.0,0.1045,0.9595,/scratch/fiorello/mesoEvo_install_seq/dataset_pores_grid/405/surf_20.0.vtu,0,ok
406,/home/fiorello/init_files_grid/406.dat,/scratch/fiorello/mesoEvo_install_seq/dataset_pores_grid/406,intermediate,6,4,3.909090909090909,12.0,0.1045,1.064,/scratch/fiorello/mesoEvo_install_seq/dataset_pores_grid/406/surf_20.0.vtu,2,ok
407,/home/fiorello/init_files_grid/407.dat,/scratch/fiorello/mesoEvo_install_seq/dataset_pores_grid/407,intermediate,6,4,3.909090909090909,13.0,0.1045,1.1685,/scratch/fiorello/mesoEvo_install_seq/dataset_pores_grid/407/surf_20.0.vtu,4,ok
408,/home/fiorello/init_files_grid/408.dat,/scratch/fiorello/mesoEvo_install_seq/dataset_pores_grid/408,intermediate,6,4,4.181818181818182,8.0,0.09895808,0.6016646400000001,/scratch/fiorello/mesoEvo_install_seq/dataset_pores_grid/408/surf_20.0.vtu,0,ok
409,/home/fiorello/init_files_grid/409.dat,/scratch/fiorello/mesoEvo_install_seq/dataset_pores_grid/409,intermediate,6,4,4.181818181818182,9.0,0.09895808,0.7006227200000001,/scratch/fiorello/mesoEvo_install_seq/dataset_pores_grid/409/surf_20.0.vtu,0,ok
410,/home/fiorello/init_files_grid/410.dat,/scratch/fiorello/mesoEvo_install_seq/dataset_pores_grid/410,intermediate,6,4,4.181818181818182,10.0,0.09895808,0.7995808,/scratch/fiorello/mesoEvo_install_seq/dataset_pores_grid/410/surf_20.0.vtu,0,ok
411,/home/fiorello/init_files_grid/411.dat,/scratch/fiorello/mesoEvo_install_seq/dataset_pores_grid/411,intermediate,6,4,4.181818181818182,11.0,0.09895808,0.89853888,/scratch/fiorello/mesoEvo_install_seq/dataset_pores_grid/411/surf_20.0.vtu,0,ok
412,/home/fiorello/init_files_grid/412.dat,/scratch/fiorello/mesoEvo_install_seq/dataset_pores_grid/412,intermediate,6,4,4.181818181818182,12.0,0.09895808,0.9974969600000001,/scratch/fiorello/mesoEvo_install_seq/dataset_pores_grid/412/surf_20.0.vtu,0,ok
413,/home/fiorello/init_files_grid/413.dat,/scratch/fiorello/mesoEvo_install_seq/dataset_pores_grid/413,intermediate,6,4,4.181818181818182,13.0,0.09895808,1.0964550400000002,/scratch/fiorello/mesoEvo_install_seq/dataset_pores_grid/413/surf_20.0.vtu,2,ok
414,/home/fiorello/init_files_grid/414.dat,/scratch/fiorello/mesoEvo_install_seq/dataset_pores_grid/414,intermediate,6,3,4.454545454545454,8.0,0.1045,0.6459999999999999,/scratch/fiorello/mesoEvo_install_seq/dataset_pores_grid/414/surf_20.0.vtu,0,ok
415,/home/fiorello/init_files_grid/415.dat,/scratch/fiorello/mesoEvo_install_seq/dataset_pores_grid/415,intermediate,6,3,4.454545454545454,9.0,0.1045,0.7505,/scratch/fiorello/mesoEvo_install_seq/dataset_pores_grid/415/surf_20.0.vtu,0,ok
416,/home/fiorello/init_files_grid/416.dat,/scratch/fiorello/mesoEvo_install_seq/dataset_pores_grid/416,intermediate,6,3,4.454545454545454,10.0,0.1045,0.855,/scratch/fiorello/mesoEvo_install_seq/dataset_pores_grid/416/surf_20.0.vtu,0,ok
417,/home/fiorello/init_files_grid/417.dat,/scratch/fiorello/mesoEvo_install_seq/dataset_pores_grid/417,intermediate,6,3,4.454545454545454,11.0,0.1045,0.9595,/scratch/fiorello/mesoEvo_install_seq/dataset_pores_grid/417/surf_20.0.vtu,0,ok
418,/home/fiorello/init_files_grid/418.dat,/scratch/fiorello/mesoEvo_install_seq/dataset_pores_grid/418,intermediate,6,3,4.454545454545454,12.0,0.1045,1.064,/scratch/fiorello/mesoEvo_install_seq/dataset_pores_grid/418/surf_20.0.vtu,0,ok
419,/home/fiorello/init_files_grid/419.dat,/scratch/fiorello/mesoEvo_install_seq/dataset_pores_grid/419,intermediate,6,3,4.454545454545454,13.0,0.1045,1.1685,/scratch/fiorello/mesoEvo_install_seq/dataset_pores_grid/419/surf_20.0.vtu,0,ok
420,/home/fiorello/init_files_grid/420.dat,/scratch/fiorello/mesoEvo_install_seq/dataset_pores_grid/420,intermediate,6,3,4.727272727272727,8.0,0.1045,0.6459999999999999,/scratch/fiorello/mesoEvo_install_seq/dataset_pores_grid/420/surf_20.0.vtu,0,ok
421,/home/fiorello/init_files_grid/421.dat,/scratch/fiorello/mesoEvo_install_seq/dataset_pores_grid/421,intermediate,6,3,4.727272727272727,9.0,0.1045,0.7505,/scratch/fiorello/mesoEvo_install_seq/dataset_pores_grid/421/surf_20.0.vtu,0,ok
422,/home/fiorello/init_files_grid/422.dat,/scratch/fiorello/mesoEvo_install_seq/dataset_pores_grid/422,intermediate,6,3,4.727272727272727,10.0,0.1045,0.855,/scratch/fiorello/mesoEvo_install_seq/dataset_pores_grid/422/surf_20.0.vtu,0,ok
423,/home/fiorello/init_files_grid/423.dat,/scratch/fiorello/mesoEvo_install_seq/dataset_pores_grid/423,intermediate,6,3,4.727272727272727,11.0,0.1045,0.9595,/scratch/fiorello/mesoEvo_install_seq/dataset_pores_grid/423/surf_20.0.vtu,0,ok
424,/home/fiorello/init_files_grid/424.dat,/scratch/fiorello/mesoEvo_install_seq/dataset_pores_grid/424,intermediate,6,3,4.727272727272727,12.0,0.1045,1.064,/scratch/fiorello/mesoEvo_install_seq/dataset_pores_grid/424/surf_20.0.vtu,0,ok
425,/home/fiorello/init_files_grid/425.dat,/scratch/fiorello/mesoEvo_install_seq/dataset_pores_grid/425,intermediate,6,3,4.727272727272727,13.0,0.1045,1.1685,/scratch/fiorello/mesoEvo_install_seq/dataset_pores_grid/425/surf_20.0.vtu,0,ok
426,/home/fiorello/init_files_grid/426.dat,/scratch/fiorello/mesoEvo_install_seq/dataset_pores_grid/426,intermediate,6,3,5.0,8.0,0.1045,0.6459999999999999,/scratch/fiorello/mesoEvo_install_seq/dataset_pores_grid/426/surf_20.0.vtu,0,ok
427,/home/fiorello/init_files_grid/427.dat,/scratch/fiorello/mesoEvo_install_seq/dataset_pores_grid/427,intermediate,6,3,5.0,9.0,0.1045,0.7505,/scratch/fiorello/mesoEvo_install_seq/dataset_pores_grid/427/surf_20.0.vtu,0,ok
428,/home/fiorello/init_files_grid/428.dat,/scratch/fiorello/mesoEvo_install_seq/dataset_pores_grid/428,intermediate,6,3,5.0,10.0,0.1045,0.855,/scratch/fiorello/mesoEvo_install_seq/dataset_pores_grid/428/surf_20.0.vtu,0,ok
429,/home/fiorello/init_files_grid/429.dat,/scratch/fiorello/mesoEvo_install_seq/dataset_pores_grid/429,intermediate,6,3,5.0,11.0,0.1045,0.9595,/scratch/fiorello/mesoEvo_install_seq/dataset_pores_grid/429/surf_20.0.vtu,0,ok
430,/home/fiorello/init_files_grid/430.dat,/scratch/fiorello/mesoEvo_install_seq/dataset_pores_grid/430,intermediate,6,3,5.0,12.0,0.1045,1.064,/scratch/fiorello/mesoEvo_install_seq/dataset_pores_grid/430/surf_20.0.vtu,0,ok
431,/home/fiorello/init_files_grid/431.dat,/scratch/fiorello/mesoEvo_install_seq/dataset_pores_grid/431,intermediate,6,3,5.0,13.0,0.1045,1.1685,/scratch/fiorello/mesoEvo_install_seq/dataset_pores_grid/431/surf_20.0.vtu,0,ok
432,/home/fiorello/init_files_grid/432.dat,/scratch/fiorello/mesoEvo_install_seq/dataset_pores_grid/432,intermediate,7,6,2.0,8.0,0.09895808,0.6016646400000001,/scratch/fiorello/mesoEvo_install_seq/dataset_pores_grid/432/surf_20.0.vtu,0,ok
433,/home/fiorello/init_files_grid/433.dat,/scratch/fiorello/mesoEvo_install_seq/dataset_pores_grid/433,intermediate,7,6,2.0,9.0,0.09895808,0.7006227200000001,/scratch/fiorello/mesoEvo_install_seq/dataset_pores_grid/433/surf_20.0.vtu,0,ok
434,/home/fiorello/init_files_grid/434.dat,/scratch/fiorello/mesoEvo_install_seq/dataset_pores_grid/434,intermediate,7,6,2.0,10.0,0.09895808,0.7995808,/scratch/fiorello/mesoEvo_install_seq/dataset_pores_grid/434/surf_20.0.vtu,4,ok
435,/home/fiorello/init_files_grid/435.dat,/scratch/fiorello/mesoEvo_install_seq/dataset_pores_grid/435,intermediate,7,6,2.0,11.0,0.09895808,0.89853888,/scratch/fiorello/mesoEvo_install_seq/dataset_pores_grid/435/surf_20.0.vtu,1,ok
436,/home/fiorello/init_files_grid/436.dat,/scratch/fiorello/mesoEvo_install_seq/dataset_pores_grid/436,intermediate,7,6,2.0,12.0,0.09895808,0.9974969600000001,/scratch/fiorello/mesoEvo_install_seq/dataset_pores_grid/436/surf_20.0.vtu,1,ok
437,/home/fiorello/init_files_grid/437.dat,/scratch/fiorello/mesoEvo_install_seq/dataset_pores_grid/437,intermediate,7,6,2.0,13.0,0.09895808,1.0964550400000002,/scratch/fiorello/mesoEvo_install_seq/dataset_pores_grid/437/surf_20.0.vtu,1,ok
438,/home/fiorello/init_files_grid/438.dat,/scratch/fiorello/mesoEvo_install_seq/dataset_pores_grid/438,intermediate,7,5,2.2727272727272725,8.0,0.1045,0.6459999999999999,/scratch/fiorello/mesoEvo_install_seq/dataset_pores_grid/438/surf_20.0.vtu,0,ok
439,/home/fiorello/init_files_grid/439.dat,/scratch/fiorello/mesoEvo_install_seq/dataset_pores_grid/439,intermediate,7,5,2.2727272727272725,9.0,0.1045,0.7505,/scratch/fiorello/mesoEvo_install_seq/dataset_pores_grid/439/surf_20.0.vtu,0,ok
440,/home/fiorello/init_files_grid/440.dat,/scratch/fiorello/mesoEvo_install_seq/dataset_pores_grid/440,intermediate,7,5,2.2727272727272725,10.0,0.1045,0.855,/scratch/fiorello/mesoEvo_install_seq/dataset_pores_grid/440/surf_20.0.vtu,0,ok
441,/home/fiorello/init_files_grid/441.dat,/scratch/fiorello/mesoEvo_install_seq/dataset_pores_grid/441,intermediate,7,5,2.2727272727272725,11.0,0.1045,0.9595,/scratch/fiorello/mesoEvo_install_seq/dataset_pores_grid/441/surf_20.0.vtu,3,ok
442,/home/fiorello/init_files_grid/442.dat,/scratch/fiorello/mesoEvo_install_seq/dataset_pores_grid/442,intermediate,7,5,2.2727272727272725,12.0,0.1045,1.064,/scratch/fiorello/mesoEvo_install_seq/dataset_pores_grid/442/surf_20.0.vtu,1,ok
443,/home/fiorello/init_files_grid/443.dat,/scratch/fiorello/mesoEvo_install_seq/dataset_pores_grid/443,intermediate,7,5,2.2727272727272725,13.0,0.1045,1.1685,/scratch/fiorello/mesoEvo_install_seq/dataset_pores_grid/443/surf_20.0.vtu,1,ok
444,/home/fiorello/init_files_grid/444.dat,/scratch/fiorello/mesoEvo_install_seq/dataset_pores_grid/444,intermediate,7,5,2.5454545454545454,8.0,0.1045,0.6459999999999999,/scratch/fiorello/mesoEvo_install_seq/dataset_pores_grid/444/surf_20.0.vtu,0,ok
445,/home/fiorello/init_files_grid/445.dat,/scratch/fiorello/mesoEvo_install_seq/dataset_pores_grid/445,intermediate,7,5,2.5454545454545454,9.0,0.1045,0.7505,/scratch/fiorello/mesoEvo_install_seq/dataset_pores_grid/445/surf_20.0.vtu,0,ok
446,/home/fiorello/init_files_grid/446.dat,/scratch/fiorello/mesoEvo_install_seq/dataset_pores_grid/446,intermediate,7,5,2.5454545454545454,10.0,0.1045,0.855,/scratch/fiorello/mesoEvo_install_seq/dataset_pores_grid/446/surf_20.0.vtu,0,ok
447,/home/fiorello/init_files_grid/447.dat,/scratch/fiorello/mesoEvo_install_seq/dataset_pores_grid/447,intermediate,7,5,2.5454545454545454,11.0,0.1045,0.9595,/scratch/fiorello/mesoEvo_install_seq/dataset_pores_grid/447/surf_20.0.vtu,5,ok
448,/home/fiorello/init_files_grid/448.dat,/scratch/fiorello/mesoEvo_install_seq/dataset_pores_grid/448,intermediate,7,5,2.5454545454545454,12.0,0.1045,1.064,/scratch/fiorello/mesoEvo_install_seq/dataset_pores_grid/448/surf_20.0.vtu,5,ok
449,/home/fiorello/init_files_grid/449.dat,/scratch/fiorello/mesoEvo_install_seq/dataset_pores_grid/449,intermediate,7,5,2.5454545454545454,13.0,0.1045,1.1685,/scratch/fiorello/mesoEvo_install_seq/dataset_pores_grid/449/surf_20.0.vtu,5,ok
450,/home/fiorello/init_files_grid/450.dat,/scratch/fiorello/mesoEvo_install_seq/dataset_pores_grid/450,intermediate,7,5,2.8181818181818183,8.0,0.09895808,0.6016646400000001,/scratch/fiorello/mesoEvo_install_seq/dataset_pores_grid/450/surf_20.0.vtu,0,ok
451,/home/fiorello/init_files_grid/451.dat,/scratch/fiorello/mesoEvo_install_seq/dataset_pores_grid/451,intermediate,7,5,2.8181818181818183,9.0,0.09895808,0.7006227200000001,/scratch/fiorello/mesoEvo_install_seq/dataset_pores_grid/451/surf_20.0.vtu,0,ok
452,/home/fiorello/init_files_grid/452.dat,/scratch/fiorello/mesoEvo_install_seq/dataset_pores_grid/452,intermediate,7,5,2.8181818181818183,10.0,0.09895808,0.7995808,/scratch/fiorello/mesoEvo_install_seq/dataset_pores_grid/452/surf_20.0.vtu,0,ok
453,/home/fiorello/init_files_grid/453.dat,/scratch/fiorello/mesoEvo_install_seq/dataset_pores_grid/453,intermediate,7,5,2.8181818181818183,11.0,0.09895808,0.89853888,/scratch/fiorello/mesoEvo_install_seq/dataset_pores_grid/453/surf_20.0.vtu,0,ok
454,/home/fiorello/init_files_grid/454.dat,/scratch/fiorello/mesoEvo_install_seq/dataset_pores_grid/454,intermediate,7,5,2.8181818181818183,12.0,0.09895808,0.9974969600000001,/scratch/fiorello/mesoEvo_install_seq/dataset_pores_grid/454/surf_20.0.vtu,5,ok
455,/home/fiorello/init_files_grid/455.dat,/scratch/fiorello/mesoEvo_install_seq/dataset_pores_grid/455,intermediate,7,5,2.8181818181818183,13.0,0.09895808,1.0964550400000002,/scratch/fiorello/mesoEvo_install_seq/dataset_pores_grid/455/surf_20.0.vtu,5,ok
456,/home/fiorello/init_files_grid/456.dat,/scratch/fiorello/mesoEvo_install_seq/dataset_pores_grid/456,intermediate,7,4,3.090909090909091,8.0,0.1045,0.6459999999999999,/scratch/fiorello/mesoEvo_install_seq/dataset_pores_grid/456/surf_20.0.vtu,0,ok
457,/home/fiorello/init_files_grid/457.dat,/scratch/fiorello/mesoEvo_install_seq/dataset_pores_grid/457,intermediate,7,4,3.090909090909091,9.0,0.1045,0.7505,/scratch/fiorello/mesoEvo_install_seq/dataset_pores_grid/457/surf_20.0.vtu,0,ok
458,/home/fiorello/init_files_grid/458.dat,/scratch/fiorello/mesoEvo_install_seq/dataset_pores_grid/458,intermediate,7,4,3.090909090909091,10.0,0.1045,0.855,/scratch/fiorello/mesoEvo_install_seq/dataset_pores_grid/458/surf_20.0.vtu,0,ok
459,/home/fiorello/init_files_grid/459.dat,/scratch/fiorello/mesoEvo_install_seq/dataset_pores_grid/459,intermediate,7,4,3.090909090909091,11.0,0.1045,0.9595,/scratch/fiorello/mesoEvo_install_seq/dataset_pores_grid/459/surf_20.0.vtu,0,ok
460,/home/fiorello/init_files_grid/460.dat,/scratch/fiorello/mesoEvo_install_seq/dataset_pores_grid/460,intermediate,7,4,3.090909090909091,12.0,0.1045,1.064,/scratch/fiorello/mesoEvo_install_seq/dataset_pores_grid/460/surf_20.0.vtu,2,ok
461,/home/fiorello/init_files_grid/461.dat,/scratch/fiorello/mesoEvo_install_seq/dataset_pores_grid/461,intermediate,7,4,3.090909090909091,13.0,0.1045,1.1685,/scratch/fiorello/mesoEvo_install_seq/dataset_pores_grid/461/surf_20.0.vtu,4,ok
462,/home/fiorello/init_files_grid/462.dat,/scratch/fiorello/mesoEvo_install_seq/dataset_pores_grid/462,intermediate,7,4,3.3636363636363633,8.0,0.1045,0.6459999999999999,/scratch/fiorello/mesoEvo_install_seq/dataset_pores_grid/462/surf_20.0.vtu,0,ok
463,/home/fiorello/init_files_grid/463.dat,/scratch/fiorello/mesoEvo_install_seq/dataset_pores_grid/463,intermediate,7,4,3.3636363636363633,9.0,0.1045,0.7505,/scratch/fiorello/mesoEvo_install_seq/dataset_pores_grid/463/surf_20.0.vtu,0,ok
464,/home/fiorello/init_files_grid/464.dat,/scratch/fiorello/mesoEvo_install_seq/dataset_pores_grid/464,intermediate,7,4,3.3636363636363633,10.0,0.1045,0.855,/scratch/fiorello/mesoEvo_install_seq/dataset_pores_grid/464/surf_20.0.vtu,0,ok
465,/home/fiorello/init_files_grid/465.dat,/scratch/fiorello/mesoEvo_install_seq/dataset_pores_grid/465,intermediate,7,4,3.3636363636363633,11.0,0.1045,0.9595,/scratch/fiorello/mesoEvo_install_seq/dataset_pores_grid/465/surf_20.0.vtu,0,ok
466,/home/fiorello/init_files_grid/466.dat,/scratch/fiorello/mesoEvo_install_seq/dataset_pores_grid/466,intermediate,7,4,3.3636363636363633,12.0,0.1045,1.064,/scratch/fiorello/mesoEvo_install_seq/dataset_pores_grid/466/surf_20.0.vtu,0,ok
467,/home/fiorello/init_files_grid/467.dat,/scratch/fiorello/mesoEvo_install_seq/dataset_pores_grid/467,intermediate,7,4,3.3636363636363633,13.0,0.1045,1.1685,/scratch/fiorello/mesoEvo_install_seq/dataset_pores_grid/467/surf_20.0.vtu,4,ok
468,/home/fiorello/init_files_grid/468.dat,/scratch/fiorello/mesoEvo_install_seq/dataset_pores_grid/468,intermediate,7,4,3.6363636363636362,8.0,0.1045,0.6459999999999999,/scratch/fiorello/mesoEvo_install_seq/dataset_pores_grid/468/surf_20.0.vtu,0,ok
469,/home/fiorello/init_files_grid/469.dat,/scratch/fiorello/mesoEvo_install_seq/dataset_pores_grid/469,intermediate,7,4,3.6363636363636362,9.0,0.1045,0.7505,/scratch/fiorello/mesoEvo_install_seq/dataset_pores_grid/469/surf_20.0.vtu,0,ok
470,/home/fiorello/init_files_grid/470.dat,/scratch/fiorello/mesoEvo_install_seq/dataset_pores_grid/470,intermediate,7,4,3.6363636363636362,10.0,0.1045,0.855,/scratch/fiorello/mesoEvo_install_seq/dataset_pores_grid/470/surf_20.0.vtu,0,ok
471,/home/fiorello/init_files_grid/471.dat,/scratch/fiorello/mesoEvo_install_seq/dataset_pores_grid/471,intermediate,7,4,3.6363636363636362,11.0,0.1045,0.9595,/scratch/fiorello/mesoEvo_install_seq/dataset_pores_grid/471/surf_20.0.vtu,0,ok
472,/home/fiorello/init_files_grid/472.dat,/scratch/fiorello/mesoEvo_install_seq/dataset_pores_grid/472,intermediate,7,4,3.6363636363636362,12.0,0.1045,1.064,/scratch/fiorello/mesoEvo_install_seq/dataset_pores_grid/472/surf_20.0.vtu,0,ok
473,/home/fiorello/init_files_grid/473.dat,/scratch/fiorello/mesoEvo_install_seq/dataset_pores_grid/473,intermediate,7,4,3.6363636363636362,13.0,0.1045,1.1685,/scratch/fiorello/mesoEvo_install_seq/dataset_pores_grid/473/surf_20.0.vtu,4,ok
474,/home/fiorello/init_files_grid/474.dat,/scratch/fiorello/mesoEvo_install_seq/dataset_pores_grid/474,intermediate,7,4,3.909090909090909,8.0,0.1045,0.6459999999999999,/scratch/fiorello/mesoEvo_install_seq/dataset_pores_grid/474/surf_20.0.vtu,0,ok
475,/home/fiorello/init_files_grid/475.dat,/scratch/fiorello/mesoEvo_install_seq/dataset_pores_grid/475,intermediate,7,4,3.909090909090909,9.0,0.1045,0.7505,/scratch/fiorello/mesoEvo_install_seq/dataset_pores_grid/475/surf_20.0.vtu,0,ok
476,/home/fiorello/init_files_grid/476.dat,/scratch/fiorello/mesoEvo_install_seq/dataset_pores_grid/476,intermediate,7,4,3.909090909090909,10.0,0.1045,0.855,/scratch/fiorello/mesoEvo_install_seq/dataset_pores_grid/476/surf_20.0.vtu,0,ok
477,/home/fiorello/init_files_grid/477.dat,/scratch/fiorello/mesoEvo_install_seq/dataset_pores_grid/477,intermediate,7,4,3.909090909090909,11.0,0.1045,0.9595,/scratch/fiorello/mesoEvo_install_seq/dataset_pores_grid/477/surf_20.0.vtu,0,ok
478,/home/fiorello/init_files_grid/478.dat,/scratch/fiorello/mesoEvo_install_seq/dataset_pores_grid/478,intermediate,7,4,3.909090909090909,12.0,0.1045,1.064,/scratch/fiorello/mesoEvo_install_seq/dataset_pores_grid/478/surf_20.0.vtu,2,ok
479,/home/fiorello/init_files_grid/479.dat,/scratch/fiorello/mesoEvo_install_seq/dataset_pores_grid/479,intermediate,7,4,3.909090909090909,13.0,0.1045,1.1685,/scratch/fiorello/mesoEvo_install_seq/dataset_pores_grid/479/surf_20.0.vtu,4,ok
480,/home/fiorello/init_files_grid/480.dat,/scratch/fiorello/mesoEvo_install_seq/dataset_pores_grid/480,intermediate,7,4,4.181818181818182,8.0,0.09895808,0.6016646400000001,/scratch/fiorello/mesoEvo_install_seq/dataset_pores_grid/480/surf_20.0.vtu,0,ok
481,/home/fiorello/init_files_grid/481.dat,/scratch/fiorello/mesoEvo_install_seq/dataset_pores_grid/481,intermediate,7,4,4.181818181818182,9.0,0.09895808,0.7006227200000001,/scratch/fiorello/mesoEvo_install_seq/dataset_pores_grid/481/surf_20.0.vtu,0,ok
482,/home/fiorello/init_files_grid/482.dat,/scratch/fiorello/mesoEvo_install_seq/dataset_pores_grid/482,intermediate,7,4,4.181818181818182,10.0,0.09895808,0.7995808,/scratch/fiorello/mesoEvo_install_seq/dataset_pores_grid/482/surf_20.0.vtu,0,ok
483,/home/fiorello/init_files_grid/483.dat,/scratch/fiorello/mesoEvo_install_seq/dataset_pores_grid/483,intermediate,7,4,4.181818181818182,11.0,0.09895808,0.89853888,/scratch/fiorello/mesoEvo_install_seq/dataset_pores_grid/483/surf_20.0.vtu,0,ok
484,/home/fiorello/init_files_grid/484.dat,/scratch/fiorello/mesoEvo_install_seq/dataset_pores_grid/484,intermediate,7,4,4.181818181818182,12.0,0.09895808,0.9974969600000001,/scratch/fiorello/mesoEvo_install_seq/dataset_pores_grid/484/surf_20.0.vtu,0,ok
485,/home/fiorello/init_files_grid/485.dat,/scratch/fiorello/mesoEvo_install_seq/dataset_pores_grid/485,intermediate,7,4,4.181818181818182,13.0,0.09895808,1.0964550400000002,/scratch/fiorello/mesoEvo_install_seq/dataset_pores_grid/485/surf_20.0.vtu,2,ok
486,/home/fiorello/init_files_grid/486.dat,/scratch/fiorello/mesoEvo_install_seq/dataset_pores_grid/486,intermediate,7,3,4.454545454545454,8.0,0.1045,0.6459999999999999,/scratch/fiorello/mesoEvo_install_seq/dataset_pores_grid/486/surf_20.0.vtu,0,ok
487,/home/fiorello/init_files_grid/487.dat,/scratch/fiorello/mesoEvo_install_seq/dataset_pores_grid/487,intermediate,7,3,4.454545454545454,9.0,0.1045,0.7505,/scratch/fiorello/mesoEvo_install_seq/dataset_pores_grid/487/surf_20.0.vtu,0,ok
488,/home/fiorello/init_files_grid/488.dat,/scratch/fiorello/mesoEvo_install_seq/dataset_pores_grid/488,intermediate,7,3,4.454545454545454,10.0,0.1045,0.855,/scratch/fiorello/mesoEvo_install_seq/dataset_pores_grid/488/surf_20.0.vtu,0,ok
489,/home/fiorello/init_files_grid/489.dat,/scratch/fiorello/mesoEvo_install_seq/dataset_pores_grid/489,intermediate,7,3,4.454545454545454,11.0,0.1045,0.9595,/scratch/fiorello/mesoEvo_install_seq/dataset_pores_grid/489/surf_20.0.vtu,0,ok
490,/home/fiorello/init_files_grid/490.dat,/scratch/fiorello/mesoEvo_install_seq/dataset_pores_grid/490,intermediate,7,3,4.454545454545454,12.0,0.1045,1.064,/scratch/fiorello/mesoEvo_install_seq/dataset_pores_grid/490/surf_20.0.vtu,0,ok
491,/home/fiorello/init_files_grid/491.dat,/scratch/fiorello/mesoEvo_install_seq/dataset_pores_grid/491,intermediate,7,3,4.454545454545454,13.0,0.1045,1.1685,/scratch/fiorello/mesoEvo_install_seq/dataset_pores_grid/491/surf_20.0.vtu,0,ok
492,/home/fiorello/init_files_grid/492.dat,/scratch/fiorello/mesoEvo_install_seq/dataset_pores_grid/492,intermediate,7,3,4.727272727272727,8.0,0.1045,0.6459999999999999,/scratch/fiorello/mesoEvo_install_seq/dataset_pores_grid/492/surf_20.0.vtu,0,ok
493,/home/fiorello/init_files_grid/493.dat,/scratch/fiorello/mesoEvo_install_seq/dataset_pores_grid/493,intermediate,7,3,4.727272727272727,9.0,0.1045,0.7505,/scratch/fiorello/mesoEvo_install_seq/dataset_pores_grid/493/surf_20.0.vtu,0,ok
494,/home/fiorello/init_files_grid/494.dat,/scratch/fiorello/mesoEvo_install_seq/dataset_pores_grid/494,intermediate,7,3,4.727272727272727,10.0,0.1045,0.855,/scratch/fiorello/mesoEvo_install_seq/dataset_pores_grid/494/surf_20.0.vtu,0,ok
495,/home/fiorello/init_files_grid/495.dat,/scratch/fiorello/mesoEvo_install_seq/dataset_pores_grid/495,intermediate,7,3,4.727272727272727,11.0,0.1045,0.9595,/scratch/fiorello/mesoEvo_install_seq/dataset_pores_grid/495/surf_20.0.vtu,0,ok
496,/home/fiorello/init_files_grid/496.dat,/scratch/fiorello/mesoEvo_install_seq/dataset_pores_grid/496,intermediate,7,3,4.727272727272727,12.0,0.1045,1.064,/scratch/fiorello/mesoEvo_install_seq/dataset_pores_grid/496/surf_20.0.vtu,0,ok
497,/home/fiorello/init_files_grid/497.dat,/scratch/fiorello/mesoEvo_install_seq/dataset_pores_grid/497,intermediate,7,3,4.727272727272727,13.0,0.1045,1.1685,/scratch/fiorello/mesoEvo_install_seq/dataset_pores_grid/497/surf_20.0.vtu,0,ok
498,/home/fiorello/init_files_grid/498.dat,/scratch/fiorello/mesoEvo_install_seq/dataset_pores_grid/498,intermediate,7,3,5.0,8.0,0.1045,0.6459999999999999,/scratch/fiorello/mesoEvo_install_seq/dataset_pores_grid/498/surf_20.0.vtu,0,ok
499,/home/fiorello/init_files_grid/499.dat,/scratch/fiorello/mesoEvo_install_seq/dataset_pores_grid/499,intermediate,7,3,5.0,9.0,0.1045,0.7505,/scratch/fiorello/mesoEvo_install_seq/dataset_pores_grid/499/surf_20.0.vtu,0,ok
500,/home/fiorello/init_files_grid/500.dat,/scratch/fiorello/mesoEvo_install_seq/dataset_pores_grid/500,intermediate,7,3,5.0,10.0,0.1045,0.855,/scratch/fiorello/mesoEvo_install_seq/dataset_pores_grid/500/surf_20.0.vtu,0,ok
501,/home/fiorello/init_files_grid/501.dat,/scratch/fiorello/mesoEvo_install_seq/dataset_pores_grid/501,intermediate,7,3,5.0,11.0,0.1045,0.9595,/scratch/fiorello/mesoEvo_install_seq/dataset_pores_grid/501/surf_20.0.vtu,0,ok
502,/home/fiorello/init_files_grid/502.dat,/scratch/fiorello/mesoEvo_install_seq/dataset_pores_grid/502,intermediate,7,3,5.0,12.0,0.1045,1.064,/scratch/fiorello/mesoEvo_install_seq/dataset_pores_grid/502/surf_20.0.vtu,0,ok
503,/home/fiorello/init_files_grid/503.dat,/scratch/fiorello/mesoEvo_install_seq/dataset_pores_grid/503,intermediate,7,3,5.0,13.0,0.1045,1.1685,/scratch/fiorello/mesoEvo_install_seq/dataset_pores_grid/503/surf_20.0.vtu,0,ok
